<food xmlns:xsi="http://www.w3.org/2001/XMLSchema-instance" xsi:noNamespaceSchemaLocation="https://xjrga.github.io/schemas/food_v2.xsd">
    <food-id>03085</food-id>
    <food-name>Babyfood, dinner, vegetables and turkey, junior</food-name>
    <carbohydrates-carbs_by_diff>7.55000</carbohydrates-carbs_by_diff>
    <carbohydrates-fiber>0.90000</carbohydrates-fiber>
    <carbohydrates-glycemicindex>0.00000</carbohydrates-glycemicindex>
    <energy-gross>53.00000</energy-gross>
    <fats-cholesterol>4.00000</fats-cholesterol>
    <fats-dha>0.00100</fats-dha>
    <fats-epa>0.00000</fats-epa>
    <fats-lauric>0.00200</fats-lauric>
    <fats-linoleic>0.35500</fats-linoleic>
    <fats-linolenic>0.02100</fats-linolenic>
    <fats-monounsaturated>0.68700</fats-monounsaturated>
    <fats-myristic>0.01000</fats-myristic>
    <fats-palmitic>0.33000</fats-palmitic>
    <fats-polyunsaturated>0.39100</fats-polyunsaturated>
    <fats-saturated>0.48500</fats-saturated>
    <fats-stearic>0.10000</fats-stearic>
    <fats-total>1.74000</fats-total>
    <minerals-calcium>16.00000</minerals-calcium>
    <minerals-copper>0.02000</minerals-copper>
    <minerals-iron>0.36000</minerals-iron>
    <minerals-magnesium>9.00000</minerals-magnesium>
    <minerals-manganese>0.06000</minerals-manganese>
    <minerals-phosphorus>32.00000</minerals-phosphorus>
    <minerals-potassium>98.00000</minerals-potassium>
    <minerals-selenium>1.90000</minerals-selenium>
    <minerals-sodium>45.00000</minerals-sodium>
    <minerals-zinc>0.30000</minerals-zinc>
    <other-alcohol>0.00000</other-alcohol>
    <other-cost>0.0</other-cost>
    <other-water>88.50000</other-water>
    <other-weight>100.00000</other-weight>
    <protein-complete>0.00000</protein-complete>
    <protein-total>1.72000</protein-total>
    <vitamins-choline>9.40000</vitamins-choline>
    <vitamins-folate>7.00000</vitamins-folate>
    <vitamins-niacin>0.53900</vitamins-niacin>
    <vitamins-pantothenic_acid>0.16200</vitamins-pantothenic_acid>
    <vitamins-riboflavin>0.03200</vitamins-riboflavin>
    <vitamins-thiamin>0.02200</vitamins-thiamin>
    <vitamins-vitamin_a>216.00000</vitamins-vitamin_a>
    <vitamins-vitamin_b12>0.01000</vitamins-vitamin_b12>
    <vitamins-vitamin_b6>0.05200</vitamins-vitamin_b6>
    <vitamins-vitamin_c>0.40000</vitamins-vitamin_c>
    <vitamins-vitamin_d>0.00000</vitamins-vitamin_d>
    <vitamins-vitamin_e>0.31000</vitamins-vitamin_e>
    <vitamins-vitamin_k>4.80000</vitamins-vitamin_k>
</food>