<food xmlns:xsi="http://www.w3.org/2001/XMLSchema-instance" xsi:noNamespaceSchemaLocation="https://xjrga.github.io/schemas/food_v2.xsd">
    <food-id>03089</food-id>
    <food-name>Babyfood, dinner, macaroni and cheese, strained</food-name>
    <carbohydrates-carbs_by_diff>8.95000</carbohydrates-carbs_by_diff>
    <carbohydrates-fiber>0.70000</carbohydrates-fiber>
    <carbohydrates-glycemicindex>0.00000</carbohydrates-glycemicindex>
    <energy-gross>67.00000</energy-gross>
    <fats-cholesterol>7.00000</fats-cholesterol>
    <fats-dha>0.00000</fats-dha>
    <fats-epa>0.00000</fats-epa>
    <fats-lauric>0.03000</fats-lauric>
    <fats-linoleic>0.07500</fats-linoleic>
    <fats-linolenic>0.02800</fats-linolenic>
    <fats-monounsaturated>0.58100</fats-monounsaturated>
    <fats-myristic>0.20000</fats-myristic>
    <fats-palmitic>0.60000</fats-palmitic>
    <fats-polyunsaturated>0.10300</fats-polyunsaturated>
    <fats-saturated>1.29100</fats-saturated>
    <fats-stearic>0.24000</fats-stearic>
    <fats-total>2.11000</fats-total>
    <minerals-calcium>66.00000</minerals-calcium>
    <minerals-copper>0.02000</minerals-copper>
    <minerals-iron>0.21000</minerals-iron>
    <minerals-magnesium>8.00000</minerals-magnesium>
    <minerals-manganese>0.09000</minerals-manganese>
    <minerals-phosphorus>86.00000</minerals-phosphorus>
    <minerals-potassium>67.00000</minerals-potassium>
    <minerals-selenium>3.80000</minerals-selenium>
    <minerals-sodium>119.00000</minerals-sodium>
    <minerals-zinc>0.40000</minerals-zinc>
    <other-alcohol>0.00000</other-alcohol>
    <other-cost>0.0</other-cost>
    <other-water>85.25000</other-water>
    <other-weight>100.00000</other-weight>
    <protein-complete>0.00000</protein-complete>
    <protein-total>3.14000</protein-total>
    <vitamins-choline>10.50000</vitamins-choline>
    <vitamins-folate>15.00000</vitamins-folate>
    <vitamins-niacin>0.51600</vitamins-niacin>
    <vitamins-pantothenic_acid>0.17600</vitamins-pantothenic_acid>
    <vitamins-riboflavin>0.07600</vitamins-riboflavin>
    <vitamins-thiamin>0.03800</vitamins-thiamin>
    <vitamins-vitamin_a>15.00000</vitamins-vitamin_a>
    <vitamins-vitamin_b12>0.27000</vitamins-vitamin_b12>
    <vitamins-vitamin_b6>0.03600</vitamins-vitamin_b6>
    <vitamins-vitamin_c>0.10000</vitamins-vitamin_c>
    <vitamins-vitamin_d>0.00000</vitamins-vitamin_d>
    <vitamins-vitamin_e>0.02000</vitamins-vitamin_e>
    <vitamins-vitamin_k>0.20000</vitamins-vitamin_k>
</food>