<food xmlns:xsi="http://www.w3.org/2001/XMLSchema-instance" xsi:noNamespaceSchemaLocation="https://xjrga.github.io/schemas/food_v2.xsd">
    <food-id>03076</food-id>
    <food-name>Babyfood, dinner, vegetables, noodles and chicken, junior</food-name>
    <carbohydrates-carbs_by_diff>9.10000</carbohydrates-carbs_by_diff>
    <carbohydrates-fiber>1.10000</carbohydrates-fiber>
    <carbohydrates-glycemicindex>0.00000</carbohydrates-glycemicindex>
    <energy-gross>64.00000</energy-gross>
    <fats-cholesterol>0.00000</fats-cholesterol>
    <fats-dha>0.00000</fats-dha>
    <fats-epa>0.00000</fats-epa>
    <fats-lauric>0.00000</fats-lauric>
    <fats-linoleic>0.00000</fats-linoleic>
    <fats-linolenic>0.00000</fats-linolenic>
    <fats-monounsaturated>0.00000</fats-monounsaturated>
    <fats-myristic>0.00000</fats-myristic>
    <fats-palmitic>0.00000</fats-palmitic>
    <fats-polyunsaturated>0.00000</fats-polyunsaturated>
    <fats-saturated>0.00000</fats-saturated>
    <fats-stearic>0.00000</fats-stearic>
    <fats-total>2.20000</fats-total>
    <minerals-calcium>26.00000</minerals-calcium>
    <minerals-copper>0.05800</minerals-copper>
    <minerals-iron>0.49000</minerals-iron>
    <minerals-magnesium>11.00000</minerals-magnesium>
    <minerals-manganese>0.00000</minerals-manganese>
    <minerals-phosphorus>33.00000</minerals-phosphorus>
    <minerals-potassium>59.00000</minerals-potassium>
    <minerals-selenium>3.20000</minerals-selenium>
    <minerals-sodium>26.00000</minerals-sodium>
    <minerals-zinc>0.32000</minerals-zinc>
    <other-alcohol>0.00000</other-alcohol>
    <other-cost>0.0</other-cost>
    <other-water>86.20000</other-water>
    <other-weight>100.00000</other-weight>
    <protein-complete>0.00000</protein-complete>
    <protein-total>1.70000</protein-total>
    <vitamins-choline>0.00000</vitamins-choline>
    <vitamins-folate>3.00000</vitamins-folate>
    <vitamins-niacin>0.67500</vitamins-niacin>
    <vitamins-pantothenic_acid>0.20400</vitamins-pantothenic_acid>
    <vitamins-riboflavin>0.03700</vitamins-riboflavin>
    <vitamins-thiamin>0.04200</vitamins-thiamin>
    <vitamins-vitamin_a>53.00000</vitamins-vitamin_a>
    <vitamins-vitamin_b12>0.09000</vitamins-vitamin_b12>
    <vitamins-vitamin_b6>0.02300</vitamins-vitamin_b6>
    <vitamins-vitamin_c>0.80000</vitamins-vitamin_c>
    <vitamins-vitamin_d>0.00000</vitamins-vitamin_d>
    <vitamins-vitamin_e>0.00000</vitamins-vitamin_e>
    <vitamins-vitamin_k>0.00000</vitamins-vitamin_k>
</food>