<food xmlns:xsi="http://www.w3.org/2001/XMLSchema-instance" xsi:noNamespaceSchemaLocation="https://xjrga.github.io/schemas/food_v2.xsd">
    <food-id>03096</food-id>
    <food-name>Babyfood, vegetable, green beans and potatoes</food-name>
    <carbohydrates-carbs_by_diff>9.00000</carbohydrates-carbs_by_diff>
    <carbohydrates-fiber>1.40000</carbohydrates-fiber>
    <carbohydrates-glycemicindex>0.00000</carbohydrates-glycemicindex>
    <energy-gross>62.00000</energy-gross>
    <fats-cholesterol>5.00000</fats-cholesterol>
    <fats-dha>0.00000</fats-dha>
    <fats-epa>0.00000</fats-epa>
    <fats-lauric>0.04000</fats-lauric>
    <fats-linoleic>0.08800</fats-linoleic>
    <fats-linolenic>0.04300</fats-linolenic>
    <fats-monounsaturated>0.53900</fats-monounsaturated>
    <fats-myristic>0.17000</fats-myristic>
    <fats-palmitic>0.48000</fats-palmitic>
    <fats-polyunsaturated>0.13200</fats-polyunsaturated>
    <fats-saturated>1.11700</fats-saturated>
    <fats-stearic>0.21000</fats-stearic>
    <fats-total>1.90000</fats-total>
    <minerals-calcium>60.00000</minerals-calcium>
    <minerals-copper>0.04000</minerals-copper>
    <minerals-iron>0.50000</minerals-iron>
    <minerals-magnesium>20.00000</minerals-magnesium>
    <minerals-manganese>0.28000</minerals-manganese>
    <minerals-phosphorus>61.00000</minerals-phosphorus>
    <minerals-potassium>148.00000</minerals-potassium>
    <minerals-selenium>0.70000</minerals-selenium>
    <minerals-sodium>18.00000</minerals-sodium>
    <minerals-zinc>0.30000</minerals-zinc>
    <other-alcohol>0.00000</other-alcohol>
    <other-cost>0.0</other-cost>
    <other-water>86.20000</other-water>
    <other-weight>100.00000</other-weight>
    <protein-complete>0.00000</protein-complete>
    <protein-total>2.20000</protein-total>
    <vitamins-choline>10.00000</vitamins-choline>
    <vitamins-folate>10.00000</vitamins-folate>
    <vitamins-niacin>0.46000</vitamins-niacin>
    <vitamins-pantothenic_acid>0.28600</vitamins-pantothenic_acid>
    <vitamins-riboflavin>0.11000</vitamins-riboflavin>
    <vitamins-thiamin>0.04000</vitamins-thiamin>
    <vitamins-vitamin_a>14.00000</vitamins-vitamin_a>
    <vitamins-vitamin_b12>0.15000</vitamins-vitamin_b12>
    <vitamins-vitamin_b6>0.08000</vitamins-vitamin_b6>
    <vitamins-vitamin_c>1.10000</vitamins-vitamin_c>
    <vitamins-vitamin_d>0.00000</vitamins-vitamin_d>
    <vitamins-vitamin_e>0.08000</vitamins-vitamin_e>
    <vitamins-vitamin_k>1.40000</vitamins-vitamin_k>
</food>