<food xmlns:xsi="http://www.w3.org/2001/XMLSchema-instance" xsi:noNamespaceSchemaLocation="https://xjrga.github.io/schemas/food_v2.xsd">
    <food-id>03077</food-id>
    <food-name>Babyfood, dinner, pasta with vegetables</food-name>
    <carbohydrates-carbs_by_diff>8.40000</carbohydrates-carbs_by_diff>
    <carbohydrates-fiber>1.50000</carbohydrates-fiber>
    <carbohydrates-glycemicindex>0.00000</carbohydrates-glycemicindex>
    <energy-gross>60.00000</energy-gross>
    <fats-cholesterol>5.00000</fats-cholesterol>
    <fats-dha>0.00000</fats-dha>
    <fats-epa>0.00000</fats-epa>
    <fats-lauric>0.05000</fats-lauric>
    <fats-linoleic>0.11000</fats-linoleic>
    <fats-linolenic>0.03400</fats-linolenic>
    <fats-monounsaturated>0.58000</fats-monounsaturated>
    <fats-myristic>0.19000</fats-myristic>
    <fats-palmitic>0.53000</fats-palmitic>
    <fats-polyunsaturated>0.14400</fats-polyunsaturated>
    <fats-saturated>1.23000</fats-saturated>
    <fats-stearic>0.23000</fats-stearic>
    <fats-total>2.10000</fats-total>
    <minerals-calcium>14.00000</minerals-calcium>
    <minerals-copper>0.11000</minerals-copper>
    <minerals-iron>0.50000</minerals-iron>
    <minerals-magnesium>24.00000</minerals-magnesium>
    <minerals-manganese>0.39000</minerals-manganese>
    <minerals-phosphorus>50.00000</minerals-phosphorus>
    <minerals-potassium>133.00000</minerals-potassium>
    <minerals-selenium>6.40000</minerals-selenium>
    <minerals-sodium>11.00000</minerals-sodium>
    <minerals-zinc>0.40000</minerals-zinc>
    <other-alcohol>0.00000</other-alcohol>
    <other-cost>0.0</other-cost>
    <other-water>87.30000</other-water>
    <other-weight>100.00000</other-weight>
    <protein-complete>0.00000</protein-complete>
    <protein-total>1.70000</protein-total>
    <vitamins-choline>6.40000</vitamins-choline>
    <vitamins-folate>9.00000</vitamins-folate>
    <vitamins-niacin>0.56000</vitamins-niacin>
    <vitamins-pantothenic_acid>0.17800</vitamins-pantothenic_acid>
    <vitamins-riboflavin>0.05000</vitamins-riboflavin>
    <vitamins-thiamin>0.06000</vitamins-thiamin>
    <vitamins-vitamin_a>41.00000</vitamins-vitamin_a>
    <vitamins-vitamin_b12>0.00000</vitamins-vitamin_b12>
    <vitamins-vitamin_b6>0.11000</vitamins-vitamin_b6>
    <vitamins-vitamin_c>2.90000</vitamins-vitamin_c>
    <vitamins-vitamin_d>0.00000</vitamins-vitamin_d>
    <vitamins-vitamin_e>0.23000</vitamins-vitamin_e>
    <vitamins-vitamin_k>2.10000</vitamins-vitamin_k>
</food>