<food xmlns:xsi="http://www.w3.org/2001/XMLSchema-instance" xsi:noNamespaceSchemaLocation="https://xjrga.github.io/schemas/food_v2.xsd">
    <food-id>03003</food-id>
    <food-name>Babyfood, meat, beef, junior</food-name>
    <carbohydrates-carbs_by_diff>2.43000</carbohydrates-carbs_by_diff>
    <carbohydrates-fiber>0.00000</carbohydrates-fiber>
    <carbohydrates-glycemicindex>0.00000</carbohydrates-glycemicindex>
    <energy-gross>81.00000</energy-gross>
    <fats-cholesterol>51.00000</fats-cholesterol>
    <fats-dha>0.00000</fats-dha>
    <fats-epa>0.00000</fats-epa>
    <fats-lauric>0.00000</fats-lauric>
    <fats-linoleic>0.09000</fats-linoleic>
    <fats-linolenic>0.04000</fats-linolenic>
    <fats-monounsaturated>0.95000</fats-monounsaturated>
    <fats-myristic>0.06000</fats-myristic>
    <fats-palmitic>0.53000</fats-palmitic>
    <fats-polyunsaturated>0.16000</fats-polyunsaturated>
    <fats-saturated>1.18000</fats-saturated>
    <fats-stearic>0.54000</fats-stearic>
    <fats-total>2.52000</fats-total>
    <minerals-calcium>5.00000</minerals-calcium>
    <minerals-copper>0.14800</minerals-copper>
    <minerals-iron>0.98000</minerals-iron>
    <minerals-magnesium>11.00000</minerals-magnesium>
    <minerals-manganese>0.03700</minerals-manganese>
    <minerals-phosphorus>93.00000</minerals-phosphorus>
    <minerals-potassium>187.00000</minerals-potassium>
    <minerals-selenium>2.90000</minerals-selenium>
    <minerals-sodium>41.00000</minerals-sodium>
    <minerals-zinc>2.22000</minerals-zinc>
    <other-alcohol>0.00000</other-alcohol>
    <other-cost>0.0</other-cost>
    <other-water>82.44000</other-water>
    <other-weight>100.00000</other-weight>
    <protein-complete>0.00000</protein-complete>
    <protein-total>12.03000</protein-total>
    <vitamins-choline>37.60000</vitamins-choline>
    <vitamins-folate>8.00000</vitamins-folate>
    <vitamins-niacin>2.49500</vitamins-niacin>
    <vitamins-pantothenic_acid>0.08300</vitamins-pantothenic_acid>
    <vitamins-riboflavin>0.13500</vitamins-riboflavin>
    <vitamins-thiamin>0.01300</vitamins-thiamin>
    <vitamins-vitamin_a>0.00000</vitamins-vitamin_a>
    <vitamins-vitamin_b12>1.26000</vitamins-vitamin_b12>
    <vitamins-vitamin_b6>0.03900</vitamins-vitamin_b6>
    <vitamins-vitamin_c>2.10000</vitamins-vitamin_c>
    <vitamins-vitamin_d>0.40000</vitamins-vitamin_d>
    <vitamins-vitamin_e>0.37000</vitamins-vitamin_e>
    <vitamins-vitamin_k>0.60000</vitamins-vitamin_k>
</food>