<food xmlns:xsi="http://www.w3.org/2001/XMLSchema-instance" xsi:noNamespaceSchemaLocation="https://xjrga.github.io/schemas/food_v2.xsd">
    <food-id>03009</food-id>
    <food-name>Babyfood, meat, ham, junior</food-name>
    <carbohydrates-carbs_by_diff>3.70000</carbohydrates-carbs_by_diff>
    <carbohydrates-fiber>0.00000</carbohydrates-fiber>
    <carbohydrates-glycemicindex>0.00000</carbohydrates-glycemicindex>
    <energy-gross>97.00000</energy-gross>
    <fats-cholesterol>29.00000</fats-cholesterol>
    <fats-dha>0.00000</fats-dha>
    <fats-epa>0.00000</fats-epa>
    <fats-lauric>0.01000</fats-lauric>
    <fats-linoleic>0.82900</fats-linoleic>
    <fats-linolenic>0.03000</fats-linolenic>
    <fats-monounsaturated>1.80400</fats-monounsaturated>
    <fats-myristic>0.08000</fats-myristic>
    <fats-palmitic>1.44000</fats-palmitic>
    <fats-polyunsaturated>0.51600</fats-polyunsaturated>
    <fats-saturated>1.27100</fats-saturated>
    <fats-stearic>0.70000</fats-stearic>
    <fats-total>3.80000</fats-total>
    <minerals-calcium>5.00000</minerals-calcium>
    <minerals-copper>0.06800</minerals-copper>
    <minerals-iron>1.01000</minerals-iron>
    <minerals-magnesium>11.00000</minerals-magnesium>
    <minerals-manganese>0.00000</minerals-manganese>
    <minerals-phosphorus>89.00000</minerals-phosphorus>
    <minerals-potassium>210.00000</minerals-potassium>
    <minerals-selenium>15.00000</minerals-selenium>
    <minerals-sodium>44.00000</minerals-sodium>
    <minerals-zinc>1.70000</minerals-zinc>
    <other-alcohol>0.00000</other-alcohol>
    <other-cost>0.0</other-cost>
    <other-water>80.50000</other-water>
    <other-weight>100.00000</other-weight>
    <protein-complete>0.00000</protein-complete>
    <protein-total>11.30000</protein-total>
    <vitamins-choline>45.20000</vitamins-choline>
    <vitamins-folate>2.00000</vitamins-folate>
    <vitamins-niacin>2.84000</vitamins-niacin>
    <vitamins-pantothenic_acid>0.53100</vitamins-pantothenic_acid>
    <vitamins-riboflavin>0.19400</vitamins-riboflavin>
    <vitamins-thiamin>0.14200</vitamins-thiamin>
    <vitamins-vitamin_a>0.00000</vitamins-vitamin_a>
    <vitamins-vitamin_b12>0.10000</vitamins-vitamin_b12>
    <vitamins-vitamin_b6>0.20000</vitamins-vitamin_b6>
    <vitamins-vitamin_c>2.10000</vitamins-vitamin_c>
    <vitamins-vitamin_d>0.40000</vitamins-vitamin_d>
    <vitamins-vitamin_e>0.40000</vitamins-vitamin_e>
    <vitamins-vitamin_k>0.00000</vitamins-vitamin_k>
</food>