<food xmlns:xsi="http://www.w3.org/2001/XMLSchema-instance" xsi:noNamespaceSchemaLocation="https://xjrga.github.io/schemas/food_v2.xsd">
    <food-id>03043</food-id>
    <food-name>Babyfood, dinner, beef lasagna, toddler</food-name>
    <carbohydrates-carbs_by_diff>10.00000</carbohydrates-carbs_by_diff>
    <carbohydrates-fiber>0.00000</carbohydrates-fiber>
    <carbohydrates-glycemicindex>0.00000</carbohydrates-glycemicindex>
    <energy-gross>77.00000</energy-gross>
    <fats-cholesterol>0.00000</fats-cholesterol>
    <fats-dha>0.00000</fats-dha>
    <fats-epa>0.00000</fats-epa>
    <fats-lauric>0.00000</fats-lauric>
    <fats-linoleic>0.00000</fats-linoleic>
    <fats-linolenic>0.00000</fats-linolenic>
    <fats-monounsaturated>0.00000</fats-monounsaturated>
    <fats-myristic>0.00000</fats-myristic>
    <fats-palmitic>0.00000</fats-palmitic>
    <fats-polyunsaturated>0.00000</fats-polyunsaturated>
    <fats-saturated>0.00000</fats-saturated>
    <fats-stearic>0.00000</fats-stearic>
    <fats-total>2.10000</fats-total>
    <minerals-calcium>18.00000</minerals-calcium>
    <minerals-copper>0.09700</minerals-copper>
    <minerals-iron>0.87000</minerals-iron>
    <minerals-magnesium>11.00000</minerals-magnesium>
    <minerals-manganese>0.00000</minerals-manganese>
    <minerals-phosphorus>40.00000</minerals-phosphorus>
    <minerals-potassium>122.00000</minerals-potassium>
    <minerals-selenium>8.40000</minerals-selenium>
    <minerals-sodium>41.00000</minerals-sodium>
    <minerals-zinc>0.70000</minerals-zinc>
    <other-alcohol>0.00000</other-alcohol>
    <other-cost>0.0</other-cost>
    <other-water>82.30000</other-water>
    <other-weight>100.00000</other-weight>
    <protein-complete>0.00000</protein-complete>
    <protein-total>4.20000</protein-total>
    <vitamins-choline>0.00000</vitamins-choline>
    <vitamins-folate>6.00000</vitamins-folate>
    <vitamins-niacin>1.35300</vitamins-niacin>
    <vitamins-pantothenic_acid>0.00000</vitamins-pantothenic_acid>
    <vitamins-riboflavin>0.08900</vitamins-riboflavin>
    <vitamins-thiamin>0.07200</vitamins-thiamin>
    <vitamins-vitamin_a>58.00000</vitamins-vitamin_a>
    <vitamins-vitamin_b12>0.51000</vitamins-vitamin_b12>
    <vitamins-vitamin_b6>0.07100</vitamins-vitamin_b6>
    <vitamins-vitamin_c>1.90000</vitamins-vitamin_c>
    <vitamins-vitamin_d>0.00000</vitamins-vitamin_d>
    <vitamins-vitamin_e>0.00000</vitamins-vitamin_e>
    <vitamins-vitamin_k>0.00000</vitamins-vitamin_k>
</food>