<food xmlns:xsi="http://www.w3.org/2001/XMLSchema-instance" xsi:noNamespaceSchemaLocation="https://xjrga.github.io/schemas/food_v2.xsd">
    <food-id>03015</food-id>
    <food-name>Babyfood, meat, turkey, strained</food-name>
    <carbohydrates-carbs_by_diff>1.40000</carbohydrates-carbs_by_diff>
    <carbohydrates-fiber>0.00000</carbohydrates-fiber>
    <carbohydrates-glycemicindex>0.00000</carbohydrates-glycemicindex>
    <energy-gross>111.00000</energy-gross>
    <fats-cholesterol>58.00000</fats-cholesterol>
    <fats-dha>0.00000</fats-dha>
    <fats-epa>0.00000</fats-epa>
    <fats-lauric>0.00000</fats-lauric>
    <fats-linoleic>1.04000</fats-linoleic>
    <fats-linolenic>0.06000</fats-linolenic>
    <fats-monounsaturated>2.38400</fats-monounsaturated>
    <fats-myristic>0.04000</fats-myristic>
    <fats-palmitic>0.77000</fats-palmitic>
    <fats-polyunsaturated>1.74100</fats-polyunsaturated>
    <fats-saturated>1.64100</fats-saturated>
    <fats-stearic>0.33000</fats-stearic>
    <fats-total>6.20000</fats-total>
    <minerals-calcium>41.00000</minerals-calcium>
    <minerals-copper>0.14800</minerals-copper>
    <minerals-iron>0.70000</minerals-iron>
    <minerals-magnesium>12.00000</minerals-magnesium>
    <minerals-manganese>0.03700</minerals-manganese>
    <minerals-phosphorus>117.00000</minerals-phosphorus>
    <minerals-potassium>135.00000</minerals-potassium>
    <minerals-selenium>12.00000</minerals-selenium>
    <minerals-sodium>49.00000</minerals-sodium>
    <minerals-zinc>1.77000</minerals-zinc>
    <other-alcohol>0.00000</other-alcohol>
    <other-cost>0.0</other-cost>
    <other-water>80.32000</other-water>
    <other-weight>100.00000</other-weight>
    <protein-complete>0.00000</protein-complete>
    <protein-total>11.50000</protein-total>
    <vitamins-choline>39.80000</vitamins-choline>
    <vitamins-folate>8.00000</vitamins-folate>
    <vitamins-niacin>2.61000</vitamins-niacin>
    <vitamins-pantothenic_acid>0.41000</vitamins-pantothenic_acid>
    <vitamins-riboflavin>0.16300</vitamins-riboflavin>
    <vitamins-thiamin>0.00800</vitamins-thiamin>
    <vitamins-vitamin_a>0.00000</vitamins-vitamin_a>
    <vitamins-vitamin_b12>1.11000</vitamins-vitamin_b12>
    <vitamins-vitamin_b6>0.02900</vitamins-vitamin_b6>
    <vitamins-vitamin_c>2.20000</vitamins-vitamin_c>
    <vitamins-vitamin_d>0.80000</vitamins-vitamin_d>
    <vitamins-vitamin_e>0.08000</vitamins-vitamin_e>
    <vitamins-vitamin_k>0.00000</vitamins-vitamin_k>
</food>