<food xmlns:xsi="http://www.w3.org/2001/XMLSchema-instance" xsi:noNamespaceSchemaLocation="https://xjrga.github.io/schemas/food_v2.xsd">
    <food-id>03099</food-id>
    <food-name>Babyfood, vegetables, carrots, strained</food-name>
    <carbohydrates-carbs_by_diff>6.00000</carbohydrates-carbs_by_diff>
    <carbohydrates-fiber>1.70000</carbohydrates-fiber>
    <carbohydrates-glycemicindex>0.00000</carbohydrates-glycemicindex>
    <energy-gross>26.00000</energy-gross>
    <fats-cholesterol>0.00000</fats-cholesterol>
    <fats-dha>0.00000</fats-dha>
    <fats-epa>0.00000</fats-epa>
    <fats-lauric>0.00100</fats-lauric>
    <fats-linoleic>0.04000</fats-linoleic>
    <fats-linolenic>0.00600</fats-linolenic>
    <fats-monounsaturated>0.00400</fats-monounsaturated>
    <fats-myristic>0.00100</fats-myristic>
    <fats-palmitic>0.01000</fats-palmitic>
    <fats-polyunsaturated>0.04700</fats-polyunsaturated>
    <fats-saturated>0.01800</fats-saturated>
    <fats-stearic>0.00100</fats-stearic>
    <fats-total>0.10000</fats-total>
    <minerals-calcium>22.00000</minerals-calcium>
    <minerals-copper>0.04100</minerals-copper>
    <minerals-iron>0.37000</minerals-iron>
    <minerals-magnesium>9.00000</minerals-magnesium>
    <minerals-manganese>0.00000</minerals-manganese>
    <minerals-phosphorus>20.00000</minerals-phosphorus>
    <minerals-potassium>196.00000</minerals-potassium>
    <minerals-selenium>0.20000</minerals-selenium>
    <minerals-sodium>69.00000</minerals-sodium>
    <minerals-zinc>0.15000</minerals-zinc>
    <other-alcohol>0.00000</other-alcohol>
    <other-cost>0.0</other-cost>
    <other-water>92.30000</other-water>
    <other-weight>100.00000</other-weight>
    <protein-complete>0.00000</protein-complete>
    <protein-total>0.80000</protein-total>
    <vitamins-choline>6.90000</vitamins-choline>
    <vitamins-folate>15.00000</vitamins-folate>
    <vitamins-niacin>0.46300</vitamins-niacin>
    <vitamins-pantothenic_acid>0.24000</vitamins-pantothenic_acid>
    <vitamins-riboflavin>0.04000</vitamins-riboflavin>
    <vitamins-thiamin>0.02300</vitamins-thiamin>
    <vitamins-vitamin_a>573.00000</vitamins-vitamin_a>
    <vitamins-vitamin_b12>0.00000</vitamins-vitamin_b12>
    <vitamins-vitamin_b6>0.07300</vitamins-vitamin_b6>
    <vitamins-vitamin_c>5.70000</vitamins-vitamin_c>
    <vitamins-vitamin_d>0.00000</vitamins-vitamin_d>
    <vitamins-vitamin_e>0.52000</vitamins-vitamin_e>
    <vitamins-vitamin_k>14.40000</vitamins-vitamin_k>
</food>