<food xmlns:xsi="http://www.w3.org/2001/XMLSchema-instance" xsi:noNamespaceSchemaLocation="https://xjrga.github.io/schemas/food_v2.xsd">
    <food-id>03061</food-id>
    <food-name>Babyfood, dinner, vegetables and ham, strained</food-name>
    <carbohydrates-carbs_by_diff>7.80000</carbohydrates-carbs_by_diff>
    <carbohydrates-fiber>1.60000</carbohydrates-fiber>
    <carbohydrates-glycemicindex>0.00000</carbohydrates-glycemicindex>
    <energy-gross>59.00000</energy-gross>
    <fats-cholesterol>5.00000</fats-cholesterol>
    <fats-dha>0.00000</fats-dha>
    <fats-epa>0.00000</fats-epa>
    <fats-lauric>0.00400</fats-lauric>
    <fats-linoleic>0.19800</fats-linoleic>
    <fats-linolenic>0.02600</fats-linolenic>
    <fats-monounsaturated>0.96300</fats-monounsaturated>
    <fats-myristic>0.02000</fats-myristic>
    <fats-palmitic>0.48000</fats-palmitic>
    <fats-polyunsaturated>0.23400</fats-polyunsaturated>
    <fats-saturated>0.76400</fats-saturated>
    <fats-stearic>0.24000</fats-stearic>
    <fats-total>2.14000</fats-total>
    <minerals-calcium>16.00000</minerals-calcium>
    <minerals-copper>0.07000</minerals-copper>
    <minerals-iron>0.41000</minerals-iron>
    <minerals-magnesium>12.00000</minerals-magnesium>
    <minerals-manganese>0.14000</minerals-manganese>
    <minerals-phosphorus>33.00000</minerals-phosphorus>
    <minerals-potassium>141.00000</minerals-potassium>
    <minerals-selenium>2.40000</minerals-selenium>
    <minerals-sodium>16.00000</minerals-sodium>
    <minerals-zinc>0.32000</minerals-zinc>
    <other-alcohol>0.00000</other-alcohol>
    <other-cost>0.0</other-cost>
    <other-water>87.47000</other-water>
    <other-weight>100.00000</other-weight>
    <protein-complete>0.00000</protein-complete>
    <protein-total>2.19000</protein-total>
    <vitamins-choline>12.70000</vitamins-choline>
    <vitamins-folate>3.00000</vitamins-folate>
    <vitamins-niacin>0.67600</vitamins-niacin>
    <vitamins-pantothenic_acid>0.15100</vitamins-pantothenic_acid>
    <vitamins-riboflavin>0.05400</vitamins-riboflavin>
    <vitamins-thiamin>0.03500</vitamins-thiamin>
    <vitamins-vitamin_a>144.00000</vitamins-vitamin_a>
    <vitamins-vitamin_b12>0.06000</vitamins-vitamin_b12>
    <vitamins-vitamin_b6>0.07200</vitamins-vitamin_b6>
    <vitamins-vitamin_c>1.60000</vitamins-vitamin_c>
    <vitamins-vitamin_d>0.10000</vitamins-vitamin_d>
    <vitamins-vitamin_e>0.31000</vitamins-vitamin_e>
    <vitamins-vitamin_k>2.70000</vitamins-vitamin_k>
</food>