<food xmlns:xsi="http://www.w3.org/2001/XMLSchema-instance" xsi:noNamespaceSchemaLocation="https://xjrga.github.io/schemas/food_v2.xsd">
    <food-id>03062</food-id>
    <food-name>Babyfood, dinner, vegetables and ham, junior</food-name>
    <carbohydrates-carbs_by_diff>8.64000</carbohydrates-carbs_by_diff>
    <carbohydrates-fiber>1.00000</carbohydrates-fiber>
    <carbohydrates-glycemicindex>0.00000</carbohydrates-glycemicindex>
    <energy-gross>60.00000</energy-gross>
    <fats-cholesterol>3.00000</fats-cholesterol>
    <fats-dha>0.00000</fats-dha>
    <fats-epa>0.00000</fats-epa>
    <fats-lauric>0.00300</fats-lauric>
    <fats-linoleic>0.40300</fats-linoleic>
    <fats-linolenic>0.03900</fats-linolenic>
    <fats-monounsaturated>0.81100</fats-monounsaturated>
    <fats-myristic>0.01000</fats-myristic>
    <fats-palmitic>0.31000</fats-palmitic>
    <fats-polyunsaturated>0.44800</fats-polyunsaturated>
    <fats-saturated>0.48300</fats-saturated>
    <fats-stearic>0.15000</fats-stearic>
    <fats-total>1.89000</fats-total>
    <minerals-calcium>14.00000</minerals-calcium>
    <minerals-copper>0.03000</minerals-copper>
    <minerals-iron>0.24000</minerals-iron>
    <minerals-magnesium>8.00000</minerals-magnesium>
    <minerals-manganese>0.07000</minerals-manganese>
    <minerals-phosphorus>33.00000</minerals-phosphorus>
    <minerals-potassium>97.00000</minerals-potassium>
    <minerals-selenium>2.40000</minerals-selenium>
    <minerals-sodium>45.00000</minerals-sodium>
    <minerals-zinc>0.30000</minerals-zinc>
    <other-alcohol>0.00000</other-alcohol>
    <other-cost>0.0</other-cost>
    <other-water>87.00000</other-water>
    <other-weight>100.00000</other-weight>
    <protein-complete>0.00000</protein-complete>
    <protein-total>2.02000</protein-total>
    <vitamins-choline>4.20000</vitamins-choline>
    <vitamins-folate>8.00000</vitamins-folate>
    <vitamins-niacin>0.51200</vitamins-niacin>
    <vitamins-pantothenic_acid>0.00000</vitamins-pantothenic_acid>
    <vitamins-riboflavin>0.04000</vitamins-riboflavin>
    <vitamins-thiamin>0.03200</vitamins-thiamin>
    <vitamins-vitamin_a>144.00000</vitamins-vitamin_a>
    <vitamins-vitamin_b12>0.03000</vitamins-vitamin_b12>
    <vitamins-vitamin_b6>0.04600</vitamins-vitamin_b6>
    <vitamins-vitamin_c>1.10000</vitamins-vitamin_c>
    <vitamins-vitamin_d>0.00000</vitamins-vitamin_d>
    <vitamins-vitamin_e>0.31000</vitamins-vitamin_e>
    <vitamins-vitamin_k>2.70000</vitamins-vitamin_k>
</food>