<food xmlns:xsi="http://www.w3.org/2001/XMLSchema-instance" xsi:noNamespaceSchemaLocation="https://xjrga.github.io/schemas/food_v2.xsd">
    <food-id>03019</food-id>
    <food-name>Babyfood, snack, GERBER GRADUATE FRUIT  STRIPS, Real Fruit Bars</food-name>
    <carbohydrates-carbs_by_diff>76.61000</carbohydrates-carbs_by_diff>
    <carbohydrates-fiber>2.00000</carbohydrates-fiber>
    <carbohydrates-glycemicindex>0.00000</carbohydrates-glycemicindex>
    <energy-gross>330.00000</energy-gross>
    <fats-cholesterol>0.00000</fats-cholesterol>
    <fats-dha>0.00000</fats-dha>
    <fats-epa>0.00000</fats-epa>
    <fats-lauric>0.00500</fats-lauric>
    <fats-linoleic>0.54900</fats-linoleic>
    <fats-linolenic>0.11500</fats-linolenic>
    <fats-monounsaturated>0.09200</fats-monounsaturated>
    <fats-myristic>0.00900</fats-myristic>
    <fats-palmitic>0.30000</fats-palmitic>
    <fats-polyunsaturated>0.66400</fats-polyunsaturated>
    <fats-saturated>0.36400</fats-saturated>
    <fats-stearic>0.04000</fats-stearic>
    <fats-total>2.24000</fats-total>
    <minerals-calcium>18.00000</minerals-calcium>
    <minerals-copper>0.24200</minerals-copper>
    <minerals-iron>1.05000</minerals-iron>
    <minerals-magnesium>9.00000</minerals-magnesium>
    <minerals-manganese>0.70000</minerals-manganese>
    <minerals-phosphorus>23.00000</minerals-phosphorus>
    <minerals-potassium>312.00000</minerals-potassium>
    <minerals-selenium>1.40000</minerals-selenium>
    <minerals-sodium>14.00000</minerals-sodium>
    <minerals-zinc>0.14000</minerals-zinc>
    <other-alcohol>0.00000</other-alcohol>
    <other-cost>0.0</other-cost>
    <other-water>19.09000</other-water>
    <other-weight>100.00000</other-weight>
    <protein-complete>0.00000</protein-complete>
    <protein-total>0.82000</protein-total>
    <vitamins-choline>14.50000</vitamins-choline>
    <vitamins-folate>1.00000</vitamins-folate>
    <vitamins-niacin>0.33400</vitamins-niacin>
    <vitamins-pantothenic_acid>0.14200</vitamins-pantothenic_acid>
    <vitamins-riboflavin>0.04600</vitamins-riboflavin>
    <vitamins-thiamin>0.04100</vitamins-thiamin>
    <vitamins-vitamin_a>12.00000</vitamins-vitamin_a>
    <vitamins-vitamin_b12>0.00000</vitamins-vitamin_b12>
    <vitamins-vitamin_b6>0.20100</vitamins-vitamin_b6>
    <vitamins-vitamin_c>179.90000</vitamins-vitamin_c>
    <vitamins-vitamin_d>0.00000</vitamins-vitamin_d>
    <vitamins-vitamin_e>0.96000</vitamins-vitamin_e>
    <vitamins-vitamin_k>2.50000</vitamins-vitamin_k>
</food>