<food xmlns:xsi="http://www.w3.org/2001/XMLSchema-instance" xsi:noNamespaceSchemaLocation="https://xjrga.github.io/schemas/food_v2.xsd">
    <food-id>03072</food-id>
    <food-name>Babyfood, dinner, chicken stew, toddler</food-name>
    <carbohydrates-carbs_by_diff>6.40000</carbohydrates-carbs_by_diff>
    <carbohydrates-fiber>0.60000</carbohydrates-fiber>
    <carbohydrates-glycemicindex>0.00000</carbohydrates-glycemicindex>
    <energy-gross>78.00000</energy-gross>
    <fats-cholesterol>29.00000</fats-cholesterol>
    <fats-dha>0.00000</fats-dha>
    <fats-epa>0.00000</fats-epa>
    <fats-lauric>0.01000</fats-lauric>
    <fats-linoleic>0.73000</fats-linoleic>
    <fats-linolenic>0.03000</fats-linolenic>
    <fats-monounsaturated>1.70000</fats-monounsaturated>
    <fats-myristic>0.05000</fats-myristic>
    <fats-palmitic>0.74000</fats-palmitic>
    <fats-polyunsaturated>0.77000</fats-polyunsaturated>
    <fats-saturated>1.10000</fats-saturated>
    <fats-stearic>0.22000</fats-stearic>
    <fats-total>3.70000</fats-total>
    <minerals-calcium>36.00000</minerals-calcium>
    <minerals-copper>0.02000</minerals-copper>
    <minerals-iron>0.66000</minerals-iron>
    <minerals-magnesium>10.00000</minerals-magnesium>
    <minerals-manganese>0.00000</minerals-manganese>
    <minerals-phosphorus>51.00000</minerals-phosphorus>
    <minerals-potassium>92.00000</minerals-potassium>
    <minerals-selenium>5.50000</minerals-selenium>
    <minerals-sodium>25.00000</minerals-sodium>
    <minerals-zinc>0.41000</minerals-zinc>
    <other-alcohol>0.00000</other-alcohol>
    <other-cost>0.0</other-cost>
    <other-water>83.30000</other-water>
    <other-weight>100.00000</other-weight>
    <protein-complete>0.00000</protein-complete>
    <protein-total>5.20000</protein-total>
    <vitamins-choline>20.60000</vitamins-choline>
    <vitamins-folate>27.00000</vitamins-folate>
    <vitamins-niacin>1.15300</vitamins-niacin>
    <vitamins-pantothenic_acid>0.00000</vitamins-pantothenic_acid>
    <vitamins-riboflavin>0.07400</vitamins-riboflavin>
    <vitamins-thiamin>0.03100</vitamins-thiamin>
    <vitamins-vitamin_a>52.00000</vitamins-vitamin_a>
    <vitamins-vitamin_b12>0.14000</vitamins-vitamin_b12>
    <vitamins-vitamin_b6>0.04600</vitamins-vitamin_b6>
    <vitamins-vitamin_c>1.90000</vitamins-vitamin_c>
    <vitamins-vitamin_d>0.20000</vitamins-vitamin_d>
    <vitamins-vitamin_e>0.22000</vitamins-vitamin_e>
    <vitamins-vitamin_k>3.70000</vitamins-vitamin_k>
</food>