<food xmlns:xsi="http://www.w3.org/2001/XMLSchema-instance" xsi:noNamespaceSchemaLocation="https://xjrga.github.io/schemas/food_v2.xsd">
    <food-id>03048</food-id>
    <food-name>Babyfood, macaroni and cheese, toddler</food-name>
    <carbohydrates-carbs_by_diff>11.20000</carbohydrates-carbs_by_diff>
    <carbohydrates-fiber>0.50000</carbohydrates-fiber>
    <carbohydrates-glycemicindex>0.00000</carbohydrates-glycemicindex>
    <energy-gross>82.00000</energy-gross>
    <fats-cholesterol>7.00000</fats-cholesterol>
    <fats-dha>0.00000</fats-dha>
    <fats-epa>0.00000</fats-epa>
    <fats-lauric>0.03000</fats-lauric>
    <fats-linoleic>0.13100</fats-linoleic>
    <fats-linolenic>0.03500</fats-linolenic>
    <fats-monounsaturated>0.70000</fats-monounsaturated>
    <fats-myristic>0.23000</fats-myristic>
    <fats-palmitic>0.72000</fats-palmitic>
    <fats-polyunsaturated>0.17000</fats-polyunsaturated>
    <fats-saturated>1.53000</fats-saturated>
    <fats-stearic>0.28000</fats-stearic>
    <fats-total>2.60000</fats-total>
    <minerals-calcium>102.00000</minerals-calcium>
    <minerals-copper>0.04100</minerals-copper>
    <minerals-iron>0.60000</minerals-iron>
    <minerals-magnesium>9.00000</minerals-magnesium>
    <minerals-manganese>0.00000</minerals-manganese>
    <minerals-phosphorus>81.00000</minerals-phosphorus>
    <minerals-potassium>18.00000</minerals-potassium>
    <minerals-selenium>6.60000</minerals-selenium>
    <minerals-sodium>112.00000</minerals-sodium>
    <minerals-zinc>0.43000</minerals-zinc>
    <other-alcohol>0.00000</other-alcohol>
    <other-cost>0.0</other-cost>
    <other-water>81.70000</other-water>
    <other-weight>100.00000</other-weight>
    <protein-complete>0.00000</protein-complete>
    <protein-total>3.50000</protein-total>
    <vitamins-choline>3.20000</vitamins-choline>
    <vitamins-folate>40.00000</vitamins-folate>
    <vitamins-niacin>0.79000</vitamins-niacin>
    <vitamins-pantothenic_acid>0.00000</vitamins-pantothenic_acid>
    <vitamins-riboflavin>0.09000</vitamins-riboflavin>
    <vitamins-thiamin>0.04000</vitamins-thiamin>
    <vitamins-vitamin_a>19.00000</vitamins-vitamin_a>
    <vitamins-vitamin_b12>0.06000</vitamins-vitamin_b12>
    <vitamins-vitamin_b6>0.05000</vitamins-vitamin_b6>
    <vitamins-vitamin_c>0.00000</vitamins-vitamin_c>
    <vitamins-vitamin_d>0.00000</vitamins-vitamin_d>
    <vitamins-vitamin_e>0.03000</vitamins-vitamin_e>
    <vitamins-vitamin_k>0.20000</vitamins-vitamin_k>
</food>