<food xmlns:xsi="http://www.w3.org/2001/XMLSchema-instance" xsi:noNamespaceSchemaLocation="https://xjrga.github.io/schemas/food_v2.xsd">
    <food-id>03045</food-id>
    <food-name>Babyfood, dinner, macaroni and tomato and beef, junior</food-name>
    <carbohydrates-carbs_by_diff>9.40000</carbohydrates-carbs_by_diff>
    <carbohydrates-fiber>1.10000</carbohydrates-fiber>
    <carbohydrates-glycemicindex>0.00000</carbohydrates-glycemicindex>
    <energy-gross>59.00000</energy-gross>
    <fats-cholesterol>4.00000</fats-cholesterol>
    <fats-dha>0.00000</fats-dha>
    <fats-epa>0.00000</fats-epa>
    <fats-lauric>0.00100</fats-lauric>
    <fats-linoleic>0.06600</fats-linoleic>
    <fats-linolenic>0.00700</fats-linolenic>
    <fats-monounsaturated>0.44700</fats-monounsaturated>
    <fats-myristic>0.02000</fats-myristic>
    <fats-palmitic>0.24000</fats-palmitic>
    <fats-polyunsaturated>0.07900</fats-polyunsaturated>
    <fats-saturated>0.41100</fats-saturated>
    <fats-stearic>0.11000</fats-stearic>
    <fats-total>1.10000</fats-total>
    <minerals-calcium>14.00000</minerals-calcium>
    <minerals-copper>0.03900</minerals-copper>
    <minerals-iron>0.36000</minerals-iron>
    <minerals-magnesium>7.00000</minerals-magnesium>
    <minerals-manganese>0.00000</minerals-manganese>
    <minerals-phosphorus>44.00000</minerals-phosphorus>
    <minerals-potassium>72.00000</minerals-potassium>
    <minerals-selenium>8.40000</minerals-selenium>
    <minerals-sodium>35.00000</minerals-sodium>
    <minerals-zinc>0.36000</minerals-zinc>
    <other-alcohol>0.00000</other-alcohol>
    <other-cost>0.0</other-cost>
    <other-water>86.70000</other-water>
    <other-weight>100.00000</other-weight>
    <protein-complete>0.00000</protein-complete>
    <protein-total>2.50000</protein-total>
    <vitamins-choline>10.40000</vitamins-choline>
    <vitamins-folate>11.00000</vitamins-folate>
    <vitamins-niacin>0.75100</vitamins-niacin>
    <vitamins-pantothenic_acid>0.00000</vitamins-pantothenic_acid>
    <vitamins-riboflavin>0.05500</vitamins-riboflavin>
    <vitamins-thiamin>0.04800</vitamins-thiamin>
    <vitamins-vitamin_a>35.00000</vitamins-vitamin_a>
    <vitamins-vitamin_b12>0.24000</vitamins-vitamin_b12>
    <vitamins-vitamin_b6>0.04700</vitamins-vitamin_b6>
    <vitamins-vitamin_c>1.50000</vitamins-vitamin_c>
    <vitamins-vitamin_d>0.00000</vitamins-vitamin_d>
    <vitamins-vitamin_e>0.81000</vitamins-vitamin_e>
    <vitamins-vitamin_k>6.70000</vitamins-vitamin_k>
</food>