<food xmlns:xsi="http://www.w3.org/2001/XMLSchema-instance" xsi:noNamespaceSchemaLocation="https://xjrga.github.io/schemas/food_v2.xsd">
    <food-id>03010</food-id>
    <food-name>Babyfood, meat, lamb, strained</food-name>
    <carbohydrates-carbs_by_diff>0.85000</carbohydrates-carbs_by_diff>
    <carbohydrates-fiber>0.00000</carbohydrates-fiber>
    <carbohydrates-glycemicindex>0.00000</carbohydrates-glycemicindex>
    <energy-gross>87.00000</energy-gross>
    <fats-cholesterol>36.00000</fats-cholesterol>
    <fats-dha>0.00000</fats-dha>
    <fats-epa>0.02000</fats-epa>
    <fats-lauric>0.01000</fats-lauric>
    <fats-linoleic>0.17000</fats-linoleic>
    <fats-linolenic>0.08000</fats-linolenic>
    <fats-monounsaturated>1.27000</fats-monounsaturated>
    <fats-myristic>0.15000</fats-myristic>
    <fats-palmitic>0.72000</fats-palmitic>
    <fats-polyunsaturated>0.31000</fats-polyunsaturated>
    <fats-saturated>1.65000</fats-saturated>
    <fats-stearic>0.68000</fats-stearic>
    <fats-total>3.41000</fats-total>
    <minerals-calcium>7.00000</minerals-calcium>
    <minerals-copper>0.14800</minerals-copper>
    <minerals-iron>1.19000</minerals-iron>
    <minerals-magnesium>13.00000</minerals-magnesium>
    <minerals-manganese>0.03700</minerals-manganese>
    <minerals-phosphorus>104.00000</minerals-phosphorus>
    <minerals-potassium>193.00000</minerals-potassium>
    <minerals-selenium>2.20000</minerals-selenium>
    <minerals-sodium>43.00000</minerals-sodium>
    <minerals-zinc>2.43000</minerals-zinc>
    <other-alcohol>0.00000</other-alcohol>
    <other-cost>0.0</other-cost>
    <other-water>81.06000</other-water>
    <other-weight>100.00000</other-weight>
    <protein-complete>0.00000</protein-complete>
    <protein-total>14.07000</protein-total>
    <vitamins-choline>54.70000</vitamins-choline>
    <vitamins-folate>0.00000</vitamins-folate>
    <vitamins-niacin>2.90800</vitamins-niacin>
    <vitamins-pantothenic_acid>0.11200</vitamins-pantothenic_acid>
    <vitamins-riboflavin>0.17400</vitamins-riboflavin>
    <vitamins-thiamin>0.02000</vitamins-thiamin>
    <vitamins-vitamin_a>0.00000</vitamins-vitamin_a>
    <vitamins-vitamin_b12>1.90000</vitamins-vitamin_b12>
    <vitamins-vitamin_b6>0.03700</vitamins-vitamin_b6>
    <vitamins-vitamin_c>1.20000</vitamins-vitamin_c>
    <vitamins-vitamin_d>0.10000</vitamins-vitamin_d>
    <vitamins-vitamin_e>0.19000</vitamins-vitamin_e>
    <vitamins-vitamin_k>0.60000</vitamins-vitamin_k>
</food>