<food xmlns:xsi="http://www.w3.org/2001/XMLSchema-instance" xsi:noNamespaceSchemaLocation="https://xjrga.github.io/schemas/food_v2.xsd">
    <food-id>03011</food-id>
    <food-name>Babyfood, meat, lamb, junior</food-name>
    <carbohydrates-carbs_by_diff>0.00000</carbohydrates-carbs_by_diff>
    <carbohydrates-fiber>0.00000</carbohydrates-fiber>
    <carbohydrates-glycemicindex>0.00000</carbohydrates-glycemicindex>
    <energy-gross>112.00000</energy-gross>
    <fats-cholesterol>38.00000</fats-cholesterol>
    <fats-dha>0.00000</fats-dha>
    <fats-epa>0.00000</fats-epa>
    <fats-lauric>0.00000</fats-lauric>
    <fats-linoleic>0.15000</fats-linoleic>
    <fats-linolenic>0.06000</fats-linolenic>
    <fats-monounsaturated>2.06000</fats-monounsaturated>
    <fats-myristic>0.12000</fats-myristic>
    <fats-palmitic>1.14000</fats-palmitic>
    <fats-polyunsaturated>0.22000</fats-polyunsaturated>
    <fats-saturated>2.56000</fats-saturated>
    <fats-stearic>1.09000</fats-stearic>
    <fats-total>5.20000</fats-total>
    <minerals-calcium>7.00000</minerals-calcium>
    <minerals-copper>0.05700</minerals-copper>
    <minerals-iron>1.66000</minerals-iron>
    <minerals-magnesium>10.00000</minerals-magnesium>
    <minerals-manganese>0.00000</minerals-manganese>
    <minerals-phosphorus>91.00000</minerals-phosphorus>
    <minerals-potassium>211.00000</minerals-potassium>
    <minerals-selenium>7.00000</minerals-selenium>
    <minerals-sodium>42.00000</minerals-sodium>
    <minerals-zinc>2.60000</minerals-zinc>
    <other-alcohol>0.00000</other-alcohol>
    <other-cost>0.0</other-cost>
    <other-water>79.60000</other-water>
    <other-weight>100.00000</other-weight>
    <protein-complete>0.00000</protein-complete>
    <protein-total>15.20000</protein-total>
    <vitamins-choline>54.70000</vitamins-choline>
    <vitamins-folate>2.00000</vitamins-folate>
    <vitamins-niacin>3.19300</vitamins-niacin>
    <vitamins-pantothenic_acid>0.42400</vitamins-pantothenic_acid>
    <vitamins-riboflavin>0.19100</vitamins-riboflavin>
    <vitamins-thiamin>0.01900</vitamins-thiamin>
    <vitamins-vitamin_a>8.00000</vitamins-vitamin_a>
    <vitamins-vitamin_b12>2.27000</vitamins-vitamin_b12>
    <vitamins-vitamin_b6>0.18300</vitamins-vitamin_b6>
    <vitamins-vitamin_c>1.70000</vitamins-vitamin_c>
    <vitamins-vitamin_d>0.10000</vitamins-vitamin_d>
    <vitamins-vitamin_e>0.40000</vitamins-vitamin_e>
    <vitamins-vitamin_k>0.00000</vitamins-vitamin_k>
</food>