<food xmlns:xsi="http://www.w3.org/2001/XMLSchema-instance" xsi:noNamespaceSchemaLocation="https://xjrga.github.io/schemas/food_v2.xsd">
    <food-id>03059</food-id>
    <food-name>Babyfood, dinner, vegetables and bacon, strained</food-name>
    <carbohydrates-carbs_by_diff>8.81000</carbohydrates-carbs_by_diff>
    <carbohydrates-fiber>1.70000</carbohydrates-fiber>
    <carbohydrates-glycemicindex>0.00000</carbohydrates-glycemicindex>
    <energy-gross>69.00000</energy-gross>
    <fats-cholesterol>4.00000</fats-cholesterol>
    <fats-dha>0.00000</fats-dha>
    <fats-epa>0.00000</fats-epa>
    <fats-lauric>0.00500</fats-lauric>
    <fats-linoleic>0.32700</fats-linoleic>
    <fats-linolenic>0.04500</fats-linolenic>
    <fats-monounsaturated>1.34700</fats-monounsaturated>
    <fats-myristic>0.03000</fats-myristic>
    <fats-palmitic>0.67000</fats-palmitic>
    <fats-polyunsaturated>0.37700</fats-polyunsaturated>
    <fats-saturated>1.06300</fats-saturated>
    <fats-stearic>0.34000</fats-stearic>
    <fats-total>2.95000</fats-total>
    <minerals-calcium>14.00000</minerals-calcium>
    <minerals-copper>0.04000</minerals-copper>
    <minerals-iron>0.30000</minerals-iron>
    <minerals-magnesium>10.00000</minerals-magnesium>
    <minerals-manganese>0.14000</minerals-manganese>
    <minerals-phosphorus>28.00000</minerals-phosphorus>
    <minerals-potassium>116.00000</minerals-potassium>
    <minerals-selenium>1.70000</minerals-selenium>
    <minerals-sodium>49.00000</minerals-sodium>
    <minerals-zinc>0.30000</minerals-zinc>
    <other-alcohol>0.00000</other-alcohol>
    <other-cost>0.0</other-cost>
    <other-water>85.75000</other-water>
    <other-weight>100.00000</other-weight>
    <protein-complete>0.00000</protein-complete>
    <protein-total>1.92000</protein-total>
    <vitamins-choline>16.40000</vitamins-choline>
    <vitamins-folate>3.00000</vitamins-folate>
    <vitamins-niacin>0.47400</vitamins-niacin>
    <vitamins-pantothenic_acid>0.16000</vitamins-pantothenic_acid>
    <vitamins-riboflavin>0.03900</vitamins-riboflavin>
    <vitamins-thiamin>0.03200</vitamins-thiamin>
    <vitamins-vitamin_a>114.00000</vitamins-vitamin_a>
    <vitamins-vitamin_b12>0.06000</vitamins-vitamin_b12>
    <vitamins-vitamin_b6>0.05800</vitamins-vitamin_b6>
    <vitamins-vitamin_c>0.30000</vitamins-vitamin_c>
    <vitamins-vitamin_d>0.00000</vitamins-vitamin_d>
    <vitamins-vitamin_e>0.51000</vitamins-vitamin_e>
    <vitamins-vitamin_k>9.10000</vitamins-vitamin_k>
</food>