<food xmlns:xsi="http://www.w3.org/2001/XMLSchema-instance" xsi:noNamespaceSchemaLocation="https://xjrga.github.io/schemas/food_v2.xsd">
    <food-id>03012</food-id>
    <food-name>Babyfood, meat, chicken, strained</food-name>
    <carbohydrates-carbs_by_diff>0.10000</carbohydrates-carbs_by_diff>
    <carbohydrates-fiber>0.00000</carbohydrates-fiber>
    <carbohydrates-glycemicindex>0.00000</carbohydrates-glycemicindex>
    <energy-gross>130.00000</energy-gross>
    <fats-cholesterol>61.00000</fats-cholesterol>
    <fats-dha>0.00000</fats-dha>
    <fats-epa>0.00000</fats-epa>
    <fats-lauric>0.00000</fats-lauric>
    <fats-linoleic>1.85000</fats-linoleic>
    <fats-linolenic>0.04000</fats-linolenic>
    <fats-monounsaturated>3.56000</fats-monounsaturated>
    <fats-myristic>0.05000</fats-myristic>
    <fats-palmitic>1.48000</fats-palmitic>
    <fats-polyunsaturated>1.92000</fats-polyunsaturated>
    <fats-saturated>2.03000</fats-saturated>
    <fats-stearic>0.42000</fats-stearic>
    <fats-total>7.90000</fats-total>
    <minerals-calcium>64.00000</minerals-calcium>
    <minerals-copper>0.04500</minerals-copper>
    <minerals-iron>1.40000</minerals-iron>
    <minerals-magnesium>13.00000</minerals-magnesium>
    <minerals-manganese>0.00000</minerals-manganese>
    <minerals-phosphorus>97.00000</minerals-phosphorus>
    <minerals-potassium>141.00000</minerals-potassium>
    <minerals-selenium>11.00000</minerals-selenium>
    <minerals-sodium>49.00000</minerals-sodium>
    <minerals-zinc>1.21000</minerals-zinc>
    <other-alcohol>0.00000</other-alcohol>
    <other-cost>0.0</other-cost>
    <other-water>77.50000</other-water>
    <other-weight>100.00000</other-weight>
    <protein-complete>0.00000</protein-complete>
    <protein-total>13.70000</protein-total>
    <vitamins-choline>43.20000</vitamins-choline>
    <vitamins-folate>3.00000</vitamins-folate>
    <vitamins-niacin>3.25500</vitamins-niacin>
    <vitamins-pantothenic_acid>0.68000</vitamins-pantothenic_acid>
    <vitamins-riboflavin>0.15200</vitamins-riboflavin>
    <vitamins-thiamin>0.01400</vitamins-thiamin>
    <vitamins-vitamin_a>6.00000</vitamins-vitamin_a>
    <vitamins-vitamin_b12>0.40000</vitamins-vitamin_b12>
    <vitamins-vitamin_b6>0.20000</vitamins-vitamin_b6>
    <vitamins-vitamin_c>1.70000</vitamins-vitamin_c>
    <vitamins-vitamin_d>0.30000</vitamins-vitamin_d>
    <vitamins-vitamin_e>0.25000</vitamins-vitamin_e>
    <vitamins-vitamin_k>1.00000</vitamins-vitamin_k>
</food>