<food xmlns:xsi="http://www.w3.org/2001/XMLSchema-instance" xsi:noNamespaceSchemaLocation="https://xjrga.github.io/schemas/food_v2.xsd">
    <food-id>03083</food-id>
    <food-name>Babyfood, dinner, turkey and rice, junior</food-name>
    <carbohydrates-carbs_by_diff>9.57000</carbohydrates-carbs_by_diff>
    <carbohydrates-fiber>1.00000</carbohydrates-fiber>
    <carbohydrates-glycemicindex>0.00000</carbohydrates-glycemicindex>
    <energy-gross>56.00000</energy-gross>
    <fats-cholesterol>4.00000</fats-cholesterol>
    <fats-dha>0.00200</fats-dha>
    <fats-epa>0.00000</fats-epa>
    <fats-lauric>0.00100</fats-lauric>
    <fats-linoleic>0.20300</fats-linoleic>
    <fats-linolenic>0.01600</fats-linolenic>
    <fats-monounsaturated>0.30400</fats-monounsaturated>
    <fats-myristic>0.00800</fats-myristic>
    <fats-palmitic>0.15000</fats-palmitic>
    <fats-polyunsaturated>0.23300</fats-polyunsaturated>
    <fats-saturated>0.23900</fats-saturated>
    <fats-stearic>0.05000</fats-stearic>
    <fats-total>0.92000</fats-total>
    <minerals-calcium>24.00000</minerals-calcium>
    <minerals-copper>0.03000</minerals-copper>
    <minerals-iron>0.41000</minerals-iron>
    <minerals-magnesium>9.00000</minerals-magnesium>
    <minerals-manganese>0.12000</minerals-manganese>
    <minerals-phosphorus>37.00000</minerals-phosphorus>
    <minerals-potassium>86.00000</minerals-potassium>
    <minerals-selenium>3.30000</minerals-selenium>
    <minerals-sodium>23.00000</minerals-sodium>
    <minerals-zinc>0.47000</minerals-zinc>
    <other-alcohol>0.00000</other-alcohol>
    <other-cost>0.0</other-cost>
    <other-water>86.64000</other-water>
    <other-weight>100.00000</other-weight>
    <protein-complete>0.00000</protein-complete>
    <protein-total>2.37000</protein-total>
    <vitamins-choline>7.70000</vitamins-choline>
    <vitamins-folate>8.00000</vitamins-folate>
    <vitamins-niacin>0.69200</vitamins-niacin>
    <vitamins-pantothenic_acid>0.20000</vitamins-pantothenic_acid>
    <vitamins-riboflavin>0.04400</vitamins-riboflavin>
    <vitamins-thiamin>0.03300</vitamins-thiamin>
    <vitamins-vitamin_a>94.00000</vitamins-vitamin_a>
    <vitamins-vitamin_b12>0.02000</vitamins-vitamin_b12>
    <vitamins-vitamin_b6>0.05200</vitamins-vitamin_b6>
    <vitamins-vitamin_c>0.30000</vitamins-vitamin_c>
    <vitamins-vitamin_d>0.00000</vitamins-vitamin_d>
    <vitamins-vitamin_e>0.31000</vitamins-vitamin_e>
    <vitamins-vitamin_k>3.00000</vitamins-vitamin_k>
</food>