<food xmlns:xsi="http://www.w3.org/2001/XMLSchema-instance" xsi:noNamespaceSchemaLocation="https://xjrga.github.io/schemas/food_v2.xsd">
    <food-id>03070</food-id>
    <food-name>Babyfood, dinner, chicken soup, strained</food-name>
    <carbohydrates-carbs_by_diff>7.20000</carbohydrates-carbs_by_diff>
    <carbohydrates-fiber>1.10000</carbohydrates-fiber>
    <carbohydrates-glycemicindex>0.00000</carbohydrates-glycemicindex>
    <energy-gross>50.00000</energy-gross>
    <fats-cholesterol>4.00000</fats-cholesterol>
    <fats-dha>0.00100</fats-dha>
    <fats-epa>0.00000</fats-epa>
    <fats-lauric>0.00100</fats-lauric>
    <fats-linoleic>0.79200</fats-linoleic>
    <fats-linolenic>0.10300</fats-linolenic>
    <fats-monounsaturated>0.42500</fats-monounsaturated>
    <fats-myristic>0.00400</fats-myristic>
    <fats-palmitic>0.20000</fats-palmitic>
    <fats-polyunsaturated>0.90000</fats-polyunsaturated>
    <fats-saturated>0.27800</fats-saturated>
    <fats-stearic>0.06000</fats-stearic>
    <fats-total>1.70000</fats-total>
    <minerals-calcium>37.00000</minerals-calcium>
    <minerals-copper>0.27900</minerals-copper>
    <minerals-iron>0.27000</minerals-iron>
    <minerals-magnesium>5.00000</minerals-magnesium>
    <minerals-manganese>0.00000</minerals-manganese>
    <minerals-phosphorus>24.00000</minerals-phosphorus>
    <minerals-potassium>66.00000</minerals-potassium>
    <minerals-selenium>1.40000</minerals-selenium>
    <minerals-sodium>16.00000</minerals-sodium>
    <minerals-zinc>0.22000</minerals-zinc>
    <other-alcohol>0.00000</other-alcohol>
    <other-cost>0.0</other-cost>
    <other-water>89.10000</other-water>
    <other-weight>100.00000</other-weight>
    <protein-complete>0.00000</protein-complete>
    <protein-total>1.60000</protein-total>
    <vitamins-choline>6.40000</vitamins-choline>
    <vitamins-folate>5.00000</vitamins-folate>
    <vitamins-niacin>0.29300</vitamins-niacin>
    <vitamins-pantothenic_acid>0.00000</vitamins-pantothenic_acid>
    <vitamins-riboflavin>0.03200</vitamins-riboflavin>
    <vitamins-thiamin>0.01700</vitamins-thiamin>
    <vitamins-vitamin_a>69.00000</vitamins-vitamin_a>
    <vitamins-vitamin_b12>0.12000</vitamins-vitamin_b12>
    <vitamins-vitamin_b6>0.03700</vitamins-vitamin_b6>
    <vitamins-vitamin_c>1.00000</vitamins-vitamin_c>
    <vitamins-vitamin_d>0.10000</vitamins-vitamin_d>
    <vitamins-vitamin_e>0.51000</vitamins-vitamin_e>
    <vitamins-vitamin_k>6.90000</vitamins-vitamin_k>
</food>