<food xmlns:xsi="http://www.w3.org/2001/XMLSchema-instance" xsi:noNamespaceSchemaLocation="https://xjrga.github.io/schemas/food_v2.xsd">
    <food-id>03067</food-id>
    <food-name>Babyfood, dinner, vegetables and lamb, junior</food-name>
    <carbohydrates-carbs_by_diff>7.10000</carbohydrates-carbs_by_diff>
    <carbohydrates-fiber>1.10000</carbohydrates-fiber>
    <carbohydrates-glycemicindex>0.00000</carbohydrates-glycemicindex>
    <energy-gross>51.00000</energy-gross>
    <fats-cholesterol>5.00000</fats-cholesterol>
    <fats-dha>0.00000</fats-dha>
    <fats-epa>0.00000</fats-epa>
    <fats-lauric>0.00700</fats-lauric>
    <fats-linoleic>0.12200</fats-linoleic>
    <fats-linolenic>0.02600</fats-linolenic>
    <fats-monounsaturated>0.69000</fats-monounsaturated>
    <fats-myristic>0.06000</fats-myristic>
    <fats-palmitic>0.35000</fats-palmitic>
    <fats-polyunsaturated>0.15400</fats-polyunsaturated>
    <fats-saturated>0.69600</fats-saturated>
    <fats-stearic>0.22000</fats-stearic>
    <fats-total>1.70000</fats-total>
    <minerals-calcium>13.00000</minerals-calcium>
    <minerals-copper>0.02900</minerals-copper>
    <minerals-iron>0.34000</minerals-iron>
    <minerals-magnesium>7.00000</minerals-magnesium>
    <minerals-manganese>0.00000</minerals-manganese>
    <minerals-phosphorus>49.00000</minerals-phosphorus>
    <minerals-potassium>95.00000</minerals-potassium>
    <minerals-selenium>2.40000</minerals-selenium>
    <minerals-sodium>13.00000</minerals-sodium>
    <minerals-zinc>0.22000</minerals-zinc>
    <other-alcohol>0.00000</other-alcohol>
    <other-cost>0.0</other-cost>
    <other-water>88.60000</other-water>
    <other-weight>100.00000</other-weight>
    <protein-complete>0.00000</protein-complete>
    <protein-total>2.10000</protein-total>
    <vitamins-choline>0.00000</vitamins-choline>
    <vitamins-folate>4.00000</vitamins-folate>
    <vitamins-niacin>0.55400</vitamins-niacin>
    <vitamins-pantothenic_acid>0.15900</vitamins-pantothenic_acid>
    <vitamins-riboflavin>0.03200</vitamins-riboflavin>
    <vitamins-thiamin>0.02100</vitamins-thiamin>
    <vitamins-vitamin_a>138.00000</vitamins-vitamin_a>
    <vitamins-vitamin_b12>0.16000</vitamins-vitamin_b12>
    <vitamins-vitamin_b6>0.04400</vitamins-vitamin_b6>
    <vitamins-vitamin_c>1.70000</vitamins-vitamin_c>
    <vitamins-vitamin_d>0.00000</vitamins-vitamin_d>
    <vitamins-vitamin_e>0.24000</vitamins-vitamin_e>
    <vitamins-vitamin_k>0.00000</vitamins-vitamin_k>
</food>