<food xmlns:xsi="http://www.w3.org/2001/XMLSchema-instance" xsi:noNamespaceSchemaLocation="https://xjrga.github.io/schemas/food_v2.xsd">
    <food-id>03051</food-id>
    <food-name>Babyfood, dinner, spaghetti and tomato and meat, toddler</food-name>
    <carbohydrates-carbs_by_diff>10.80000</carbohydrates-carbs_by_diff>
    <carbohydrates-fiber>0.00000</carbohydrates-fiber>
    <carbohydrates-glycemicindex>0.00000</carbohydrates-glycemicindex>
    <energy-gross>75.00000</energy-gross>
    <fats-cholesterol>0.00000</fats-cholesterol>
    <fats-dha>0.00000</fats-dha>
    <fats-epa>0.00000</fats-epa>
    <fats-lauric>0.00000</fats-lauric>
    <fats-linoleic>0.00000</fats-linoleic>
    <fats-linolenic>0.00000</fats-linolenic>
    <fats-monounsaturated>0.00000</fats-monounsaturated>
    <fats-myristic>0.00000</fats-myristic>
    <fats-palmitic>0.00000</fats-palmitic>
    <fats-polyunsaturated>0.00000</fats-polyunsaturated>
    <fats-saturated>0.00000</fats-saturated>
    <fats-stearic>0.00000</fats-stearic>
    <fats-total>1.00000</fats-total>
    <minerals-calcium>22.00000</minerals-calcium>
    <minerals-copper>0.02000</minerals-copper>
    <minerals-iron>0.90000</minerals-iron>
    <minerals-magnesium>15.00000</minerals-magnesium>
    <minerals-manganese>0.00000</minerals-manganese>
    <minerals-phosphorus>45.00000</minerals-phosphorus>
    <minerals-potassium>163.00000</minerals-potassium>
    <minerals-selenium>8.40000</minerals-selenium>
    <minerals-sodium>239.00000</minerals-sodium>
    <minerals-zinc>0.48000</minerals-zinc>
    <other-alcohol>0.00000</other-alcohol>
    <other-cost>0.0</other-cost>
    <other-water>81.60000</other-water>
    <other-weight>100.00000</other-weight>
    <protein-complete>0.00000</protein-complete>
    <protein-total>5.30000</protein-total>
    <vitamins-choline>0.00000</vitamins-choline>
    <vitamins-folate>50.00000</vitamins-folate>
    <vitamins-niacin>1.55800</vitamins-niacin>
    <vitamins-pantothenic_acid>0.00000</vitamins-pantothenic_acid>
    <vitamins-riboflavin>0.10100</vitamins-riboflavin>
    <vitamins-thiamin>0.06200</vitamins-thiamin>
    <vitamins-vitamin_a>22.00000</vitamins-vitamin_a>
    <vitamins-vitamin_b12>0.23000</vitamins-vitamin_b12>
    <vitamins-vitamin_b6>0.08300</vitamins-vitamin_b6>
    <vitamins-vitamin_c>4.10000</vitamins-vitamin_c>
    <vitamins-vitamin_d>0.00000</vitamins-vitamin_d>
    <vitamins-vitamin_e>0.00000</vitamins-vitamin_e>
    <vitamins-vitamin_k>0.00000</vitamins-vitamin_k>
</food>