<food xmlns:xsi="http://www.w3.org/2001/XMLSchema-instance" xsi:noNamespaceSchemaLocation="https://xjrga.github.io/schemas/food_v2.xsd">
    <food-id>03127</food-id>
    <food-name>Babyfood, vegetables, spinach, creamed, strained</food-name>
    <carbohydrates-carbs_by_diff>5.70000</carbohydrates-carbs_by_diff>
    <carbohydrates-fiber>1.80000</carbohydrates-fiber>
    <carbohydrates-glycemicindex>0.00000</carbohydrates-glycemicindex>
    <energy-gross>37.00000</energy-gross>
    <fats-cholesterol>5.00000</fats-cholesterol>
    <fats-dha>0.00000</fats-dha>
    <fats-epa>0.00000</fats-epa>
    <fats-lauric>0.02000</fats-lauric>
    <fats-linoleic>0.06000</fats-linoleic>
    <fats-linolenic>0.07100</fats-linolenic>
    <fats-monounsaturated>0.33200</fats-monounsaturated>
    <fats-myristic>0.11000</fats-myristic>
    <fats-palmitic>0.31000</fats-palmitic>
    <fats-polyunsaturated>0.13300</fats-polyunsaturated>
    <fats-saturated>0.70200</fats-saturated>
    <fats-stearic>0.13000</fats-stearic>
    <fats-total>1.30000</fats-total>
    <minerals-calcium>89.00000</minerals-calcium>
    <minerals-copper>0.06000</minerals-copper>
    <minerals-iron>0.62000</minerals-iron>
    <minerals-magnesium>55.00000</minerals-magnesium>
    <minerals-manganese>0.00000</minerals-manganese>
    <minerals-phosphorus>54.00000</minerals-phosphorus>
    <minerals-potassium>191.00000</minerals-potassium>
    <minerals-selenium>2.40000</minerals-selenium>
    <minerals-sodium>49.00000</minerals-sodium>
    <minerals-zinc>0.31000</minerals-zinc>
    <other-alcohol>0.00000</other-alcohol>
    <other-cost>0.0</other-cost>
    <other-water>89.60000</other-water>
    <other-weight>100.00000</other-weight>
    <protein-complete>0.00000</protein-complete>
    <protein-total>2.50000</protein-total>
    <vitamins-choline>16.10000</vitamins-choline>
    <vitamins-folate>61.00000</vitamins-folate>
    <vitamins-niacin>0.21600</vitamins-niacin>
    <vitamins-pantothenic_acid>0.00000</vitamins-pantothenic_acid>
    <vitamins-riboflavin>0.10400</vitamins-riboflavin>
    <vitamins-thiamin>0.01500</vitamins-thiamin>
    <vitamins-vitamin_a>227.00000</vitamins-vitamin_a>
    <vitamins-vitamin_b12>0.06000</vitamins-vitamin_b12>
    <vitamins-vitamin_b6>0.07500</vitamins-vitamin_b6>
    <vitamins-vitamin_c>8.70000</vitamins-vitamin_c>
    <vitamins-vitamin_d>0.00000</vitamins-vitamin_d>
    <vitamins-vitamin_e>0.83000</vitamins-vitamin_e>
    <vitamins-vitamin_k>196.70000</vitamins-vitamin_k>
</food>