<food xmlns:xsi="http://www.w3.org/2001/XMLSchema-instance" xsi:noNamespaceSchemaLocation="https://xjrga.github.io/schemas/food_v2.xsd">
    <food-id>03184</food-id>
    <food-name>Babyfood, cereal, whole wheat, with apples, dry fortified</food-name>
    <carbohydrates-carbs_by_diff>83.20000</carbohydrates-carbs_by_diff>
    <carbohydrates-fiber>6.70000</carbohydrates-fiber>
    <carbohydrates-glycemicindex>0.00000</carbohydrates-glycemicindex>
    <energy-gross>402.00000</energy-gross>
    <fats-cholesterol>0.00000</fats-cholesterol>
    <fats-dha>0.00000</fats-dha>
    <fats-epa>0.00000</fats-epa>
    <fats-lauric>0.00000</fats-lauric>
    <fats-linoleic>1.60600</fats-linoleic>
    <fats-linolenic>0.25700</fats-linolenic>
    <fats-monounsaturated>1.27700</fats-monounsaturated>
    <fats-myristic>0.00500</fats-myristic>
    <fats-palmitic>0.49000</fats-palmitic>
    <fats-polyunsaturated>1.86600</fats-polyunsaturated>
    <fats-saturated>0.63900</fats-saturated>
    <fats-stearic>0.08000</fats-stearic>
    <fats-total>4.80000</fats-total>
    <minerals-calcium>600.00000</minerals-calcium>
    <minerals-copper>0.62000</minerals-copper>
    <minerals-iron>45.00000</minerals-iron>
    <minerals-magnesium>140.00000</minerals-magnesium>
    <minerals-manganese>2.52000</minerals-manganese>
    <minerals-phosphorus>200.00000</minerals-phosphorus>
    <minerals-potassium>500.00000</minerals-potassium>
    <minerals-selenium>64.70000</minerals-selenium>
    <minerals-sodium>66.00000</minerals-sodium>
    <minerals-zinc>2.60000</minerals-zinc>
    <other-alcohol>0.00000</other-alcohol>
    <other-cost>0.0</other-cost>
    <other-water>1.70000</other-water>
    <other-weight>100.00000</other-weight>
    <protein-complete>0.00000</protein-complete>
    <protein-total>6.60000</protein-total>
    <vitamins-choline>42.10000</vitamins-choline>
    <vitamins-folate>265.00000</vitamins-folate>
    <vitamins-niacin>13.33000</vitamins-niacin>
    <vitamins-pantothenic_acid>0.95300</vitamins-pantothenic_acid>
    <vitamins-riboflavin>1.00000</vitamins-riboflavin>
    <vitamins-thiamin>0.33000</vitamins-thiamin>
    <vitamins-vitamin_a>0.00000</vitamins-vitamin_a>
    <vitamins-vitamin_b12>3.33000</vitamins-vitamin_b12>
    <vitamins-vitamin_b6>0.66000</vitamins-vitamin_b6>
    <vitamins-vitamin_c>58.30000</vitamins-vitamin_c>
    <vitamins-vitamin_d>0.00000</vitamins-vitamin_d>
    <vitamins-vitamin_e>50.00000</vitamins-vitamin_e>
    <vitamins-vitamin_k>8.30000</vitamins-vitamin_k>
</food>