<food xmlns:xsi="http://www.w3.org/2001/XMLSchema-instance" xsi:noNamespaceSchemaLocation="https://xjrga.github.io/schemas/food_v2.xsd">
    <food-id>03114</food-id>
    <food-name>Babyfood, vegetable, butternut squash and corn</food-name>
    <carbohydrates-carbs_by_diff>9.26000</carbohydrates-carbs_by_diff>
    <carbohydrates-fiber>2.00000</carbohydrates-fiber>
    <carbohydrates-glycemicindex>0.00000</carbohydrates-glycemicindex>
    <energy-gross>50.00000</energy-gross>
    <fats-cholesterol>0.00000</fats-cholesterol>
    <fats-dha>0.00000</fats-dha>
    <fats-epa>0.00000</fats-epa>
    <fats-lauric>0.00000</fats-lauric>
    <fats-linoleic>0.26200</fats-linoleic>
    <fats-linolenic>0.01900</fats-linolenic>
    <fats-monounsaturated>0.16600</fats-monounsaturated>
    <fats-myristic>0.00000</fats-myristic>
    <fats-palmitic>0.08000</fats-palmitic>
    <fats-polyunsaturated>0.28000</fats-polyunsaturated>
    <fats-saturated>0.09500</fats-saturated>
    <fats-stearic>0.00600</fats-stearic>
    <fats-total>0.60000</fats-total>
    <minerals-calcium>32.00000</minerals-calcium>
    <minerals-copper>0.10000</minerals-copper>
    <minerals-iron>0.40000</minerals-iron>
    <minerals-magnesium>26.00000</minerals-magnesium>
    <minerals-manganese>0.12000</minerals-manganese>
    <minerals-phosphorus>35.00000</minerals-phosphorus>
    <minerals-potassium>352.00000</minerals-potassium>
    <minerals-selenium>0.60000</minerals-selenium>
    <minerals-sodium>5.00000</minerals-sodium>
    <minerals-zinc>0.30000</minerals-zinc>
    <other-alcohol>0.00000</other-alcohol>
    <other-cost>0.0</other-cost>
    <other-water>87.30000</other-water>
    <other-weight>100.00000</other-weight>
    <protein-complete>0.00000</protein-complete>
    <protein-total>2.00000</protein-total>
    <vitamins-choline>12.50000</vitamins-choline>
    <vitamins-folate>23.00000</vitamins-folate>
    <vitamins-niacin>0.56000</vitamins-niacin>
    <vitamins-pantothenic_acid>0.31400</vitamins-pantothenic_acid>
    <vitamins-riboflavin>0.06000</vitamins-riboflavin>
    <vitamins-thiamin>0.06000</vitamins-thiamin>
    <vitamins-vitamin_a>140.00000</vitamins-vitamin_a>
    <vitamins-vitamin_b12>0.00000</vitamins-vitamin_b12>
    <vitamins-vitamin_b6>0.11000</vitamins-vitamin_b6>
    <vitamins-vitamin_c>4.90000</vitamins-vitamin_c>
    <vitamins-vitamin_d>0.00000</vitamins-vitamin_d>
    <vitamins-vitamin_e>0.08000</vitamins-vitamin_e>
    <vitamins-vitamin_k>2.40000</vitamins-vitamin_k>
</food>