<food xmlns:xsi="http://www.w3.org/2001/XMLSchema-instance" xsi:noNamespaceSchemaLocation="https://xjrga.github.io/schemas/food_v2.xsd">
    <food-id>03139</food-id>
    <food-name>Babyfood, prunes, without vitamin c, strained</food-name>
    <carbohydrates-carbs_by_diff>23.52000</carbohydrates-carbs_by_diff>
    <carbohydrates-fiber>2.70000</carbohydrates-fiber>
    <carbohydrates-glycemicindex>0.00000</carbohydrates-glycemicindex>
    <energy-gross>100.00000</energy-gross>
    <fats-cholesterol>0.00000</fats-cholesterol>
    <fats-dha>0.00000</fats-dha>
    <fats-epa>0.00000</fats-epa>
    <fats-lauric>0.00000</fats-lauric>
    <fats-linoleic>0.04400</fats-linoleic>
    <fats-linolenic>0.00000</fats-linolenic>
    <fats-monounsaturated>0.13000</fats-monounsaturated>
    <fats-myristic>0.00000</fats-myristic>
    <fats-palmitic>0.01000</fats-palmitic>
    <fats-polyunsaturated>0.04000</fats-polyunsaturated>
    <fats-saturated>0.02000</fats-saturated>
    <fats-stearic>0.00300</fats-stearic>
    <fats-total>0.20000</fats-total>
    <minerals-calcium>21.00000</minerals-calcium>
    <minerals-copper>0.16400</minerals-copper>
    <minerals-iron>0.40000</minerals-iron>
    <minerals-magnesium>17.00000</minerals-magnesium>
    <minerals-manganese>0.00000</minerals-manganese>
    <minerals-phosphorus>30.00000</minerals-phosphorus>
    <minerals-potassium>306.00000</minerals-potassium>
    <minerals-selenium>0.80000</minerals-selenium>
    <minerals-sodium>1.00000</minerals-sodium>
    <minerals-zinc>0.20000</minerals-zinc>
    <other-alcohol>0.00000</other-alcohol>
    <other-cost>0.0</other-cost>
    <other-water>74.30000</other-water>
    <other-weight>100.00000</other-weight>
    <protein-complete>0.00000</protein-complete>
    <protein-total>1.00000</protein-total>
    <vitamins-choline>3.70000</vitamins-choline>
    <vitamins-folate>1.00000</vitamins-folate>
    <vitamins-niacin>0.72000</vitamins-niacin>
    <vitamins-pantothenic_acid>0.00000</vitamins-pantothenic_acid>
    <vitamins-riboflavin>0.21000</vitamins-riboflavin>
    <vitamins-thiamin>0.02000</vitamins-thiamin>
    <vitamins-vitamin_a>3.00000</vitamins-vitamin_a>
    <vitamins-vitamin_b12>0.00000</vitamins-vitamin_b12>
    <vitamins-vitamin_b6>0.11000</vitamins-vitamin_b6>
    <vitamins-vitamin_c>1.30000</vitamins-vitamin_c>
    <vitamins-vitamin_d>0.00000</vitamins-vitamin_d>
    <vitamins-vitamin_e>0.55000</vitamins-vitamin_e>
    <vitamins-vitamin_k>22.10000</vitamins-vitamin_k>
</food>