<food xmlns:xsi="http://www.w3.org/2001/XMLSchema-instance" xsi:noNamespaceSchemaLocation="https://xjrga.github.io/schemas/food_v2.xsd">
    <food-id>03147</food-id>
    <food-name>Babyfood, fruit, applesauce with banana, junior</food-name>
    <carbohydrates-carbs_by_diff>16.16000</carbohydrates-carbs_by_diff>
    <carbohydrates-fiber>1.60000</carbohydrates-fiber>
    <carbohydrates-glycemicindex>0.00000</carbohydrates-glycemicindex>
    <energy-gross>66.00000</energy-gross>
    <fats-cholesterol>0.00000</fats-cholesterol>
    <fats-dha>0.00000</fats-dha>
    <fats-epa>0.00000</fats-epa>
    <fats-lauric>0.00100</fats-lauric>
    <fats-linoleic>0.04000</fats-linoleic>
    <fats-linolenic>0.01100</fats-linolenic>
    <fats-monounsaturated>0.01000</fats-monounsaturated>
    <fats-myristic>0.00100</fats-myristic>
    <fats-palmitic>0.03000</fats-palmitic>
    <fats-polyunsaturated>0.05000</fats-polyunsaturated>
    <fats-saturated>0.04000</fats-saturated>
    <fats-stearic>0.00300</fats-stearic>
    <fats-total>0.10000</fats-total>
    <minerals-calcium>5.00000</minerals-calcium>
    <minerals-copper>0.04000</minerals-copper>
    <minerals-iron>0.24000</minerals-iron>
    <minerals-magnesium>9.00000</minerals-magnesium>
    <minerals-manganese>0.10000</minerals-manganese>
    <minerals-phosphorus>12.00000</minerals-phosphorus>
    <minerals-potassium>131.00000</minerals-potassium>
    <minerals-selenium>0.40000</minerals-selenium>
    <minerals-sodium>3.00000</minerals-sodium>
    <minerals-zinc>0.05000</minerals-zinc>
    <other-alcohol>0.00000</other-alcohol>
    <other-cost>0.0</other-cost>
    <other-water>83.14000</other-water>
    <other-weight>100.00000</other-weight>
    <protein-complete>0.00000</protein-complete>
    <protein-total>0.37000</protein-total>
    <vitamins-choline>4.90000</vitamins-choline>
    <vitamins-folate>3.00000</vitamins-folate>
    <vitamins-niacin>0.16300</vitamins-niacin>
    <vitamins-pantothenic_acid>0.13500</vitamins-pantothenic_acid>
    <vitamins-riboflavin>0.03100</vitamins-riboflavin>
    <vitamins-thiamin>0.01000</vitamins-thiamin>
    <vitamins-vitamin_a>0.00000</vitamins-vitamin_a>
    <vitamins-vitamin_b12>0.00000</vitamins-vitamin_b12>
    <vitamins-vitamin_b6>0.10000</vitamins-vitamin_b6>
    <vitamins-vitamin_c>17.30000</vitamins-vitamin_c>
    <vitamins-vitamin_d>0.00000</vitamins-vitamin_d>
    <vitamins-vitamin_e>0.02000</vitamins-vitamin_e>
    <vitamins-vitamin_k>0.30000</vitamins-vitamin_k>
</food>