<food xmlns:xsi="http://www.w3.org/2001/XMLSchema-instance" xsi:noNamespaceSchemaLocation="https://xjrga.github.io/schemas/food_v2.xsd">
    <food-id>03194</food-id>
    <food-name>Babyfood, cereal, Rice, dry, fortified</food-name>
    <carbohydrates-carbs_by_diff>83.14000</carbohydrates-carbs_by_diff>
    <carbohydrates-fiber>1.30000</carbohydrates-fiber>
    <carbohydrates-glycemicindex>0.00000</carbohydrates-glycemicindex>
    <energy-gross>390.00000</energy-gross>
    <fats-cholesterol>0.00000</fats-cholesterol>
    <fats-dha>0.00000</fats-dha>
    <fats-epa>0.00000</fats-epa>
    <fats-lauric>0.00000</fats-lauric>
    <fats-linoleic>0.36300</fats-linoleic>
    <fats-linolenic>0.02900</fats-linolenic>
    <fats-monounsaturated>0.42000</fats-monounsaturated>
    <fats-myristic>0.00900</fats-myristic>
    <fats-palmitic>0.17000</fats-palmitic>
    <fats-polyunsaturated>0.78400</fats-polyunsaturated>
    <fats-saturated>0.23400</fats-saturated>
    <fats-stearic>0.03000</fats-stearic>
    <fats-total>2.19000</fats-total>
    <minerals-calcium>860.00000</minerals-calcium>
    <minerals-copper>0.23100</minerals-copper>
    <minerals-iron>53.01000</minerals-iron>
    <minerals-magnesium>37.00000</minerals-magnesium>
    <minerals-manganese>1.40200</minerals-manganese>
    <minerals-phosphorus>273.00000</minerals-phosphorus>
    <minerals-potassium>281.00000</minerals-potassium>
    <minerals-selenium>5.00000</minerals-selenium>
    <minerals-sodium>32.00000</minerals-sodium>
    <minerals-zinc>10.92000</minerals-zinc>
    <other-alcohol>0.00000</other-alcohol>
    <other-cost>0.0</other-cost>
    <other-water>5.13000</other-water>
    <other-weight>100.00000</other-weight>
    <protein-complete>0.00000</protein-complete>
    <protein-total>6.65000</protein-total>
    <vitamins-choline>20.90000</vitamins-choline>
    <vitamins-folate>375.00000</vitamins-folate>
    <vitamins-niacin>23.00600</vitamins-niacin>
    <vitamins-pantothenic_acid>1.60100</vitamins-pantothenic_acid>
    <vitamins-riboflavin>1.45900</vitamins-riboflavin>
    <vitamins-thiamin>1.19500</vitamins-thiamin>
    <vitamins-vitamin_a>0.00000</vitamins-vitamin_a>
    <vitamins-vitamin_b12>4.60000</vitamins-vitamin_b12>
    <vitamins-vitamin_b6>0.88500</vitamins-vitamin_b6>
    <vitamins-vitamin_c>2.40000</vitamins-vitamin_c>
    <vitamins-vitamin_d>8.50000</vitamins-vitamin_d>
    <vitamins-vitamin_e>5.00000</vitamins-vitamin_e>
    <vitamins-vitamin_k>0.50000</vitamins-vitamin_k>
</food>