<food xmlns:xsi="http://www.w3.org/2001/XMLSchema-instance" xsi:noNamespaceSchemaLocation="https://xjrga.github.io/schemas/food_v2.xsd">
    <food-id>03172</food-id>
    <food-name>Babyfood, juice, orange</food-name>
    <carbohydrates-carbs_by_diff>10.20000</carbohydrates-carbs_by_diff>
    <carbohydrates-fiber>0.10000</carbohydrates-fiber>
    <carbohydrates-glycemicindex>0.00000</carbohydrates-glycemicindex>
    <energy-gross>45.00000</energy-gross>
    <fats-cholesterol>0.00000</fats-cholesterol>
    <fats-dha>0.00000</fats-dha>
    <fats-epa>0.00000</fats-epa>
    <fats-lauric>0.00000</fats-lauric>
    <fats-linoleic>0.04500</fats-linoleic>
    <fats-linolenic>0.01500</fats-linolenic>
    <fats-monounsaturated>0.05000</fats-monounsaturated>
    <fats-myristic>0.00000</fats-myristic>
    <fats-palmitic>0.03000</fats-palmitic>
    <fats-polyunsaturated>0.06000</fats-polyunsaturated>
    <fats-saturated>0.03500</fats-saturated>
    <fats-stearic>0.00000</fats-stearic>
    <fats-total>0.30000</fats-total>
    <minerals-calcium>12.00000</minerals-calcium>
    <minerals-copper>0.04600</minerals-copper>
    <minerals-iron>0.17000</minerals-iron>
    <minerals-magnesium>9.00000</minerals-magnesium>
    <minerals-manganese>0.00000</minerals-manganese>
    <minerals-phosphorus>11.00000</minerals-phosphorus>
    <minerals-potassium>184.00000</minerals-potassium>
    <minerals-selenium>0.10000</minerals-selenium>
    <minerals-sodium>0.00000</minerals-sodium>
    <minerals-zinc>0.06000</minerals-zinc>
    <other-alcohol>0.00000</other-alcohol>
    <other-cost>0.0</other-cost>
    <other-water>88.50000</other-water>
    <other-weight>100.00000</other-weight>
    <protein-complete>0.00000</protein-complete>
    <protein-total>0.60000</protein-total>
    <vitamins-choline>6.20000</vitamins-choline>
    <vitamins-folate>26.00000</vitamins-folate>
    <vitamins-niacin>0.23900</vitamins-niacin>
    <vitamins-pantothenic_acid>0.13700</vitamins-pantothenic_acid>
    <vitamins-riboflavin>0.02800</vitamins-riboflavin>
    <vitamins-thiamin>0.04500</vitamins-thiamin>
    <vitamins-vitamin_a>3.00000</vitamins-vitamin_a>
    <vitamins-vitamin_b12>0.00000</vitamins-vitamin_b12>
    <vitamins-vitamin_b6>0.05400</vitamins-vitamin_b6>
    <vitamins-vitamin_c>62.50000</vitamins-vitamin_c>
    <vitamins-vitamin_d>0.00000</vitamins-vitamin_d>
    <vitamins-vitamin_e>0.04000</vitamins-vitamin_e>
    <vitamins-vitamin_k>0.10000</vitamins-vitamin_k>
</food>