<food xmlns:xsi="http://www.w3.org/2001/XMLSchema-instance" xsi:noNamespaceSchemaLocation="https://xjrga.github.io/schemas/food_v2.xsd">
    <food-id>03195</food-id>
    <food-name>Babyfood, cereal, rice, with applesauce and bananas, strained</food-name>
    <carbohydrates-carbs_by_diff>17.10000</carbohydrates-carbs_by_diff>
    <carbohydrates-fiber>1.00000</carbohydrates-fiber>
    <carbohydrates-glycemicindex>0.00000</carbohydrates-glycemicindex>
    <energy-gross>80.00000</energy-gross>
    <fats-cholesterol>0.00000</fats-cholesterol>
    <fats-dha>0.00000</fats-dha>
    <fats-epa>0.00000</fats-epa>
    <fats-lauric>0.00000</fats-lauric>
    <fats-linoleic>0.08200</fats-linoleic>
    <fats-linolenic>0.02100</fats-linolenic>
    <fats-monounsaturated>0.10400</fats-monounsaturated>
    <fats-myristic>0.00200</fats-myristic>
    <fats-palmitic>0.09000</fats-palmitic>
    <fats-polyunsaturated>0.10200</fats-polyunsaturated>
    <fats-saturated>0.11400</fats-saturated>
    <fats-stearic>0.00700</fats-stearic>
    <fats-total>0.40000</fats-total>
    <minerals-calcium>17.00000</minerals-calcium>
    <minerals-copper>0.05100</minerals-copper>
    <minerals-iron>6.73000</minerals-iron>
    <minerals-magnesium>3.00000</minerals-magnesium>
    <minerals-manganese>0.00000</minerals-manganese>
    <minerals-phosphorus>12.00000</minerals-phosphorus>
    <minerals-potassium>28.00000</minerals-potassium>
    <minerals-selenium>2.10000</minerals-selenium>
    <minerals-sodium>4.00000</minerals-sodium>
    <minerals-zinc>0.08000</minerals-zinc>
    <other-alcohol>0.00000</other-alcohol>
    <other-cost>0.0</other-cost>
    <other-water>81.00000</other-water>
    <other-weight>100.00000</other-weight>
    <protein-complete>0.00000</protein-complete>
    <protein-total>1.20000</protein-total>
    <vitamins-choline>1.90000</vitamins-choline>
    <vitamins-folate>3.00000</vitamins-folate>
    <vitamins-niacin>4.01700</vitamins-niacin>
    <vitamins-pantothenic_acid>0.00000</vitamins-pantothenic_acid>
    <vitamins-riboflavin>0.42200</vitamins-riboflavin>
    <vitamins-thiamin>0.26000</vitamins-thiamin>
    <vitamins-vitamin_a>1.00000</vitamins-vitamin_a>
    <vitamins-vitamin_b12>0.00000</vitamins-vitamin_b12>
    <vitamins-vitamin_b6>0.23400</vitamins-vitamin_b6>
    <vitamins-vitamin_c>31.60000</vitamins-vitamin_c>
    <vitamins-vitamin_d>0.00000</vitamins-vitamin_d>
    <vitamins-vitamin_e>0.04000</vitamins-vitamin_e>
    <vitamins-vitamin_k>0.20000</vitamins-vitamin_k>
</food>