<food xmlns:xsi="http://www.w3.org/2001/XMLSchema-instance" xsi:noNamespaceSchemaLocation="https://xjrga.github.io/schemas/food_v2.xsd">
    <food-id>03100</food-id>
    <food-name>Babyfood, vegetables, carrots, junior</food-name>
    <carbohydrates-carbs_by_diff>7.20000</carbohydrates-carbs_by_diff>
    <carbohydrates-fiber>1.70000</carbohydrates-fiber>
    <carbohydrates-glycemicindex>0.00000</carbohydrates-glycemicindex>
    <energy-gross>32.00000</energy-gross>
    <fats-cholesterol>0.00000</fats-cholesterol>
    <fats-dha>0.00000</fats-dha>
    <fats-epa>0.00000</fats-epa>
    <fats-lauric>0.00200</fats-lauric>
    <fats-linoleic>0.08000</fats-linoleic>
    <fats-linolenic>0.01100</fats-linolenic>
    <fats-monounsaturated>0.00900</fats-monounsaturated>
    <fats-myristic>0.00100</fats-myristic>
    <fats-palmitic>0.02000</fats-palmitic>
    <fats-polyunsaturated>0.09300</fats-polyunsaturated>
    <fats-saturated>0.03600</fats-saturated>
    <fats-stearic>0.00100</fats-stearic>
    <fats-total>0.20000</fats-total>
    <minerals-calcium>23.00000</minerals-calcium>
    <minerals-copper>0.04700</minerals-copper>
    <minerals-iron>0.39000</minerals-iron>
    <minerals-magnesium>11.00000</minerals-magnesium>
    <minerals-manganese>0.00000</minerals-manganese>
    <minerals-phosphorus>20.00000</minerals-phosphorus>
    <minerals-potassium>202.00000</minerals-potassium>
    <minerals-selenium>0.20000</minerals-selenium>
    <minerals-sodium>49.00000</minerals-sodium>
    <minerals-zinc>0.18000</minerals-zinc>
    <other-alcohol>0.00000</other-alcohol>
    <other-cost>0.0</other-cost>
    <other-water>91.00000</other-water>
    <other-weight>100.00000</other-weight>
    <protein-complete>0.00000</protein-complete>
    <protein-total>0.80000</protein-total>
    <vitamins-choline>8.00000</vitamins-choline>
    <vitamins-folate>17.00000</vitamins-folate>
    <vitamins-niacin>0.49700</vitamins-niacin>
    <vitamins-pantothenic_acid>0.27800</vitamins-pantothenic_acid>
    <vitamins-riboflavin>0.04100</vitamins-riboflavin>
    <vitamins-thiamin>0.02400</vitamins-thiamin>
    <vitamins-vitamin_a>591.00000</vitamins-vitamin_a>
    <vitamins-vitamin_b12>0.00000</vitamins-vitamin_b12>
    <vitamins-vitamin_b6>0.08000</vitamins-vitamin_b6>
    <vitamins-vitamin_c>5.50000</vitamins-vitamin_c>
    <vitamins-vitamin_d>0.00000</vitamins-vitamin_d>
    <vitamins-vitamin_e>0.52000</vitamins-vitamin_e>
    <vitamins-vitamin_k>12.50000</vitamins-vitamin_k>
</food>