<food xmlns:xsi="http://www.w3.org/2001/XMLSchema-instance" xsi:noNamespaceSchemaLocation="https://xjrga.github.io/schemas/food_v2.xsd">
    <food-id>03121</food-id>
    <food-name>Babyfood, vegetables, peas, strained</food-name>
    <carbohydrates-carbs_by_diff>8.36000</carbohydrates-carbs_by_diff>
    <carbohydrates-fiber>2.00000</carbohydrates-fiber>
    <carbohydrates-glycemicindex>0.00000</carbohydrates-glycemicindex>
    <energy-gross>50.00000</energy-gross>
    <fats-cholesterol>0.00000</fats-cholesterol>
    <fats-dha>0.00000</fats-dha>
    <fats-epa>0.00000</fats-epa>
    <fats-lauric>0.00000</fats-lauric>
    <fats-linoleic>0.17000</fats-linoleic>
    <fats-linolenic>0.03000</fats-linolenic>
    <fats-monounsaturated>0.05000</fats-monounsaturated>
    <fats-myristic>0.00000</fats-myristic>
    <fats-palmitic>0.07000</fats-palmitic>
    <fats-polyunsaturated>0.20000</fats-polyunsaturated>
    <fats-saturated>0.07000</fats-saturated>
    <fats-stearic>0.00000</fats-stearic>
    <fats-total>0.43000</fats-total>
    <minerals-calcium>18.00000</minerals-calcium>
    <minerals-copper>0.06100</minerals-copper>
    <minerals-iron>0.95000</minerals-iron>
    <minerals-magnesium>17.00000</minerals-magnesium>
    <minerals-manganese>0.21800</minerals-manganese>
    <minerals-phosphorus>50.00000</minerals-phosphorus>
    <minerals-potassium>106.00000</minerals-potassium>
    <minerals-selenium>0.10000</minerals-selenium>
    <minerals-sodium>5.00000</minerals-sodium>
    <minerals-zinc>0.47000</minerals-zinc>
    <other-alcohol>0.00000</other-alcohol>
    <other-cost>0.0</other-cost>
    <other-water>87.52000</other-water>
    <other-weight>100.00000</other-weight>
    <protein-complete>0.00000</protein-complete>
    <protein-total>3.27000</protein-total>
    <vitamins-choline>32.20000</vitamins-choline>
    <vitamins-folate>28.00000</vitamins-folate>
    <vitamins-niacin>1.11900</vitamins-niacin>
    <vitamins-pantothenic_acid>0.07500</vitamins-pantothenic_acid>
    <vitamins-riboflavin>0.06500</vitamins-riboflavin>
    <vitamins-thiamin>0.08700</vitamins-thiamin>
    <vitamins-vitamin_a>11.00000</vitamins-vitamin_a>
    <vitamins-vitamin_b12>0.00000</vitamins-vitamin_b12>
    <vitamins-vitamin_b6>0.01600</vitamins-vitamin_b6>
    <vitamins-vitamin_c>0.60000</vitamins-vitamin_c>
    <vitamins-vitamin_d>0.00000</vitamins-vitamin_d>
    <vitamins-vitamin_e>0.02000</vitamins-vitamin_e>
    <vitamins-vitamin_k>15.50000</vitamins-vitamin_k>
</food>