<food xmlns:xsi="http://www.w3.org/2001/XMLSchema-instance" xsi:noNamespaceSchemaLocation="https://xjrga.github.io/schemas/food_v2.xsd">
    <food-id>03143</food-id>
    <food-name>Babyfood, fruit, applesauce and apricots, junior</food-name>
    <carbohydrates-carbs_by_diff>12.40000</carbohydrates-carbs_by_diff>
    <carbohydrates-fiber>1.80000</carbohydrates-fiber>
    <carbohydrates-glycemicindex>0.00000</carbohydrates-glycemicindex>
    <energy-gross>47.00000</energy-gross>
    <fats-cholesterol>0.00000</fats-cholesterol>
    <fats-dha>0.00000</fats-dha>
    <fats-epa>0.00000</fats-epa>
    <fats-lauric>0.00000</fats-lauric>
    <fats-linoleic>0.04400</fats-linoleic>
    <fats-linolenic>0.00900</fats-linolenic>
    <fats-monounsaturated>0.03000</fats-monounsaturated>
    <fats-myristic>0.00000</fats-myristic>
    <fats-palmitic>0.02000</fats-palmitic>
    <fats-polyunsaturated>0.05100</fats-polyunsaturated>
    <fats-saturated>0.02800</fats-saturated>
    <fats-stearic>0.00300</fats-stearic>
    <fats-total>0.20000</fats-total>
    <minerals-calcium>6.00000</minerals-calcium>
    <minerals-copper>0.04400</minerals-copper>
    <minerals-iron>0.26000</minerals-iron>
    <minerals-magnesium>4.00000</minerals-magnesium>
    <minerals-manganese>0.00000</minerals-manganese>
    <minerals-phosphorus>10.00000</minerals-phosphorus>
    <minerals-potassium>109.00000</minerals-potassium>
    <minerals-selenium>0.30000</minerals-selenium>
    <minerals-sodium>0.00000</minerals-sodium>
    <minerals-zinc>0.03000</minerals-zinc>
    <other-alcohol>0.00000</other-alcohol>
    <other-cost>0.0</other-cost>
    <other-water>86.90000</other-water>
    <other-weight>100.00000</other-weight>
    <protein-complete>0.00000</protein-complete>
    <protein-total>0.20000</protein-total>
    <vitamins-choline>3.10000</vitamins-choline>
    <vitamins-folate>1.00000</vitamins-folate>
    <vitamins-niacin>0.14500</vitamins-niacin>
    <vitamins-pantothenic_acid>0.12500</vitamins-pantothenic_acid>
    <vitamins-riboflavin>0.03000</vitamins-riboflavin>
    <vitamins-thiamin>0.01400</vitamins-thiamin>
    <vitamins-vitamin_a>2.00000</vitamins-vitamin_a>
    <vitamins-vitamin_b12>0.00000</vitamins-vitamin_b12>
    <vitamins-vitamin_b6>0.03000</vitamins-vitamin_b6>
    <vitamins-vitamin_c>17.90000</vitamins-vitamin_c>
    <vitamins-vitamin_d>0.00000</vitamins-vitamin_d>
    <vitamins-vitamin_e>0.04000</vitamins-vitamin_e>
    <vitamins-vitamin_k>0.50000</vitamins-vitamin_k>
</food>