<food xmlns:xsi="http://www.w3.org/2001/XMLSchema-instance" xsi:noNamespaceSchemaLocation="https://xjrga.github.io/schemas/food_v2.xsd">
    <food-id>03105</food-id>
    <food-name>Babyfood, vegetables, squash, junior</food-name>
    <carbohydrates-carbs_by_diff>5.73000</carbohydrates-carbs_by_diff>
    <carbohydrates-fiber>0.90000</carbohydrates-fiber>
    <carbohydrates-glycemicindex>0.00000</carbohydrates-glycemicindex>
    <energy-gross>24.00000</energy-gross>
    <fats-cholesterol>0.00000</fats-cholesterol>
    <fats-dha>0.00000</fats-dha>
    <fats-epa>0.00000</fats-epa>
    <fats-lauric>0.00000</fats-lauric>
    <fats-linoleic>0.03000</fats-linoleic>
    <fats-linolenic>0.01000</fats-linolenic>
    <fats-monounsaturated>0.02000</fats-monounsaturated>
    <fats-myristic>0.00000</fats-myristic>
    <fats-palmitic>0.02000</fats-palmitic>
    <fats-polyunsaturated>0.04000</fats-polyunsaturated>
    <fats-saturated>0.02000</fats-saturated>
    <fats-stearic>0.00000</fats-stearic>
    <fats-total>0.20000</fats-total>
    <minerals-calcium>24.00000</minerals-calcium>
    <minerals-copper>0.03000</minerals-copper>
    <minerals-iron>0.32000</minerals-iron>
    <minerals-magnesium>14.00000</minerals-magnesium>
    <minerals-manganese>0.08300</minerals-manganese>
    <minerals-phosphorus>21.00000</minerals-phosphorus>
    <minerals-potassium>185.00000</minerals-potassium>
    <minerals-selenium>0.20000</minerals-selenium>
    <minerals-sodium>5.00000</minerals-sodium>
    <minerals-zinc>0.19000</minerals-zinc>
    <other-alcohol>0.00000</other-alcohol>
    <other-cost>0.0</other-cost>
    <other-water>92.66000</other-water>
    <other-weight>100.00000</other-weight>
    <protein-complete>0.00000</protein-complete>
    <protein-total>0.81000</protein-total>
    <vitamins-choline>7.60000</vitamins-choline>
    <vitamins-folate>8.00000</vitamins-folate>
    <vitamins-niacin>0.68300</vitamins-niacin>
    <vitamins-pantothenic_acid>0.21200</vitamins-pantothenic_acid>
    <vitamins-riboflavin>0.04800</vitamins-riboflavin>
    <vitamins-thiamin>0.02900</vitamins-thiamin>
    <vitamins-vitamin_a>85.00000</vitamins-vitamin_a>
    <vitamins-vitamin_b12>0.00000</vitamins-vitamin_b12>
    <vitamins-vitamin_b6>0.07000</vitamins-vitamin_b6>
    <vitamins-vitamin_c>0.30000</vitamins-vitamin_c>
    <vitamins-vitamin_d>0.00000</vitamins-vitamin_d>
    <vitamins-vitamin_e>0.55000</vitamins-vitamin_e>
    <vitamins-vitamin_k>4.70000</vitamins-vitamin_k>
</food>