<food xmlns:xsi="http://www.w3.org/2001/XMLSchema-instance" xsi:noNamespaceSchemaLocation="https://xjrga.github.io/schemas/food_v2.xsd">
    <food-id>03181</food-id>
    <food-name>Babyfood, cereal, barley, dry fortified</food-name>
    <carbohydrates-carbs_by_diff>69.40000</carbohydrates-carbs_by_diff>
    <carbohydrates-fiber>6.60000</carbohydrates-fiber>
    <carbohydrates-glycemicindex>0.00000</carbohydrates-glycemicindex>
    <energy-gross>376.00000</energy-gross>
    <fats-cholesterol>0.00000</fats-cholesterol>
    <fats-dha>0.00000</fats-dha>
    <fats-epa>0.00000</fats-epa>
    <fats-lauric>0.00200</fats-lauric>
    <fats-linoleic>3.54300</fats-linoleic>
    <fats-linolenic>0.31600</fats-linolenic>
    <fats-monounsaturated>1.45000</fats-monounsaturated>
    <fats-myristic>0.00700</fats-myristic>
    <fats-palmitic>0.60000</fats-palmitic>
    <fats-polyunsaturated>3.85900</fats-polyunsaturated>
    <fats-saturated>0.89400</fats-saturated>
    <fats-stearic>0.28000</fats-stearic>
    <fats-total>6.60000</fats-total>
    <minerals-calcium>643.00000</minerals-calcium>
    <minerals-copper>0.46700</minerals-copper>
    <minerals-iron>48.21000</minerals-iron>
    <minerals-magnesium>115.00000</minerals-magnesium>
    <minerals-manganese>0.00000</minerals-manganese>
    <minerals-phosphorus>333.00000</minerals-phosphorus>
    <minerals-potassium>467.00000</minerals-potassium>
    <minerals-selenium>30.20000</minerals-selenium>
    <minerals-sodium>33.00000</minerals-sodium>
    <minerals-zinc>3.13000</minerals-zinc>
    <other-alcohol>0.00000</other-alcohol>
    <other-cost>0.0</other-cost>
    <other-water>6.80000</other-water>
    <other-weight>100.00000</other-weight>
    <protein-complete>0.00000</protein-complete>
    <protein-total>13.20000</protein-total>
    <vitamins-choline>45.40000</vitamins-choline>
    <vitamins-folate>287.00000</vitamins-folate>
    <vitamins-niacin>14.28000</vitamins-niacin>
    <vitamins-pantothenic_acid>4.92000</vitamins-pantothenic_acid>
    <vitamins-riboflavin>1.07000</vitamins-riboflavin>
    <vitamins-thiamin>0.89200</vitamins-thiamin>
    <vitamins-vitamin_a>0.00000</vitamins-vitamin_a>
    <vitamins-vitamin_b12>3.57000</vitamins-vitamin_b12>
    <vitamins-vitamin_b6>0.71400</vitamins-vitamin_b6>
    <vitamins-vitamin_c>0.00000</vitamins-vitamin_c>
    <vitamins-vitamin_d>7.10000</vitamins-vitamin_d>
    <vitamins-vitamin_e>5.00000</vitamins-vitamin_e>
    <vitamins-vitamin_k>2.30000</vitamins-vitamin_k>
</food>