<food xmlns:xsi="http://www.w3.org/2001/XMLSchema-instance" xsi:noNamespaceSchemaLocation="https://xjrga.github.io/schemas/food_v2.xsd">
    <food-id>03164</food-id>
    <food-name>Babyfood, fruit, apple and blueberry, strained</food-name>
    <carbohydrates-carbs_by_diff>16.30000</carbohydrates-carbs_by_diff>
    <carbohydrates-fiber>1.80000</carbohydrates-fiber>
    <carbohydrates-glycemicindex>0.00000</carbohydrates-glycemicindex>
    <energy-gross>61.00000</energy-gross>
    <fats-cholesterol>0.00000</fats-cholesterol>
    <fats-dha>0.00000</fats-dha>
    <fats-epa>0.00000</fats-epa>
    <fats-lauric>0.00000</fats-lauric>
    <fats-linoleic>0.05000</fats-linoleic>
    <fats-linolenic>0.02300</fats-linolenic>
    <fats-monounsaturated>0.01900</fats-monounsaturated>
    <fats-myristic>0.00100</fats-myristic>
    <fats-palmitic>0.01000</fats-palmitic>
    <fats-polyunsaturated>0.07300</fats-polyunsaturated>
    <fats-saturated>0.02400</fats-saturated>
    <fats-stearic>0.00400</fats-stearic>
    <fats-total>0.20000</fats-total>
    <minerals-calcium>4.00000</minerals-calcium>
    <minerals-copper>0.05600</minerals-copper>
    <minerals-iron>0.20000</minerals-iron>
    <minerals-magnesium>3.00000</minerals-magnesium>
    <minerals-manganese>0.00000</minerals-manganese>
    <minerals-phosphorus>8.00000</minerals-phosphorus>
    <minerals-potassium>69.00000</minerals-potassium>
    <minerals-selenium>0.40000</minerals-selenium>
    <minerals-sodium>1.00000</minerals-sodium>
    <minerals-zinc>0.03000</minerals-zinc>
    <other-alcohol>0.00000</other-alcohol>
    <other-cost>0.0</other-cost>
    <other-water>83.10000</other-water>
    <other-weight>100.00000</other-weight>
    <protein-complete>0.00000</protein-complete>
    <protein-total>0.20000</protein-total>
    <vitamins-choline>3.20000</vitamins-choline>
    <vitamins-folate>4.00000</vitamins-folate>
    <vitamins-niacin>0.12000</vitamins-niacin>
    <vitamins-pantothenic_acid>0.16300</vitamins-pantothenic_acid>
    <vitamins-riboflavin>0.03400</vitamins-riboflavin>
    <vitamins-thiamin>0.01700</vitamins-thiamin>
    <vitamins-vitamin_a>1.00000</vitamins-vitamin_a>
    <vitamins-vitamin_b12>0.00000</vitamins-vitamin_b12>
    <vitamins-vitamin_b6>0.03700</vitamins-vitamin_b6>
    <vitamins-vitamin_c>27.80000</vitamins-vitamin_c>
    <vitamins-vitamin_d>0.00000</vitamins-vitamin_d>
    <vitamins-vitamin_e>0.12000</vitamins-vitamin_e>
    <vitamins-vitamin_k>3.50000</vitamins-vitamin_k>
</food>