<food xmlns:xsi="http://www.w3.org/2001/XMLSchema-instance" xsi:noNamespaceSchemaLocation="https://xjrga.github.io/schemas/food_v2.xsd">
    <food-id>03186</food-id>
    <food-name>Babyfood, cereal, mixed, with bananas, dry</food-name>
    <carbohydrates-carbs_by_diff>77.10000</carbohydrates-carbs_by_diff>
    <carbohydrates-fiber>7.80000</carbohydrates-fiber>
    <carbohydrates-glycemicindex>0.00000</carbohydrates-glycemicindex>
    <energy-gross>391.00000</energy-gross>
    <fats-cholesterol>0.00000</fats-cholesterol>
    <fats-dha>0.00000</fats-dha>
    <fats-epa>0.00000</fats-epa>
    <fats-lauric>0.01000</fats-lauric>
    <fats-linoleic>1.63900</fats-linoleic>
    <fats-linolenic>0.05400</fats-linolenic>
    <fats-monounsaturated>1.22300</fats-monounsaturated>
    <fats-myristic>0.00800</fats-myristic>
    <fats-palmitic>0.70000</fats-palmitic>
    <fats-polyunsaturated>1.73400</fats-polyunsaturated>
    <fats-saturated>0.84600</fats-saturated>
    <fats-stearic>0.04000</fats-stearic>
    <fats-total>4.60000</fats-total>
    <minerals-calcium>696.00000</minerals-calcium>
    <minerals-copper>0.25600</minerals-copper>
    <minerals-iron>47.50000</minerals-iron>
    <minerals-magnesium>90.00000</minerals-magnesium>
    <minerals-manganese>0.00000</minerals-manganese>
    <minerals-phosphorus>367.00000</minerals-phosphorus>
    <minerals-potassium>668.00000</minerals-potassium>
    <minerals-selenium>20.00000</minerals-selenium>
    <minerals-sodium>0.00000</minerals-sodium>
    <minerals-zinc>1.40000</minerals-zinc>
    <other-alcohol>0.00000</other-alcohol>
    <other-cost>0.0</other-cost>
    <other-water>4.50000</other-water>
    <other-weight>100.00000</other-weight>
    <protein-complete>0.00000</protein-complete>
    <protein-total>10.70000</protein-total>
    <vitamins-choline>28.60000</vitamins-choline>
    <vitamins-folate>17.00000</vitamins-folate>
    <vitamins-niacin>20.56000</vitamins-niacin>
    <vitamins-pantothenic_acid>0.00000</vitamins-pantothenic_acid>
    <vitamins-riboflavin>3.56000</vitamins-riboflavin>
    <vitamins-thiamin>3.78000</vitamins-thiamin>
    <vitamins-vitamin_a>6.00000</vitamins-vitamin_a>
    <vitamins-vitamin_b12>0.24000</vitamins-vitamin_b12>
    <vitamins-vitamin_b6>0.40800</vitamins-vitamin_b6>
    <vitamins-vitamin_c>3.60000</vitamins-vitamin_c>
    <vitamins-vitamin_d>0.00000</vitamins-vitamin_d>
    <vitamins-vitamin_e>0.51000</vitamins-vitamin_e>
    <vitamins-vitamin_k>3.50000</vitamins-vitamin_k>
</food>