<food xmlns:xsi="http://www.w3.org/2001/XMLSchema-instance" xsi:noNamespaceSchemaLocation="https://xjrga.github.io/schemas/food_v2.xsd">
    <food-id>03189</food-id>
    <food-name>Babyfood, cereal, oatmeal, dry fortified</food-name>
    <carbohydrates-carbs_by_diff>73.48000</carbohydrates-carbs_by_diff>
    <carbohydrates-fiber>7.30000</carbohydrates-fiber>
    <carbohydrates-glycemicindex>0.00000</carbohydrates-glycemicindex>
    <energy-gross>394.00000</energy-gross>
    <fats-cholesterol>0.00000</fats-cholesterol>
    <fats-dha>0.00000</fats-dha>
    <fats-epa>0.00000</fats-epa>
    <fats-lauric>0.00100</fats-lauric>
    <fats-linoleic>1.69000</fats-linoleic>
    <fats-linolenic>0.05700</fats-linolenic>
    <fats-monounsaturated>1.56400</fats-monounsaturated>
    <fats-myristic>0.01000</fats-myristic>
    <fats-palmitic>0.74000</fats-palmitic>
    <fats-polyunsaturated>1.74800</fats-polyunsaturated>
    <fats-saturated>0.84100</fats-saturated>
    <fats-stearic>0.06000</fats-stearic>
    <fats-total>6.36000</fats-total>
    <minerals-calcium>1160.00000</minerals-calcium>
    <minerals-copper>0.41900</minerals-copper>
    <minerals-iron>64.10000</minerals-iron>
    <minerals-magnesium>110.00000</minerals-magnesium>
    <minerals-manganese>3.89400</minerals-manganese>
    <minerals-phosphorus>506.00000</minerals-phosphorus>
    <minerals-potassium>549.00000</minerals-potassium>
    <minerals-selenium>23.40000</minerals-selenium>
    <minerals-sodium>21.00000</minerals-sodium>
    <minerals-zinc>12.68000</minerals-zinc>
    <other-alcohol>0.00000</other-alcohol>
    <other-cost>0.0</other-cost>
    <other-water>4.56000</other-water>
    <other-weight>100.00000</other-weight>
    <protein-complete>0.00000</protein-complete>
    <protein-total>10.99000</protein-total>
    <vitamins-choline>27.00000</vitamins-choline>
    <vitamins-folate>396.00000</vitamins-folate>
    <vitamins-niacin>21.34800</vitamins-niacin>
    <vitamins-pantothenic_acid>1.87100</vitamins-pantothenic_acid>
    <vitamins-riboflavin>1.58600</vitamins-riboflavin>
    <vitamins-thiamin>1.43100</vitamins-thiamin>
    <vitamins-vitamin_a>0.00000</vitamins-vitamin_a>
    <vitamins-vitamin_b12>4.60000</vitamins-vitamin_b12>
    <vitamins-vitamin_b6>0.85300</vitamins-vitamin_b6>
    <vitamins-vitamin_c>0.00000</vitamins-vitamin_c>
    <vitamins-vitamin_d>12.70000</vitamins-vitamin_d>
    <vitamins-vitamin_e>12.23000</vitamins-vitamin_e>
    <vitamins-vitamin_k>1.40000</vitamins-vitamin_k>
</food>