<food xmlns:xsi="http://www.w3.org/2001/XMLSchema-instance" xsi:noNamespaceSchemaLocation="https://xjrga.github.io/schemas/food_v2.xsd">
    <food-id>03145</food-id>
    <food-name>Babyfood, fruit, applesauce and cherries, junior</food-name>
    <carbohydrates-carbs_by_diff>14.10000</carbohydrates-carbs_by_diff>
    <carbohydrates-fiber>1.10000</carbohydrates-fiber>
    <carbohydrates-glycemicindex>0.00000</carbohydrates-glycemicindex>
    <energy-gross>51.00000</energy-gross>
    <fats-cholesterol>0.00000</fats-cholesterol>
    <fats-dha>0.00000</fats-dha>
    <fats-epa>0.00000</fats-epa>
    <fats-lauric>0.00000</fats-lauric>
    <fats-linoleic>0.00000</fats-linoleic>
    <fats-linolenic>0.00000</fats-linolenic>
    <fats-monounsaturated>0.00000</fats-monounsaturated>
    <fats-myristic>0.00000</fats-myristic>
    <fats-palmitic>0.00000</fats-palmitic>
    <fats-polyunsaturated>0.00000</fats-polyunsaturated>
    <fats-saturated>0.00000</fats-saturated>
    <fats-stearic>0.00000</fats-stearic>
    <fats-total>0.00000</fats-total>
    <minerals-calcium>1.00000</minerals-calcium>
    <minerals-copper>0.04600</minerals-copper>
    <minerals-iron>0.30000</minerals-iron>
    <minerals-magnesium>4.00000</minerals-magnesium>
    <minerals-manganese>0.00000</minerals-manganese>
    <minerals-phosphorus>8.00000</minerals-phosphorus>
    <minerals-potassium>132.00000</minerals-potassium>
    <minerals-selenium>0.30000</minerals-selenium>
    <minerals-sodium>1.00000</minerals-sodium>
    <minerals-zinc>0.03000</minerals-zinc>
    <other-alcohol>0.00000</other-alcohol>
    <other-cost>0.0</other-cost>
    <other-water>85.60000</other-water>
    <other-weight>100.00000</other-weight>
    <protein-complete>0.00000</protein-complete>
    <protein-total>0.00000</protein-total>
    <vitamins-choline>4.60000</vitamins-choline>
    <vitamins-folate>0.00000</vitamins-folate>
    <vitamins-niacin>0.14000</vitamins-niacin>
    <vitamins-pantothenic_acid>0.13000</vitamins-pantothenic_acid>
    <vitamins-riboflavin>0.03000</vitamins-riboflavin>
    <vitamins-thiamin>0.01000</vitamins-thiamin>
    <vitamins-vitamin_a>2.00000</vitamins-vitamin_a>
    <vitamins-vitamin_b12>0.00000</vitamins-vitamin_b12>
    <vitamins-vitamin_b6>0.03900</vitamins-vitamin_b6>
    <vitamins-vitamin_c>42.80000</vitamins-vitamin_c>
    <vitamins-vitamin_d>0.00000</vitamins-vitamin_d>
    <vitamins-vitamin_e>0.06000</vitamins-vitamin_e>
    <vitamins-vitamin_k>1.20000</vitamins-vitamin_k>
</food>