<food xmlns:xsi="http://www.w3.org/2001/XMLSchema-instance" xsi:noNamespaceSchemaLocation="https://xjrga.github.io/schemas/food_v2.xsd">
    <food-id>03161</food-id>
    <food-name>Babyfood, peaches, dices, toddler</food-name>
    <carbohydrates-carbs_by_diff>11.80000</carbohydrates-carbs_by_diff>
    <carbohydrates-fiber>0.80000</carbohydrates-fiber>
    <carbohydrates-glycemicindex>0.00000</carbohydrates-glycemicindex>
    <energy-gross>51.00000</energy-gross>
    <fats-cholesterol>0.00000</fats-cholesterol>
    <fats-dha>0.00000</fats-dha>
    <fats-epa>0.00000</fats-epa>
    <fats-lauric>0.00000</fats-lauric>
    <fats-linoleic>0.06800</fats-linoleic>
    <fats-linolenic>0.00500</fats-linolenic>
    <fats-monounsaturated>0.04600</fats-monounsaturated>
    <fats-myristic>0.00000</fats-myristic>
    <fats-palmitic>0.01000</fats-palmitic>
    <fats-polyunsaturated>0.07800</fats-polyunsaturated>
    <fats-saturated>0.01600</fats-saturated>
    <fats-stearic>0.00100</fats-stearic>
    <fats-total>0.20000</fats-total>
    <minerals-calcium>6.00000</minerals-calcium>
    <minerals-copper>0.03000</minerals-copper>
    <minerals-iron>0.20000</minerals-iron>
    <minerals-magnesium>8.00000</minerals-magnesium>
    <minerals-manganese>0.05000</minerals-manganese>
    <minerals-phosphorus>17.00000</minerals-phosphorus>
    <minerals-potassium>83.00000</minerals-potassium>
    <minerals-selenium>0.40000</minerals-selenium>
    <minerals-sodium>9.00000</minerals-sodium>
    <minerals-zinc>0.12000</minerals-zinc>
    <other-alcohol>0.00000</other-alcohol>
    <other-cost>0.0</other-cost>
    <other-water>87.40000</other-water>
    <other-weight>100.00000</other-weight>
    <protein-complete>0.00000</protein-complete>
    <protein-total>0.50000</protein-total>
    <vitamins-choline>8.50000</vitamins-choline>
    <vitamins-folate>5.00000</vitamins-folate>
    <vitamins-niacin>0.47000</vitamins-niacin>
    <vitamins-pantothenic_acid>0.17000</vitamins-pantothenic_acid>
    <vitamins-riboflavin>0.02000</vitamins-riboflavin>
    <vitamins-thiamin>0.01000</vitamins-thiamin>
    <vitamins-vitamin_a>7.00000</vitamins-vitamin_a>
    <vitamins-vitamin_b12>0.00000</vitamins-vitamin_b12>
    <vitamins-vitamin_b6>0.04000</vitamins-vitamin_b6>
    <vitamins-vitamin_c>31.30000</vitamins-vitamin_c>
    <vitamins-vitamin_d>0.00000</vitamins-vitamin_d>
    <vitamins-vitamin_e>0.83000</vitamins-vitamin_e>
    <vitamins-vitamin_k>2.90000</vitamins-vitamin_k>
</food>