<food xmlns:xsi="http://www.w3.org/2001/XMLSchema-instance" xsi:noNamespaceSchemaLocation="https://xjrga.github.io/schemas/food_v2.xsd">
    <food-id>03283</food-id>
    <food-name>Babyfood, vegetables, garden vegetable, strained</food-name>
    <carbohydrates-carbs_by_diff>6.80000</carbohydrates-carbs_by_diff>
    <carbohydrates-fiber>1.50000</carbohydrates-fiber>
    <carbohydrates-glycemicindex>0.00000</carbohydrates-glycemicindex>
    <energy-gross>32.00000</energy-gross>
    <fats-cholesterol>0.00000</fats-cholesterol>
    <fats-dha>0.00000</fats-dha>
    <fats-epa>0.00000</fats-epa>
    <fats-lauric>0.00100</fats-lauric>
    <fats-linoleic>0.05300</fats-linoleic>
    <fats-linolenic>0.03500</fats-linolenic>
    <fats-monounsaturated>0.01100</fats-monounsaturated>
    <fats-myristic>0.00200</fats-myristic>
    <fats-palmitic>0.02000</fats-palmitic>
    <fats-polyunsaturated>0.09000</fats-polyunsaturated>
    <fats-saturated>0.03500</fats-saturated>
    <fats-stearic>0.00200</fats-stearic>
    <fats-total>0.20000</fats-total>
    <minerals-calcium>28.00000</minerals-calcium>
    <minerals-copper>0.07000</minerals-copper>
    <minerals-iron>0.83000</minerals-iron>
    <minerals-magnesium>21.00000</minerals-magnesium>
    <minerals-manganese>0.00000</minerals-manganese>
    <minerals-phosphorus>28.00000</minerals-phosphorus>
    <minerals-potassium>168.00000</minerals-potassium>
    <minerals-selenium>0.70000</minerals-selenium>
    <minerals-sodium>31.00000</minerals-sodium>
    <minerals-zinc>0.26000</minerals-zinc>
    <other-alcohol>0.00000</other-alcohol>
    <other-cost>0.0</other-cost>
    <other-water>90.00000</other-water>
    <other-weight>100.00000</other-weight>
    <protein-complete>0.00000</protein-complete>
    <protein-total>2.30000</protein-total>
    <vitamins-choline>13.40000</vitamins-choline>
    <vitamins-folate>40.00000</vitamins-folate>
    <vitamins-niacin>0.77900</vitamins-niacin>
    <vitamins-pantothenic_acid>0.26000</vitamins-pantothenic_acid>
    <vitamins-riboflavin>0.06900</vitamins-riboflavin>
    <vitamins-thiamin>0.06100</vitamins-thiamin>
    <vitamins-vitamin_a>303.00000</vitamins-vitamin_a>
    <vitamins-vitamin_b12>0.00000</vitamins-vitamin_b12>
    <vitamins-vitamin_b6>0.10000</vitamins-vitamin_b6>
    <vitamins-vitamin_c>5.70000</vitamins-vitamin_c>
    <vitamins-vitamin_d>0.00000</vitamins-vitamin_d>
    <vitamins-vitamin_e>0.52000</vitamins-vitamin_e>
    <vitamins-vitamin_k>24.50000</vitamins-vitamin_k>
</food>