<food xmlns:xsi="http://www.w3.org/2001/XMLSchema-instance" xsi:noNamespaceSchemaLocation="https://xjrga.github.io/schemas/food_v2.xsd">
    <food-id>03225</food-id>
    <food-name>Babyfood, dessert, cherry vanilla pudding, junior</food-name>
    <carbohydrates-carbs_by_diff>18.40000</carbohydrates-carbs_by_diff>
    <carbohydrates-fiber>0.30000</carbohydrates-fiber>
    <carbohydrates-glycemicindex>0.00000</carbohydrates-glycemicindex>
    <energy-gross>69.00000</energy-gross>
    <fats-cholesterol>10.00000</fats-cholesterol>
    <fats-dha>0.00100</fats-dha>
    <fats-epa>0.00000</fats-epa>
    <fats-lauric>0.00000</fats-lauric>
    <fats-linoleic>0.02500</fats-linoleic>
    <fats-linolenic>0.00800</fats-linolenic>
    <fats-monounsaturated>0.07000</fats-monounsaturated>
    <fats-myristic>0.00100</fats-myristic>
    <fats-palmitic>0.04000</fats-palmitic>
    <fats-polyunsaturated>0.03600</fats-polyunsaturated>
    <fats-saturated>0.05800</fats-saturated>
    <fats-stearic>0.01000</fats-stearic>
    <fats-total>0.20000</fats-total>
    <minerals-calcium>5.00000</minerals-calcium>
    <minerals-copper>0.05100</minerals-copper>
    <minerals-iron>0.17000</minerals-iron>
    <minerals-magnesium>2.00000</minerals-magnesium>
    <minerals-manganese>0.00000</minerals-manganese>
    <minerals-phosphorus>7.00000</minerals-phosphorus>
    <minerals-potassium>33.00000</minerals-potassium>
    <minerals-selenium>0.60000</minerals-selenium>
    <minerals-sodium>0.00000</minerals-sodium>
    <minerals-zinc>0.03000</minerals-zinc>
    <other-alcohol>0.00000</other-alcohol>
    <other-cost>0.0</other-cost>
    <other-water>81.00000</other-water>
    <other-weight>100.00000</other-weight>
    <protein-complete>0.00000</protein-complete>
    <protein-total>0.20000</protein-total>
    <vitamins-choline>4.70000</vitamins-choline>
    <vitamins-folate>0.00000</vitamins-folate>
    <vitamins-niacin>0.03800</vitamins-niacin>
    <vitamins-pantothenic_acid>0.00000</vitamins-pantothenic_acid>
    <vitamins-riboflavin>0.01100</vitamins-riboflavin>
    <vitamins-thiamin>0.00700</vitamins-thiamin>
    <vitamins-vitamin_a>18.00000</vitamins-vitamin_a>
    <vitamins-vitamin_b12>0.01000</vitamins-vitamin_b12>
    <vitamins-vitamin_b6>0.01200</vitamins-vitamin_b6>
    <vitamins-vitamin_c>1.10000</vitamins-vitamin_c>
    <vitamins-vitamin_d>0.00000</vitamins-vitamin_d>
    <vitamins-vitamin_e>0.01000</vitamins-vitamin_e>
    <vitamins-vitamin_k>0.20000</vitamins-vitamin_k>
</food>