<food xmlns:xsi="http://www.w3.org/2001/XMLSchema-instance" xsi:noNamespaceSchemaLocation="https://xjrga.github.io/schemas/food_v2.xsd">
    <food-id>03282</food-id>
    <food-name>Babyfood, vegetables, mix vegetables junior</food-name>
    <carbohydrates-carbs_by_diff>8.20000</carbohydrates-carbs_by_diff>
    <carbohydrates-fiber>1.50000</carbohydrates-fiber>
    <carbohydrates-glycemicindex>0.00000</carbohydrates-glycemicindex>
    <energy-gross>36.00000</energy-gross>
    <fats-cholesterol>0.00000</fats-cholesterol>
    <fats-dha>0.00000</fats-dha>
    <fats-epa>0.00000</fats-epa>
    <fats-lauric>0.00400</fats-lauric>
    <fats-linoleic>0.15300</fats-linoleic>
    <fats-linolenic>0.03100</fats-linolenic>
    <fats-monounsaturated>0.02500</fats-monounsaturated>
    <fats-myristic>0.00200</fats-myristic>
    <fats-palmitic>0.06000</fats-palmitic>
    <fats-polyunsaturated>0.18600</fats-polyunsaturated>
    <fats-saturated>0.07900</fats-saturated>
    <fats-stearic>0.00700</fats-stearic>
    <fats-total>0.40000</fats-total>
    <minerals-calcium>11.00000</minerals-calcium>
    <minerals-copper>0.04100</minerals-copper>
    <minerals-iron>0.41000</minerals-iron>
    <minerals-magnesium>11.00000</minerals-magnesium>
    <minerals-manganese>0.00000</minerals-manganese>
    <minerals-phosphorus>25.00000</minerals-phosphorus>
    <minerals-potassium>170.00000</minerals-potassium>
    <minerals-selenium>0.70000</minerals-selenium>
    <minerals-sodium>36.00000</minerals-sodium>
    <minerals-zinc>0.27000</minerals-zinc>
    <other-alcohol>0.00000</other-alcohol>
    <other-cost>0.0</other-cost>
    <other-water>89.40000</other-water>
    <other-weight>100.00000</other-weight>
    <protein-complete>0.00000</protein-complete>
    <protein-total>1.40000</protein-total>
    <vitamins-choline>9.70000</vitamins-choline>
    <vitamins-folate>4.00000</vitamins-folate>
    <vitamins-niacin>0.66500</vitamins-niacin>
    <vitamins-pantothenic_acid>0.25900</vitamins-pantothenic_acid>
    <vitamins-riboflavin>0.03200</vitamins-riboflavin>
    <vitamins-thiamin>0.02900</vitamins-thiamin>
    <vitamins-vitamin_a>210.00000</vitamins-vitamin_a>
    <vitamins-vitamin_b12>0.00000</vitamins-vitamin_b12>
    <vitamins-vitamin_b6>0.08100</vitamins-vitamin_b6>
    <vitamins-vitamin_c>2.50000</vitamins-vitamin_c>
    <vitamins-vitamin_d>0.00000</vitamins-vitamin_d>
    <vitamins-vitamin_e>0.52000</vitamins-vitamin_e>
    <vitamins-vitamin_k>7.40000</vitamins-vitamin_k>
</food>