<food xmlns:xsi="http://www.w3.org/2001/XMLSchema-instance" xsi:noNamespaceSchemaLocation="https://xjrga.github.io/schemas/food_v2.xsd">
    <food-id>03265</food-id>
    <food-name>Babyfood, juice, apple and grape</food-name>
    <carbohydrates-carbs_by_diff>11.34000</carbohydrates-carbs_by_diff>
    <carbohydrates-fiber>0.10000</carbohydrates-fiber>
    <carbohydrates-glycemicindex>0.00000</carbohydrates-glycemicindex>
    <energy-gross>46.00000</energy-gross>
    <fats-cholesterol>0.00000</fats-cholesterol>
    <fats-dha>0.00000</fats-dha>
    <fats-epa>0.00000</fats-epa>
    <fats-lauric>0.00000</fats-lauric>
    <fats-linoleic>0.04900</fats-linoleic>
    <fats-linolenic>0.01100</fats-linolenic>
    <fats-monounsaturated>0.00900</fats-monounsaturated>
    <fats-myristic>0.00200</fats-myristic>
    <fats-palmitic>0.03000</fats-palmitic>
    <fats-polyunsaturated>0.05900</fats-polyunsaturated>
    <fats-saturated>0.04000</fats-saturated>
    <fats-stearic>0.00400</fats-stearic>
    <fats-total>0.20000</fats-total>
    <minerals-calcium>6.00000</minerals-calcium>
    <minerals-copper>0.07800</minerals-copper>
    <minerals-iron>0.39000</minerals-iron>
    <minerals-magnesium>6.00000</minerals-magnesium>
    <minerals-manganese>0.00000</minerals-manganese>
    <minerals-phosphorus>5.00000</minerals-phosphorus>
    <minerals-potassium>90.00000</minerals-potassium>
    <minerals-selenium>0.10000</minerals-selenium>
    <minerals-sodium>0.00000</minerals-sodium>
    <minerals-zinc>0.04000</minerals-zinc>
    <other-alcohol>0.00000</other-alcohol>
    <other-cost>0.0</other-cost>
    <other-water>88.10000</other-water>
    <other-weight>100.00000</other-weight>
    <protein-complete>0.00000</protein-complete>
    <protein-total>0.10000</protein-total>
    <vitamins-choline>1.90000</vitamins-choline>
    <vitamins-folate>1.00000</vitamins-folate>
    <vitamins-niacin>0.10900</vitamins-niacin>
    <vitamins-pantothenic_acid>0.07500</vitamins-pantothenic_acid>
    <vitamins-riboflavin>0.02100</vitamins-riboflavin>
    <vitamins-thiamin>0.00700</vitamins-thiamin>
    <vitamins-vitamin_a>0.00000</vitamins-vitamin_a>
    <vitamins-vitamin_b12>0.00000</vitamins-vitamin_b12>
    <vitamins-vitamin_b6>0.03400</vitamins-vitamin_b6>
    <vitamins-vitamin_c>31.50000</vitamins-vitamin_c>
    <vitamins-vitamin_d>0.00000</vitamins-vitamin_d>
    <vitamins-vitamin_e>0.00000</vitamins-vitamin_e>
    <vitamins-vitamin_k>0.00000</vitamins-vitamin_k>
</food>