<food xmlns:xsi="http://www.w3.org/2001/XMLSchema-instance" xsi:noNamespaceSchemaLocation="https://xjrga.github.io/schemas/food_v2.xsd">
    <food-id>03211</food-id>
    <food-name>Babyfood, cereal, high protein, with apple and orange, dry</food-name>
    <carbohydrates-carbs_by_diff>57.60000</carbohydrates-carbs_by_diff>
    <carbohydrates-fiber>7.10000</carbohydrates-fiber>
    <carbohydrates-glycemicindex>0.00000</carbohydrates-glycemicindex>
    <energy-gross>374.00000</energy-gross>
    <fats-cholesterol>0.00000</fats-cholesterol>
    <fats-dha>0.00000</fats-dha>
    <fats-epa>0.00000</fats-epa>
    <fats-lauric>0.00100</fats-lauric>
    <fats-linoleic>3.02200</fats-linoleic>
    <fats-linolenic>0.40300</fats-linolenic>
    <fats-monounsaturated>1.23100</fats-monounsaturated>
    <fats-myristic>0.01000</fats-myristic>
    <fats-palmitic>0.71000</fats-palmitic>
    <fats-polyunsaturated>3.42900</fats-polyunsaturated>
    <fats-saturated>0.96000</fats-saturated>
    <fats-stearic>0.22000</fats-stearic>
    <fats-total>6.50000</fats-total>
    <minerals-calcium>751.00000</minerals-calcium>
    <minerals-copper>0.96400</minerals-copper>
    <minerals-iron>47.50000</minerals-iron>
    <minerals-magnesium>159.00000</minerals-magnesium>
    <minerals-manganese>0.00000</minerals-manganese>
    <minerals-phosphorus>539.00000</minerals-phosphorus>
    <minerals-potassium>1330.00000</minerals-potassium>
    <minerals-selenium>28.30000</minerals-selenium>
    <minerals-sodium>104.00000</minerals-sodium>
    <minerals-zinc>2.70000</minerals-zinc>
    <other-alcohol>0.00000</other-alcohol>
    <other-cost>0.0</other-cost>
    <other-water>5.30000</other-water>
    <other-weight>100.00000</other-weight>
    <protein-complete>0.00000</protein-complete>
    <protein-total>25.40000</protein-total>
    <vitamins-choline>0.00000</vitamins-choline>
    <vitamins-folate>190.00000</vitamins-folate>
    <vitamins-niacin>23.83000</vitamins-niacin>
    <vitamins-pantothenic_acid>0.00000</vitamins-pantothenic_acid>
    <vitamins-riboflavin>4.33000</vitamins-riboflavin>
    <vitamins-thiamin>3.79000</vitamins-thiamin>
    <vitamins-vitamin_a>3.00000</vitamins-vitamin_a>
    <vitamins-vitamin_b12>0.30000</vitamins-vitamin_b12>
    <vitamins-vitamin_b6>0.35100</vitamins-vitamin_b6>
    <vitamins-vitamin_c>3.10000</vitamins-vitamin_c>
    <vitamins-vitamin_d>0.00000</vitamins-vitamin_d>
    <vitamins-vitamin_e>0.00000</vitamins-vitamin_e>
    <vitamins-vitamin_k>0.00000</vitamins-vitamin_k>
</food>