<food xmlns:xsi="http://www.w3.org/2001/XMLSchema-instance" xsi:noNamespaceSchemaLocation="https://xjrga.github.io/schemas/food_v2.xsd">
    <food-id>03214</food-id>
    <food-name>Babyfood, cookies, arrowroot</food-name>
    <carbohydrates-carbs_by_diff>75.40000</carbohydrates-carbs_by_diff>
    <carbohydrates-fiber>0.20000</carbohydrates-fiber>
    <carbohydrates-glycemicindex>0.00000</carbohydrates-glycemicindex>
    <energy-gross>424.00000</energy-gross>
    <fats-cholesterol>0.00000</fats-cholesterol>
    <fats-dha>0.00000</fats-dha>
    <fats-epa>0.00000</fats-epa>
    <fats-lauric>0.00100</fats-lauric>
    <fats-linoleic>0.56000</fats-linoleic>
    <fats-linolenic>0.03200</fats-linolenic>
    <fats-monounsaturated>7.92200</fats-monounsaturated>
    <fats-myristic>0.01000</fats-myristic>
    <fats-palmitic>0.44000</fats-palmitic>
    <fats-polyunsaturated>0.59100</fats-polyunsaturated>
    <fats-saturated>1.04800</fats-saturated>
    <fats-stearic>0.41000</fats-stearic>
    <fats-total>10.00000</fats-total>
    <minerals-calcium>32.00000</minerals-calcium>
    <minerals-copper>0.07400</minerals-copper>
    <minerals-iron>3.00000</minerals-iron>
    <minerals-magnesium>22.00000</minerals-magnesium>
    <minerals-manganese>0.00000</minerals-manganese>
    <minerals-phosphorus>116.00000</minerals-phosphorus>
    <minerals-potassium>156.00000</minerals-potassium>
    <minerals-selenium>17.20000</minerals-selenium>
    <minerals-sodium>319.00000</minerals-sodium>
    <minerals-zinc>0.53000</minerals-zinc>
    <other-alcohol>0.00000</other-alcohol>
    <other-cost>0.0</other-cost>
    <other-water>5.60000</other-water>
    <other-weight>100.00000</other-weight>
    <protein-complete>0.00000</protein-complete>
    <protein-total>7.60000</protein-total>
    <vitamins-choline>0.00000</vitamins-choline>
    <vitamins-folate>53.00000</vitamins-folate>
    <vitamins-niacin>5.73900</vitamins-niacin>
    <vitamins-pantothenic_acid>0.53100</vitamins-pantothenic_acid>
    <vitamins-riboflavin>0.42900</vitamins-riboflavin>
    <vitamins-thiamin>0.49900</vitamins-thiamin>
    <vitamins-vitamin_a>0.00000</vitamins-vitamin_a>
    <vitamins-vitamin_b12>0.07000</vitamins-vitamin_b12>
    <vitamins-vitamin_b6>0.04000</vitamins-vitamin_b6>
    <vitamins-vitamin_c>5.50000</vitamins-vitamin_c>
    <vitamins-vitamin_d>0.00000</vitamins-vitamin_d>
    <vitamins-vitamin_e>3.86000</vitamins-vitamin_e>
    <vitamins-vitamin_k>0.50000</vitamins-vitamin_k>
</food>