<food xmlns:xsi="http://www.w3.org/2001/XMLSchema-instance" xsi:noNamespaceSchemaLocation="https://xjrga.github.io/schemas/food_v2.xsd">
    <food-id>03221</food-id>
    <food-name>Babyfood, dessert, dutch apple, junior</food-name>
    <carbohydrates-carbs_by_diff>19.18000</carbohydrates-carbs_by_diff>
    <carbohydrates-fiber>1.40000</carbohydrates-fiber>
    <carbohydrates-glycemicindex>0.00000</carbohydrates-glycemicindex>
    <energy-gross>79.00000</energy-gross>
    <fats-cholesterol>0.00000</fats-cholesterol>
    <fats-dha>0.00000</fats-dha>
    <fats-epa>0.00000</fats-epa>
    <fats-lauric>0.00000</fats-lauric>
    <fats-linoleic>0.03800</fats-linoleic>
    <fats-linolenic>0.00800</fats-linolenic>
    <fats-monounsaturated>0.00600</fats-monounsaturated>
    <fats-myristic>0.00100</fats-myristic>
    <fats-palmitic>0.02000</fats-palmitic>
    <fats-polyunsaturated>0.04500</fats-polyunsaturated>
    <fats-saturated>0.02500</fats-saturated>
    <fats-stearic>0.00300</fats-stearic>
    <fats-total>0.16000</fats-total>
    <minerals-calcium>3.00000</minerals-calcium>
    <minerals-copper>0.03000</minerals-copper>
    <minerals-iron>0.11000</minerals-iron>
    <minerals-magnesium>4.00000</minerals-magnesium>
    <minerals-manganese>0.02000</minerals-manganese>
    <minerals-phosphorus>7.00000</minerals-phosphorus>
    <minerals-potassium>67.00000</minerals-potassium>
    <minerals-selenium>0.20000</minerals-selenium>
    <minerals-sodium>3.00000</minerals-sodium>
    <minerals-zinc>0.03000</minerals-zinc>
    <other-alcohol>0.00000</other-alcohol>
    <other-cost>0.0</other-cost>
    <other-water>80.32000</other-water>
    <other-weight>100.00000</other-weight>
    <protein-complete>0.00000</protein-complete>
    <protein-total>0.20000</protein-total>
    <vitamins-choline>2.50000</vitamins-choline>
    <vitamins-folate>0.00000</vitamins-folate>
    <vitamins-niacin>0.04800</vitamins-niacin>
    <vitamins-pantothenic_acid>0.01700</vitamins-pantothenic_acid>
    <vitamins-riboflavin>0.01200</vitamins-riboflavin>
    <vitamins-thiamin>0.01000</vitamins-thiamin>
    <vitamins-vitamin_a>1.00000</vitamins-vitamin_a>
    <vitamins-vitamin_b12>0.00000</vitamins-vitamin_b12>
    <vitamins-vitamin_b6>0.01700</vitamins-vitamin_b6>
    <vitamins-vitamin_c>18.00000</vitamins-vitamin_c>
    <vitamins-vitamin_d>0.00000</vitamins-vitamin_d>
    <vitamins-vitamin_e>0.04000</vitamins-vitamin_e>
    <vitamins-vitamin_k>0.50000</vitamins-vitamin_k>
</food>