<food xmlns:xsi="http://www.w3.org/2001/XMLSchema-instance" xsi:noNamespaceSchemaLocation="https://xjrga.github.io/schemas/food_v2.xsd">
    <food-id>03245</food-id>
    <food-name>Babyfood, dessert, custard pudding, vanilla, strained</food-name>
    <carbohydrates-carbs_by_diff>16.00000</carbohydrates-carbs_by_diff>
    <carbohydrates-fiber>0.00000</carbohydrates-fiber>
    <carbohydrates-glycemicindex>0.00000</carbohydrates-glycemicindex>
    <energy-gross>85.00000</energy-gross>
    <fats-cholesterol>8.00000</fats-cholesterol>
    <fats-dha>0.00000</fats-dha>
    <fats-epa>0.00000</fats-epa>
    <fats-lauric>0.04000</fats-lauric>
    <fats-linoleic>0.13000</fats-linoleic>
    <fats-linolenic>0.01000</fats-linolenic>
    <fats-monounsaturated>0.68000</fats-monounsaturated>
    <fats-myristic>0.11000</fats-myristic>
    <fats-palmitic>0.52000</fats-palmitic>
    <fats-polyunsaturated>0.16000</fats-polyunsaturated>
    <fats-saturated>1.01000</fats-saturated>
    <fats-stearic>0.19000</fats-stearic>
    <fats-total>2.00000</fats-total>
    <minerals-calcium>55.00000</minerals-calcium>
    <minerals-copper>0.05000</minerals-copper>
    <minerals-iron>0.24000</minerals-iron>
    <minerals-magnesium>5.00000</minerals-magnesium>
    <minerals-manganese>0.00000</minerals-manganese>
    <minerals-phosphorus>45.00000</minerals-phosphorus>
    <minerals-potassium>66.00000</minerals-potassium>
    <minerals-selenium>2.40000</minerals-selenium>
    <minerals-sodium>0.00000</minerals-sodium>
    <minerals-zinc>0.28000</minerals-zinc>
    <other-alcohol>0.00000</other-alcohol>
    <other-cost>0.0</other-cost>
    <other-water>79.90000</other-water>
    <other-weight>100.00000</other-weight>
    <protein-complete>0.00000</protein-complete>
    <protein-total>1.60000</protein-total>
    <vitamins-choline>29.90000</vitamins-choline>
    <vitamins-folate>6.00000</vitamins-folate>
    <vitamins-niacin>0.04000</vitamins-niacin>
    <vitamins-pantothenic_acid>0.25000</vitamins-pantothenic_acid>
    <vitamins-riboflavin>0.08000</vitamins-riboflavin>
    <vitamins-thiamin>0.01200</vitamins-thiamin>
    <vitamins-vitamin_a>18.00000</vitamins-vitamin_a>
    <vitamins-vitamin_b12>0.01000</vitamins-vitamin_b12>
    <vitamins-vitamin_b6>0.02000</vitamins-vitamin_b6>
    <vitamins-vitamin_c>0.80000</vitamins-vitamin_c>
    <vitamins-vitamin_d>0.50000</vitamins-vitamin_d>
    <vitamins-vitamin_e>0.23000</vitamins-vitamin_e>
    <vitamins-vitamin_k>0.00000</vitamins-vitamin_k>
</food>