<food xmlns:xsi="http://www.w3.org/2001/XMLSchema-instance" xsi:noNamespaceSchemaLocation="https://xjrga.github.io/schemas/food_v2.xsd">
    <food-id>03217</food-id>
    <food-name>Zwieback</food-name>
    <carbohydrates-carbs_by_diff>74.20000</carbohydrates-carbs_by_diff>
    <carbohydrates-fiber>2.50000</carbohydrates-fiber>
    <carbohydrates-glycemicindex>0.00000</carbohydrates-glycemicindex>
    <energy-gross>426.00000</energy-gross>
    <fats-cholesterol>8.00000</fats-cholesterol>
    <fats-dha>0.00000</fats-dha>
    <fats-epa>0.00000</fats-epa>
    <fats-lauric>0.08000</fats-lauric>
    <fats-linoleic>2.00700</fats-linoleic>
    <fats-linolenic>0.06500</fats-linolenic>
    <fats-monounsaturated>4.24400</fats-monounsaturated>
    <fats-myristic>0.31000</fats-myristic>
    <fats-palmitic>1.19000</fats-palmitic>
    <fats-polyunsaturated>2.07300</fats-polyunsaturated>
    <fats-saturated>2.52500</fats-saturated>
    <fats-stearic>0.59000</fats-stearic>
    <fats-total>9.70000</fats-total>
    <minerals-calcium>20.00000</minerals-calcium>
    <minerals-copper>0.14500</minerals-copper>
    <minerals-iron>0.60000</minerals-iron>
    <minerals-magnesium>14.00000</minerals-magnesium>
    <minerals-manganese>0.00000</minerals-manganese>
    <minerals-phosphorus>55.00000</minerals-phosphorus>
    <minerals-potassium>305.00000</minerals-potassium>
    <minerals-selenium>28.70000</minerals-selenium>
    <minerals-sodium>227.00000</minerals-sodium>
    <minerals-zinc>0.54000</minerals-zinc>
    <other-alcohol>0.00000</other-alcohol>
    <other-cost>0.0</other-cost>
    <other-water>4.50000</other-water>
    <other-weight>100.00000</other-weight>
    <protein-complete>0.00000</protein-complete>
    <protein-total>10.10000</protein-total>
    <vitamins-choline>10.70000</vitamins-choline>
    <vitamins-folate>134.00000</vitamins-folate>
    <vitamins-niacin>1.31900</vitamins-niacin>
    <vitamins-pantothenic_acid>0.53700</vitamins-pantothenic_acid>
    <vitamins-riboflavin>0.23900</vitamins-riboflavin>
    <vitamins-thiamin>0.20800</vitamins-thiamin>
    <vitamins-vitamin_a>16.00000</vitamins-vitamin_a>
    <vitamins-vitamin_b12>0.00000</vitamins-vitamin_b12>
    <vitamins-vitamin_b6>0.08200</vitamins-vitamin_b6>
    <vitamins-vitamin_c>5.30000</vitamins-vitamin_c>
    <vitamins-vitamin_d>0.00000</vitamins-vitamin_d>
    <vitamins-vitamin_e>2.44000</vitamins-vitamin_e>
    <vitamins-vitamin_k>0.90000</vitamins-vitamin_k>
</food>