<food xmlns:xsi="http://www.w3.org/2001/XMLSchema-instance" xsi:noNamespaceSchemaLocation="https://xjrga.github.io/schemas/food_v2.xsd">
    <food-id>03302</food-id>
    <food-name>Babyfood, snack, GERBER, GRADUATES, YOGURT MELTS</food-name>
    <carbohydrates-carbs_by_diff>71.82000</carbohydrates-carbs_by_diff>
    <carbohydrates-fiber>2.30000</carbohydrates-fiber>
    <carbohydrates-glycemicindex>0.00000</carbohydrates-glycemicindex>
    <energy-gross>380.00000</energy-gross>
    <fats-cholesterol>0.00000</fats-cholesterol>
    <fats-dha>0.00000</fats-dha>
    <fats-epa>0.00000</fats-epa>
    <fats-lauric>0.10000</fats-lauric>
    <fats-linoleic>0.13900</fats-linoleic>
    <fats-linolenic>0.05500</fats-linolenic>
    <fats-monounsaturated>0.96800</fats-monounsaturated>
    <fats-myristic>0.32000</fats-myristic>
    <fats-palmitic>1.03000</fats-palmitic>
    <fats-polyunsaturated>0.19400</fats-polyunsaturated>
    <fats-saturated>2.23600</fats-saturated>
    <fats-stearic>0.43000</fats-stearic>
    <fats-total>4.00000</fats-total>
    <minerals-calcium>457.00000</minerals-calcium>
    <minerals-copper>0.09200</minerals-copper>
    <minerals-iron>0.00000</minerals-iron>
    <minerals-magnesium>53.00000</minerals-magnesium>
    <minerals-manganese>0.07700</minerals-manganese>
    <minerals-phosphorus>382.00000</minerals-phosphorus>
    <minerals-potassium>714.00000</minerals-potassium>
    <minerals-selenium>11.80000</minerals-selenium>
    <minerals-sodium>286.00000</minerals-sodium>
    <minerals-zinc>1.77000</minerals-zinc>
    <other-alcohol>0.00000</other-alcohol>
    <other-cost>0.0</other-cost>
    <other-water>6.00000</other-water>
    <other-weight>100.00000</other-weight>
    <protein-complete>0.00000</protein-complete>
    <protein-total>14.29000</protein-total>
    <vitamins-choline>78.00000</vitamins-choline>
    <vitamins-folate>55.00000</vitamins-folate>
    <vitamins-niacin>3.30100</vitamins-niacin>
    <vitamins-pantothenic_acid>1.47000</vitamins-pantothenic_acid>
    <vitamins-riboflavin>0.81700</vitamins-riboflavin>
    <vitamins-thiamin>0.11300</vitamins-thiamin>
    <vitamins-vitamin_a>107.00000</vitamins-vitamin_a>
    <vitamins-vitamin_b12>1.70000</vitamins-vitamin_b12>
    <vitamins-vitamin_b6>0.16800</vitamins-vitamin_b6>
    <vitamins-vitamin_c>57.10000</vitamins-vitamin_c>
    <vitamins-vitamin_d>0.10000</vitamins-vitamin_d>
    <vitamins-vitamin_e>6.43000</vitamins-vitamin_e>
    <vitamins-vitamin_k>12.20000</vitamins-vitamin_k>
</food>