<food xmlns:xsi="http://www.w3.org/2001/XMLSchema-instance" xsi:noNamespaceSchemaLocation="https://xjrga.github.io/schemas/food_v2.xsd">
    <food-id>03304</food-id>
    <food-name>Babyfood, dinner, potatoes with cheese and ham, toddler</food-name>
    <carbohydrates-carbs_by_diff>11.97000</carbohydrates-carbs_by_diff>
    <carbohydrates-fiber>1.20000</carbohydrates-fiber>
    <carbohydrates-glycemicindex>0.00000</carbohydrates-glycemicindex>
    <energy-gross>78.00000</energy-gross>
    <fats-cholesterol>6.00000</fats-cholesterol>
    <fats-dha>0.00000</fats-dha>
    <fats-epa>0.00000</fats-epa>
    <fats-lauric>0.02000</fats-lauric>
    <fats-linoleic>0.13100</fats-linoleic>
    <fats-linolenic>0.03200</fats-linolenic>
    <fats-monounsaturated>0.73300</fats-monounsaturated>
    <fats-myristic>0.11000</fats-myristic>
    <fats-palmitic>0.49000</fats-palmitic>
    <fats-polyunsaturated>0.16300</fats-polyunsaturated>
    <fats-saturated>1.10000</fats-saturated>
    <fats-stearic>0.21000</fats-stearic>
    <fats-total>2.00000</fats-total>
    <minerals-calcium>53.00000</minerals-calcium>
    <minerals-copper>0.06000</minerals-copper>
    <minerals-iron>0.40000</minerals-iron>
    <minerals-magnesium>14.00000</minerals-magnesium>
    <minerals-manganese>0.01800</minerals-manganese>
    <minerals-phosphorus>108.00000</minerals-phosphorus>
    <minerals-potassium>143.00000</minerals-potassium>
    <minerals-selenium>5.50000</minerals-selenium>
    <minerals-sodium>205.00000</minerals-sodium>
    <minerals-zinc>0.60000</minerals-zinc>
    <other-alcohol>0.00000</other-alcohol>
    <other-cost>0.0</other-cost>
    <other-water>81.50000</other-water>
    <other-weight>100.00000</other-weight>
    <protein-complete>0.00000</protein-complete>
    <protein-total>3.50000</protein-total>
    <vitamins-choline>15.40000</vitamins-choline>
    <vitamins-folate>6.00000</vitamins-folate>
    <vitamins-niacin>1.06000</vitamins-niacin>
    <vitamins-pantothenic_acid>0.34500</vitamins-pantothenic_acid>
    <vitamins-riboflavin>0.10000</vitamins-riboflavin>
    <vitamins-thiamin>0.05000</vitamins-thiamin>
    <vitamins-vitamin_a>8.00000</vitamins-vitamin_a>
    <vitamins-vitamin_b12>0.07000</vitamins-vitamin_b12>
    <vitamins-vitamin_b6>0.16000</vitamins-vitamin_b6>
    <vitamins-vitamin_c>0.10000</vitamins-vitamin_c>
    <vitamins-vitamin_d>0.00000</vitamins-vitamin_d>
    <vitamins-vitamin_e>0.02000</vitamins-vitamin_e>
    <vitamins-vitamin_k>1.30000</vitamins-vitamin_k>
</food>