<food xmlns:xsi="http://www.w3.org/2001/XMLSchema-instance" xsi:noNamespaceSchemaLocation="https://xjrga.github.io/schemas/food_v2.xsd">
    <food-id>03685</food-id>
    <food-name>Babyfood, cereal, mixed, prepared with whole milk</food-name>
    <carbohydrates-carbs_by_diff>12.30000</carbohydrates-carbs_by_diff>
    <carbohydrates-fiber>0.80000</carbohydrates-fiber>
    <carbohydrates-glycemicindex>0.00000</carbohydrates-glycemicindex>
    <energy-gross>96.00000</energy-gross>
    <fats-cholesterol>9.00000</fats-cholesterol>
    <fats-dha>0.00000</fats-dha>
    <fats-epa>0.00000</fats-epa>
    <fats-lauric>0.06000</fats-lauric>
    <fats-linoleic>0.28400</fats-linoleic>
    <fats-linolenic>0.07100</fats-linolenic>
    <fats-monounsaturated>0.85500</fats-monounsaturated>
    <fats-myristic>0.26000</fats-myristic>
    <fats-palmitic>0.81000</fats-palmitic>
    <fats-polyunsaturated>0.35900</fats-polyunsaturated>
    <fats-saturated>1.74500</fats-saturated>
    <fats-stearic>0.33000</fats-stearic>
    <fats-total>3.38000</fats-total>
    <minerals-calcium>220.00000</minerals-calcium>
    <minerals-copper>0.05900</minerals-copper>
    <minerals-iron>10.43000</minerals-iron>
    <minerals-magnesium>20.00000</minerals-magnesium>
    <minerals-manganese>0.00400</minerals-manganese>
    <minerals-phosphorus>118.00000</minerals-phosphorus>
    <minerals-potassium>166.00000</minerals-potassium>
    <minerals-selenium>6.10000</minerals-selenium>
    <minerals-sodium>42.00000</minerals-sodium>
    <minerals-zinc>0.59000</minerals-zinc>
    <other-alcohol>0.00000</other-alcohol>
    <other-cost>0.0</other-cost>
    <other-water>79.21000</other-water>
    <other-weight>100.00000</other-weight>
    <protein-complete>0.00000</protein-complete>
    <protein-total>4.14000</protein-total>
    <vitamins-choline>15.30000</vitamins-choline>
    <vitamins-folate>9.00000</vitamins-folate>
    <vitamins-niacin>3.88000</vitamins-niacin>
    <vitamins-pantothenic_acid>0.45000</vitamins-pantothenic_acid>
    <vitamins-riboflavin>0.44800</vitamins-riboflavin>
    <vitamins-thiamin>0.30800</vitamins-thiamin>
    <vitamins-vitamin_a>41.00000</vitamins-vitamin_a>
    <vitamins-vitamin_b12>0.40000</vitamins-vitamin_b12>
    <vitamins-vitamin_b6>0.05300</vitamins-vitamin_b6>
    <vitamins-vitamin_c>0.30000</vitamins-vitamin_c>
    <vitamins-vitamin_d>1.10000</vitamins-vitamin_d>
    <vitamins-vitamin_e>0.47000</vitamins-vitamin_e>
    <vitamins-vitamin_k>0.40000</vitamins-vitamin_k>
</food>