<food xmlns:xsi="http://www.w3.org/2001/XMLSchema-instance" xsi:noNamespaceSchemaLocation="https://xjrga.github.io/schemas/food_v2.xsd">
    <food-id>03690</food-id>
    <food-name>Babyfood, cereal, oatmeal, with bananas, prepared with whole milk</food-name>
    <carbohydrates-carbs_by_diff>10.00000</carbohydrates-carbs_by_diff>
    <carbohydrates-fiber>0.40000</carbohydrates-fiber>
    <carbohydrates-glycemicindex>0.00000</carbohydrates-glycemicindex>
    <energy-gross>86.00000</energy-gross>
    <fats-cholesterol>10.00000</fats-cholesterol>
    <fats-dha>0.00000</fats-dha>
    <fats-epa>0.00000</fats-epa>
    <fats-lauric>0.07000</fats-lauric>
    <fats-linoleic>0.26000</fats-linoleic>
    <fats-linolenic>0.08100</fats-linolenic>
    <fats-monounsaturated>0.85900</fats-monounsaturated>
    <fats-myristic>0.27000</fats-myristic>
    <fats-palmitic>0.84000</fats-palmitic>
    <fats-polyunsaturated>0.34500</fats-polyunsaturated>
    <fats-saturated>1.82000</fats-saturated>
    <fats-stearic>0.34000</fats-stearic>
    <fats-total>3.46000</fats-total>
    <minerals-calcium>153.00000</minerals-calcium>
    <minerals-copper>0.05300</minerals-copper>
    <minerals-iron>3.63000</minerals-iron>
    <minerals-magnesium>18.00000</minerals-magnesium>
    <minerals-manganese>0.00400</minerals-manganese>
    <minerals-phosphorus>111.00000</minerals-phosphorus>
    <minerals-potassium>178.00000</minerals-potassium>
    <minerals-selenium>4.90000</minerals-selenium>
    <minerals-sodium>48.00000</minerals-sodium>
    <minerals-zinc>0.49000</minerals-zinc>
    <other-alcohol>0.00000</other-alcohol>
    <other-cost>0.0</other-cost>
    <other-water>81.81000</other-water>
    <other-weight>100.00000</other-weight>
    <protein-complete>0.00000</protein-complete>
    <protein-total>3.82000</protein-total>
    <vitamins-choline>15.40000</vitamins-choline>
    <vitamins-folate>6.00000</vitamins-folate>
    <vitamins-niacin>1.60500</vitamins-niacin>
    <vitamins-pantothenic_acid>0.34500</vitamins-pantothenic_acid>
    <vitamins-riboflavin>0.43700</vitamins-riboflavin>
    <vitamins-thiamin>0.31500</vitamins-thiamin>
    <vitamins-vitamin_a>43.00000</vitamins-vitamin_a>
    <vitamins-vitamin_b12>0.43000</vitamins-vitamin_b12>
    <vitamins-vitamin_b6>0.10400</vitamins-vitamin_b6>
    <vitamins-vitamin_c>0.40000</vitamins-vitamin_c>
    <vitamins-vitamin_d>1.20000</vitamins-vitamin_d>
    <vitamins-vitamin_e>0.44000</vitamins-vitamin_e>
    <vitamins-vitamin_k>0.50000</vitamins-vitamin_k>
</food>