<food xmlns:xsi="http://www.w3.org/2001/XMLSchema-instance" xsi:noNamespaceSchemaLocation="https://xjrga.github.io/schemas/food_v2.xsd">
    <food-id>03694</food-id>
    <food-name>Babyfood, cereal, rice, prepared with whole milk</food-name>
    <carbohydrates-carbs_by_diff>10.31000</carbohydrates-carbs_by_diff>
    <carbohydrates-fiber>0.00000</carbohydrates-fiber>
    <carbohydrates-glycemicindex>0.00000</carbohydrates-glycemicindex>
    <energy-gross>85.00000</energy-gross>
    <fats-cholesterol>10.00000</fats-cholesterol>
    <fats-dha>0.00000</fats-dha>
    <fats-epa>0.00000</fats-epa>
    <fats-lauric>0.07000</fats-lauric>
    <fats-linoleic>0.24700</fats-linoleic>
    <fats-linolenic>0.08500</fats-linolenic>
    <fats-monounsaturated>0.84600</fats-monounsaturated>
    <fats-myristic>0.27000</fats-myristic>
    <fats-palmitic>0.82000</fats-palmitic>
    <fats-polyunsaturated>0.33300</fats-polyunsaturated>
    <fats-saturated>1.79300</fats-saturated>
    <fats-stearic>0.34000</fats-stearic>
    <fats-total>3.38000</fats-total>
    <minerals-calcium>168.00000</minerals-calcium>
    <minerals-copper>0.04800</minerals-copper>
    <minerals-iron>3.63000</minerals-iron>
    <minerals-magnesium>25.00000</minerals-magnesium>
    <minerals-manganese>0.00400</minerals-manganese>
    <minerals-phosphorus>122.00000</minerals-phosphorus>
    <minerals-potassium>151.00000</minerals-potassium>
    <minerals-selenium>4.30000</minerals-selenium>
    <minerals-sodium>42.00000</minerals-sodium>
    <minerals-zinc>0.49000</minerals-zinc>
    <other-alcohol>0.00000</other-alcohol>
    <other-cost>0.0</other-cost>
    <other-water>81.96000</other-water>
    <other-weight>100.00000</other-weight>
    <protein-complete>0.00000</protein-complete>
    <protein-total>3.45000</protein-total>
    <vitamins-choline>14.60000</vitamins-choline>
    <vitamins-folate>6.00000</vitamins-folate>
    <vitamins-niacin>2.44900</vitamins-niacin>
    <vitamins-pantothenic_acid>0.34500</vitamins-pantothenic_acid>
    <vitamins-riboflavin>0.32400</vitamins-riboflavin>
    <vitamins-thiamin>0.24300</vitamins-thiamin>
    <vitamins-vitamin_a>42.00000</vitamins-vitamin_a>
    <vitamins-vitamin_b12>0.41000</vitamins-vitamin_b12>
    <vitamins-vitamin_b6>0.06900</vitamins-vitamin_b6>
    <vitamins-vitamin_c>0.20000</vitamins-vitamin_c>
    <vitamins-vitamin_d>1.20000</vitamins-vitamin_d>
    <vitamins-vitamin_e>0.44000</vitamins-vitamin_e>
    <vitamins-vitamin_k>0.20000</vitamins-vitamin_k>
</food>