<food xmlns:xsi="http://www.w3.org/2001/XMLSchema-instance" xsi:noNamespaceSchemaLocation="https://xjrga.github.io/schemas/food_v2.xsd">
    <food-id>03821</food-id>
    <food-name>Infant formula, MEAD JOHNSON, PREGESTIMIL, with iron, powder, not reconstituted</food-name>
    <carbohydrates-carbs_by_diff>52.80000</carbohydrates-carbs_by_diff>
    <carbohydrates-fiber>0.00000</carbohydrates-fiber>
    <carbohydrates-glycemicindex>0.00000</carbohydrates-glycemicindex>
    <energy-gross>519.00000</energy-gross>
    <fats-cholesterol>2.00000</fats-cholesterol>
    <fats-dha>0.00000</fats-dha>
    <fats-epa>0.00000</fats-epa>
    <fats-lauric>0.07000</fats-lauric>
    <fats-linoleic>5.90000</fats-linoleic>
    <fats-linolenic>0.59000</fats-linolenic>
    <fats-monounsaturated>4.60000</fats-monounsaturated>
    <fats-myristic>0.00000</fats-myristic>
    <fats-palmitic>1.15000</fats-palmitic>
    <fats-polyunsaturated>6.50000</fats-polyunsaturated>
    <fats-saturated>16.80000</fats-saturated>
    <fats-stearic>0.40000</fats-stearic>
    <fats-total>28.00000</fats-total>
    <minerals-calcium>580.00000</minerals-calcium>
    <minerals-copper>0.38000</minerals-copper>
    <minerals-iron>9.40000</minerals-iron>
    <minerals-magnesium>55.00000</minerals-magnesium>
    <minerals-manganese>0.00000</minerals-manganese>
    <minerals-phosphorus>380.00000</minerals-phosphorus>
    <minerals-potassium>550.00000</minerals-potassium>
    <minerals-selenium>14.00000</minerals-selenium>
    <minerals-sodium>240.00000</minerals-sodium>
    <minerals-zinc>5.00000</minerals-zinc>
    <other-alcohol>0.00000</other-alcohol>
    <other-cost>0.0</other-cost>
    <other-water>2.00000</other-water>
    <other-weight>100.00000</other-weight>
    <protein-complete>0.00000</protein-complete>
    <protein-total>14.00000</protein-total>
    <vitamins-choline>60.00000</vitamins-choline>
    <vitamins-folate>136.00000</vitamins-folate>
    <vitamins-niacin>5.00000</vitamins-niacin>
    <vitamins-pantothenic_acid>0.00000</vitamins-pantothenic_acid>
    <vitamins-riboflavin>0.45000</vitamins-riboflavin>
    <vitamins-thiamin>0.40000</vitamins-thiamin>
    <vitamins-vitamin_a>570.00000</vitamins-vitamin_a>
    <vitamins-vitamin_b12>1.50000</vitamins-vitamin_b12>
    <vitamins-vitamin_b6>0.30000</vitamins-vitamin_b6>
    <vitamins-vitamin_c>60.00000</vitamins-vitamin_c>
    <vitamins-vitamin_d>7.00000</vitamins-vitamin_d>
    <vitamins-vitamin_e>13.40000</vitamins-vitamin_e>
    <vitamins-vitamin_k>60.00000</vitamins-vitamin_k>
</food>