<food xmlns:xsi="http://www.w3.org/2001/XMLSchema-instance" xsi:noNamespaceSchemaLocation="https://xjrga.github.io/schemas/food_v2.xsd">
    <food-id>03802</food-id>
    <food-name>Infant formula, NESTLE, GOOD START SUPREME, with iron, powder</food-name>
    <carbohydrates-carbs_by_diff>57.32000</carbohydrates-carbs_by_diff>
    <carbohydrates-fiber>0.00000</carbohydrates-fiber>
    <carbohydrates-glycemicindex>0.00000</carbohydrates-glycemicindex>
    <energy-gross>509.00000</energy-gross>
    <fats-cholesterol>32.00000</fats-cholesterol>
    <fats-dha>0.00000</fats-dha>
    <fats-epa>0.00000</fats-epa>
    <fats-lauric>2.66000</fats-lauric>
    <fats-linoleic>5.37000</fats-linoleic>
    <fats-linolenic>0.51000</fats-linolenic>
    <fats-monounsaturated>8.50000</fats-monounsaturated>
    <fats-myristic>1.11000</fats-myristic>
    <fats-palmitic>6.18000</fats-palmitic>
    <fats-polyunsaturated>5.88000</fats-polyunsaturated>
    <fats-saturated>11.66000</fats-saturated>
    <fats-stearic>0.97000</fats-stearic>
    <fats-total>26.10000</fats-total>
    <minerals-calcium>343.00000</minerals-calcium>
    <minerals-copper>0.41000</minerals-copper>
    <minerals-iron>7.70000</minerals-iron>
    <minerals-magnesium>36.00000</minerals-magnesium>
    <minerals-manganese>0.00000</minerals-manganese>
    <minerals-phosphorus>184.00000</minerals-phosphorus>
    <minerals-potassium>553.00000</minerals-potassium>
    <minerals-selenium>10.20000</minerals-selenium>
    <minerals-sodium>138.00000</minerals-sodium>
    <minerals-zinc>4.10000</minerals-zinc>
    <other-alcohol>0.00000</other-alcohol>
    <other-cost>0.0</other-cost>
    <other-water>2.50000</other-water>
    <other-weight>100.00000</other-weight>
    <protein-complete>0.00000</protein-complete>
    <protein-total>11.30000</protein-total>
    <vitamins-choline>61.40000</vitamins-choline>
    <vitamins-folate>131.00000</vitamins-folate>
    <vitamins-niacin>5.38000</vitamins-niacin>
    <vitamins-pantothenic_acid>0.00000</vitamins-pantothenic_acid>
    <vitamins-riboflavin>0.71700</vitamins-riboflavin>
    <vitamins-thiamin>0.51200</vitamins-thiamin>
    <vitamins-vitamin_a>461.00000</vitamins-vitamin_a>
    <vitamins-vitamin_b12>1.10000</vitamins-vitamin_b12>
    <vitamins-vitamin_b6>0.38400</vitamins-vitamin_b6>
    <vitamins-vitamin_c>46.10000</vitamins-vitamin_c>
    <vitamins-vitamin_d>7.70000</vitamins-vitamin_d>
    <vitamins-vitamin_e>7.70000</vitamins-vitamin_e>
    <vitamins-vitamin_k>41.00000</vitamins-vitamin_k>
</food>