<food xmlns:xsi="http://www.w3.org/2001/XMLSchema-instance" xsi:noNamespaceSchemaLocation="https://xjrga.github.io/schemas/food_v2.xsd">
    <food-id>03837</food-id>
    <food-name>Infant formula, ABBOTT NUTRITION, SIMILAC, PM 60/40, powder not reconstituted</food-name>
    <carbohydrates-carbs_by_diff>54.94000</carbohydrates-carbs_by_diff>
    <carbohydrates-fiber>0.00000</carbohydrates-fiber>
    <carbohydrates-glycemicindex>0.00000</carbohydrates-glycemicindex>
    <energy-gross>524.00000</energy-gross>
    <fats-cholesterol>17.00000</fats-cholesterol>
    <fats-dha>0.00000</fats-dha>
    <fats-epa>0.00000</fats-epa>
    <fats-lauric>4.84000</fats-lauric>
    <fats-linoleic>10.45600</fats-linoleic>
    <fats-linolenic>0.37900</fats-linolenic>
    <fats-monounsaturated>5.24200</fats-monounsaturated>
    <fats-myristic>1.97000</fats-myristic>
    <fats-palmitic>3.10000</fats-palmitic>
    <fats-polyunsaturated>10.83500</fats-polyunsaturated>
    <fats-saturated>12.21400</fats-saturated>
    <fats-stearic>0.83000</fats-stearic>
    <fats-total>28.71000</fats-total>
    <minerals-calcium>288.00000</minerals-calcium>
    <minerals-copper>0.46200</minerals-copper>
    <minerals-iron>1.13000</minerals-iron>
    <minerals-magnesium>31.00000</minerals-magnesium>
    <minerals-manganese>0.02600</minerals-manganese>
    <minerals-phosphorus>144.00000</minerals-phosphorus>
    <minerals-potassium>411.00000</minerals-potassium>
    <minerals-selenium>9.80000</minerals-selenium>
    <minerals-sodium>123.00000</minerals-sodium>
    <minerals-zinc>3.85000</minerals-zinc>
    <other-alcohol>0.00000</other-alcohol>
    <other-cost>0.0</other-cost>
    <other-water>2.25000</other-water>
    <other-weight>100.00000</other-weight>
    <protein-complete>0.00000</protein-complete>
    <protein-total>11.40000</protein-total>
    <vitamins-choline>61.60000</vitamins-choline>
    <vitamins-folate>131.00000</vitamins-folate>
    <vitamins-niacin>5.39200</vitamins-niacin>
    <vitamins-pantothenic_acid>2.31100</vitamins-pantothenic_acid>
    <vitamins-riboflavin>0.77000</vitamins-riboflavin>
    <vitamins-thiamin>0.51400</vitamins-thiamin>
    <vitamins-vitamin_a>462.00000</vitamins-vitamin_a>
    <vitamins-vitamin_b12>1.28000</vitamins-vitamin_b12>
    <vitamins-vitamin_b6>0.30800</vitamins-vitamin_b6>
    <vitamins-vitamin_c>46.20000</vitamins-vitamin_c>
    <vitamins-vitamin_d>7.70000</vitamins-vitamin_d>
    <vitamins-vitamin_e>8.61000</vitamins-vitamin_e>
    <vitamins-vitamin_k>41.10000</vitamins-vitamin_k>
</food>