<food xmlns:xsi="http://www.w3.org/2001/XMLSchema-instance" xsi:noNamespaceSchemaLocation="https://xjrga.github.io/schemas/food_v2.xsd">
    <food-id>03818</food-id>
    <food-name>Infant formula, MEAD JOHNSON, ENFAMIL, LIPIL, low iron, liquid concentrate, with ARA and DHA</food-name>
    <carbohydrates-carbs_by_diff>14.24000</carbohydrates-carbs_by_diff>
    <carbohydrates-fiber>0.00000</carbohydrates-fiber>
    <carbohydrates-glycemicindex>0.00000</carbohydrates-glycemicindex>
    <energy-gross>131.00000</energy-gross>
    <fats-cholesterol>2.00000</fats-cholesterol>
    <fats-dha>0.01900</fats-dha>
    <fats-epa>0.00000</fats-epa>
    <fats-lauric>0.66000</fats-lauric>
    <fats-linoleic>1.23900</fats-linoleic>
    <fats-linolenic>0.12100</fats-linolenic>
    <fats-monounsaturated>2.65900</fats-monounsaturated>
    <fats-myristic>0.30000</fats-myristic>
    <fats-palmitic>1.57000</fats-palmitic>
    <fats-polyunsaturated>1.41900</fats-polyunsaturated>
    <fats-saturated>3.07800</fats-saturated>
    <fats-stearic>0.30000</fats-stearic>
    <fats-total>7.16000</fats-total>
    <minerals-calcium>102.00000</minerals-calcium>
    <minerals-copper>0.09800</minerals-copper>
    <minerals-iron>0.92000</minerals-iron>
    <minerals-magnesium>11.00000</minerals-magnesium>
    <minerals-manganese>0.00000</minerals-manganese>
    <minerals-phosphorus>70.00000</minerals-phosphorus>
    <minerals-potassium>142.00000</minerals-potassium>
    <minerals-selenium>3.60000</minerals-selenium>
    <minerals-sodium>39.00000</minerals-sodium>
    <minerals-zinc>1.31000</minerals-zinc>
    <other-alcohol>0.00000</other-alcohol>
    <other-cost>0.0</other-cost>
    <other-water>75.32000</other-water>
    <other-weight>100.00000</other-weight>
    <protein-complete>0.00000</protein-complete>
    <protein-total>2.76000</protein-total>
    <vitamins-choline>17.00000</vitamins-choline>
    <vitamins-folate>36.00000</vitamins-folate>
    <vitamins-niacin>1.31300</vitamins-niacin>
    <vitamins-pantothenic_acid>0.00000</vitamins-pantothenic_acid>
    <vitamins-riboflavin>0.18400</vitamins-riboflavin>
    <vitamins-thiamin>0.10500</vitamins-thiamin>
    <vitamins-vitamin_a>118.00000</vitamins-vitamin_a>
    <vitamins-vitamin_b12>0.39000</vitamins-vitamin_b12>
    <vitamins-vitamin_b6>0.07900</vitamins-vitamin_b6>
    <vitamins-vitamin_c>15.80000</vitamins-vitamin_c>
    <vitamins-vitamin_d>2.00000</vitamins-vitamin_d>
    <vitamins-vitamin_e>1.22000</vitamins-vitamin_e>
    <vitamins-vitamin_k>10.00000</vitamins-vitamin_k>
</food>