<food xmlns:xsi="http://www.w3.org/2001/XMLSchema-instance" xsi:noNamespaceSchemaLocation="https://xjrga.github.io/schemas/food_v2.xsd">
    <food-id>03820</food-id>
    <food-name>Child formula, MEAD JOHNSON, PORTAGEN, with iron, prepared from powder</food-name>
    <carbohydrates-carbs_by_diff>8.57000</carbohydrates-carbs_by_diff>
    <carbohydrates-fiber>0.00000</carbohydrates-fiber>
    <carbohydrates-glycemicindex>0.00000</carbohydrates-glycemicindex>
    <energy-gross>88.00000</energy-gross>
    <fats-cholesterol>1.00000</fats-cholesterol>
    <fats-dha>0.00000</fats-dha>
    <fats-epa>0.00000</fats-epa>
    <fats-lauric>0.01000</fats-lauric>
    <fats-linoleic>0.32400</fats-linoleic>
    <fats-linolenic>0.00900</fats-linolenic>
    <fats-monounsaturated>0.14300</fats-monounsaturated>
    <fats-myristic>0.00600</fats-myristic>
    <fats-palmitic>0.06000</fats-palmitic>
    <fats-polyunsaturated>0.33300</fats-polyunsaturated>
    <fats-saturated>3.95300</fats-saturated>
    <fats-stearic>0.01000</fats-stearic>
    <fats-total>4.48000</fats-total>
    <minerals-calcium>88.00000</minerals-calcium>
    <minerals-copper>0.14800</minerals-copper>
    <minerals-iron>1.75000</minerals-iron>
    <minerals-magnesium>19.00000</minerals-magnesium>
    <minerals-manganese>0.00000</minerals-manganese>
    <minerals-phosphorus>66.00000</minerals-phosphorus>
    <minerals-potassium>118.00000</minerals-potassium>
    <minerals-selenium>0.00000</minerals-selenium>
    <minerals-sodium>52.00000</minerals-sodium>
    <minerals-zinc>0.88000</minerals-zinc>
    <other-alcohol>0.00000</other-alcohol>
    <other-cost>0.0</other-cost>
    <other-water>82.86000</other-water>
    <other-weight>100.00000</other-weight>
    <protein-complete>0.00000</protein-complete>
    <protein-total>3.33000</protein-total>
    <vitamins-choline>11.30000</vitamins-choline>
    <vitamins-folate>25.00000</vitamins-folate>
    <vitamins-niacin>1.94400</vitamins-niacin>
    <vitamins-pantothenic_acid>0.00000</vitamins-pantothenic_acid>
    <vitamins-riboflavin>0.17600</vitamins-riboflavin>
    <vitamins-thiamin>0.14800</vitamins-thiamin>
    <vitamins-vitamin_a>222.00000</vitamins-vitamin_a>
    <vitamins-vitamin_b12>0.57000</vitamins-vitamin_b12>
    <vitamins-vitamin_b6>0.19400</vitamins-vitamin_b6>
    <vitamins-vitamin_c>7.60000</vitamins-vitamin_c>
    <vitamins-vitamin_d>1.60000</vitamins-vitamin_d>
    <vitamins-vitamin_e>2.00000</vitamins-vitamin_e>
    <vitamins-vitamin_k>15.10000</vitamins-vitamin_k>
</food>