<food xmlns:xsi="http://www.w3.org/2001/XMLSchema-instance" xsi:noNamespaceSchemaLocation="https://xjrga.github.io/schemas/food_v2.xsd">
    <food-id>03801</food-id>
    <food-name>Infant formula, NESTLE, GOOD START SUPREME, with iron, liquid concentrate, not reconstituted</food-name>
    <carbohydrates-carbs_by_diff>14.20000</carbohydrates-carbs_by_diff>
    <carbohydrates-fiber>0.00000</carbohydrates-fiber>
    <carbohydrates-glycemicindex>0.00000</carbohydrates-glycemicindex>
    <energy-gross>127.00000</energy-gross>
    <fats-cholesterol>2.00000</fats-cholesterol>
    <fats-dha>0.00000</fats-dha>
    <fats-epa>0.00000</fats-epa>
    <fats-lauric>0.60000</fats-lauric>
    <fats-linoleic>1.30000</fats-linoleic>
    <fats-linolenic>0.12000</fats-linolenic>
    <fats-monounsaturated>2.06000</fats-monounsaturated>
    <fats-myristic>0.27000</fats-myristic>
    <fats-palmitic>1.50000</fats-palmitic>
    <fats-polyunsaturated>1.42000</fats-polyunsaturated>
    <fats-saturated>2.97000</fats-saturated>
    <fats-stearic>0.23000</fats-stearic>
    <fats-total>6.50000</fats-total>
    <minerals-calcium>81.00000</minerals-calcium>
    <minerals-copper>0.10000</minerals-copper>
    <minerals-iron>1.90000</minerals-iron>
    <minerals-magnesium>9.00000</minerals-magnesium>
    <minerals-manganese>0.00000</minerals-manganese>
    <minerals-phosphorus>46.00000</minerals-phosphorus>
    <minerals-potassium>137.00000</minerals-potassium>
    <minerals-selenium>1.60000</minerals-selenium>
    <minerals-sodium>34.00000</minerals-sodium>
    <minerals-zinc>1.02000</minerals-zinc>
    <other-alcohol>0.00000</other-alcohol>
    <other-cost>0.0</other-cost>
    <other-water>75.80000</other-water>
    <other-weight>100.00000</other-weight>
    <protein-complete>0.00000</protein-complete>
    <protein-total>2.79000</protein-total>
    <vitamins-choline>15.40000</vitamins-choline>
    <vitamins-folate>32.00000</vitamins-folate>
    <vitamins-niacin>1.33000</vitamins-niacin>
    <vitamins-pantothenic_acid>0.00000</vitamins-pantothenic_acid>
    <vitamins-riboflavin>0.17800</vitamins-riboflavin>
    <vitamins-thiamin>0.12700</vitamins-thiamin>
    <vitamins-vitamin_a>114.00000</vitamins-vitamin_a>
    <vitamins-vitamin_b12>0.42000</vitamins-vitamin_b12>
    <vitamins-vitamin_b6>0.09500</vitamins-vitamin_b6>
    <vitamins-vitamin_c>11.00000</vitamins-vitamin_c>
    <vitamins-vitamin_d>1.90000</vitamins-vitamin_d>
    <vitamins-vitamin_e>1.91000</vitamins-vitamin_e>
    <vitamins-vitamin_k>10.00000</vitamins-vitamin_k>
</food>