<food xmlns:xsi="http://www.w3.org/2001/XMLSchema-instance" xsi:noNamespaceSchemaLocation="https://xjrga.github.io/schemas/food_v2.xsd">
    <food-id>03840</food-id>
    <food-name>Infant formula, ABBOTT NUTRITION, SIMILAC, SPECIAL CARE, ADVANCE 24, with iron, ready-to-feed, with ARA and DHA</food-name>
    <carbohydrates-carbs_by_diff>8.73000</carbohydrates-carbs_by_diff>
    <carbohydrates-fiber>0.00000</carbohydrates-fiber>
    <carbohydrates-glycemicindex>0.00000</carbohydrates-glycemicindex>
    <energy-gross>71.00000</energy-gross>
    <fats-cholesterol>2.00000</fats-cholesterol>
    <fats-dha>0.00900</fats-dha>
    <fats-epa>0.00000</fats-epa>
    <fats-lauric>0.29000</fats-lauric>
    <fats-linoleic>0.64100</fats-linoleic>
    <fats-linolenic>0.07200</fats-linolenic>
    <fats-monounsaturated>0.32400</fats-monounsaturated>
    <fats-myristic>0.12000</fats-myristic>
    <fats-palmitic>0.20000</fats-palmitic>
    <fats-polyunsaturated>0.73700</fats-polyunsaturated>
    <fats-saturated>2.12000</fats-saturated>
    <fats-stearic>0.09000</fats-stearic>
    <fats-total>3.26000</fats-total>
    <minerals-calcium>141.00000</minerals-calcium>
    <minerals-copper>0.19600</minerals-copper>
    <minerals-iron>1.41000</minerals-iron>
    <minerals-magnesium>9.00000</minerals-magnesium>
    <minerals-manganese>0.00900</minerals-manganese>
    <minerals-phosphorus>79.00000</minerals-phosphorus>
    <minerals-potassium>101.00000</minerals-potassium>
    <minerals-selenium>1.40000</minerals-selenium>
    <minerals-sodium>34.00000</minerals-sodium>
    <minerals-zinc>1.18000</minerals-zinc>
    <other-alcohol>0.00000</other-alcohol>
    <other-cost>0.0</other-cost>
    <other-water>85.61000</other-water>
    <other-weight>100.00000</other-weight>
    <protein-complete>0.00000</protein-complete>
    <protein-total>1.80000</protein-total>
    <vitamins-choline>7.00000</vitamins-choline>
    <vitamins-folate>49.00000</vitamins-folate>
    <vitamins-niacin>3.92700</vitamins-niacin>
    <vitamins-pantothenic_acid>1.49200</vitamins-pantothenic_acid>
    <vitamins-riboflavin>0.48700</vitamins-riboflavin>
    <vitamins-thiamin>0.19600</vitamins-thiamin>
    <vitamins-vitamin_a>294.00000</vitamins-vitamin_a>
    <vitamins-vitamin_b12>0.43000</vitamins-vitamin_b12>
    <vitamins-vitamin_b6>0.19600</vitamins-vitamin_b6>
    <vitamins-vitamin_c>29.10000</vitamins-vitamin_c>
    <vitamins-vitamin_d>2.70000</vitamins-vitamin_d>
    <vitamins-vitamin_e>2.11000</vitamins-vitamin_e>
    <vitamins-vitamin_k>9.40000</vitamins-vitamin_k>
</food>