<food xmlns:xsi="http://www.w3.org/2001/XMLSchema-instance" xsi:noNamespaceSchemaLocation="https://xjrga.github.io/schemas/food_v2.xsd">
    <food-id>03842</food-id>
    <food-name>Infant formula, ABBOTT NUTRITION, SIMILAC, ISOMIL, with iron, liquid concentrate</food-name>
    <carbohydrates-carbs_by_diff>13.21000</carbohydrates-carbs_by_diff>
    <carbohydrates-fiber>0.00000</carbohydrates-fiber>
    <carbohydrates-glycemicindex>0.00000</carbohydrates-glycemicindex>
    <energy-gross>128.00000</energy-gross>
    <fats-cholesterol>0.00000</fats-cholesterol>
    <fats-dha>0.00000</fats-dha>
    <fats-epa>0.00000</fats-epa>
    <fats-lauric>0.87000</fats-lauric>
    <fats-linoleic>1.45800</fats-linoleic>
    <fats-linolenic>0.16600</fats-linolenic>
    <fats-monounsaturated>2.66000</fats-monounsaturated>
    <fats-myristic>0.34000</fats-myristic>
    <fats-palmitic>0.50000</fats-palmitic>
    <fats-polyunsaturated>1.62500</fats-polyunsaturated>
    <fats-saturated>2.26200</fats-saturated>
    <fats-stearic>0.22000</fats-stearic>
    <fats-total>6.98000</fats-total>
    <minerals-calcium>134.00000</minerals-calcium>
    <minerals-copper>0.09600</minerals-copper>
    <minerals-iron>2.30000</minerals-iron>
    <minerals-magnesium>10.00000</minerals-magnesium>
    <minerals-manganese>0.03200</minerals-manganese>
    <minerals-phosphorus>96.00000</minerals-phosphorus>
    <minerals-potassium>138.00000</minerals-potassium>
    <minerals-selenium>2.70000</minerals-selenium>
    <minerals-sodium>56.00000</minerals-sodium>
    <minerals-zinc>0.96000</minerals-zinc>
    <other-alcohol>0.00000</other-alcohol>
    <other-cost>0.0</other-cost>
    <other-water>75.81000</other-water>
    <other-weight>100.00000</other-weight>
    <protein-complete>0.00000</protein-complete>
    <protein-total>3.13000</protein-total>
    <vitamins-choline>15.50000</vitamins-choline>
    <vitamins-folate>33.00000</vitamins-folate>
    <vitamins-niacin>1.72500</vitamins-niacin>
    <vitamins-pantothenic_acid>0.95800</vitamins-pantothenic_acid>
    <vitamins-riboflavin>0.11500</vitamins-riboflavin>
    <vitamins-thiamin>0.07700</vitamins-thiamin>
    <vitamins-vitamin_a>114.00000</vitamins-vitamin_a>
    <vitamins-vitamin_b12>0.58000</vitamins-vitamin_b12>
    <vitamins-vitamin_b6>0.07700</vitamins-vitamin_b6>
    <vitamins-vitamin_c>11.50000</vitamins-vitamin_c>
    <vitamins-vitamin_d>1.90000</vitamins-vitamin_d>
    <vitamins-vitamin_e>1.20000</vitamins-vitamin_e>
    <vitamins-vitamin_k>14.10000</vitamins-vitamin_k>
</food>