<food xmlns:xsi="http://www.w3.org/2001/XMLSchema-instance" xsi:noNamespaceSchemaLocation="https://xjrga.github.io/schemas/food_v2.xsd">
    <food-id>03955</food-id>
    <food-name>Infant Formula, MEAD JOHNSON, ENFAMIL, ENFACARE LIPIL, ready-to-feed, with ARA and DHA</food-name>
    <carbohydrates-carbs_by_diff>7.40000</carbohydrates-carbs_by_diff>
    <carbohydrates-fiber>0.00000</carbohydrates-fiber>
    <carbohydrates-glycemicindex>0.00000</carbohydrates-glycemicindex>
    <energy-gross>71.00000</energy-gross>
    <fats-cholesterol>1.00000</fats-cholesterol>
    <fats-dha>0.01200</fats-dha>
    <fats-epa>0.00000</fats-epa>
    <fats-lauric>0.27000</fats-lauric>
    <fats-linoleic>0.67300</fats-linoleic>
    <fats-linolenic>0.06700</fats-linolenic>
    <fats-monounsaturated>1.33000</fats-monounsaturated>
    <fats-myristic>0.11000</fats-myristic>
    <fats-palmitic>0.22000</fats-palmitic>
    <fats-polyunsaturated>0.86200</fats-polyunsaturated>
    <fats-saturated>1.57800</fats-saturated>
    <fats-stearic>0.12000</fats-stearic>
    <fats-total>3.80000</fats-total>
    <minerals-calcium>86.00000</minerals-calcium>
    <minerals-copper>0.08600</minerals-copper>
    <minerals-iron>1.28000</minerals-iron>
    <minerals-magnesium>6.00000</minerals-magnesium>
    <minerals-manganese>0.01100</minerals-manganese>
    <minerals-phosphorus>47.00000</minerals-phosphorus>
    <minerals-potassium>75.00000</minerals-potassium>
    <minerals-selenium>2.00000</minerals-selenium>
    <minerals-sodium>25.00000</minerals-sodium>
    <minerals-zinc>0.88000</minerals-zinc>
    <other-alcohol>0.00000</other-alcohol>
    <other-cost>0.0</other-cost>
    <other-water>86.00000</other-water>
    <other-weight>100.00000</other-weight>
    <protein-complete>0.00000</protein-complete>
    <protein-total>2.00000</protein-total>
    <vitamins-choline>17.10000</vitamins-choline>
    <vitamins-folate>31.00000</vitamins-folate>
    <vitamins-niacin>1.42300</vitamins-niacin>
    <vitamins-pantothenic_acid>0.60500</vitamins-pantothenic_acid>
    <vitamins-riboflavin>0.14100</vitamins-riboflavin>
    <vitamins-thiamin>0.14100</vitamins-thiamin>
    <vitamins-vitamin_a>58.00000</vitamins-vitamin_a>
    <vitamins-vitamin_b12>0.21000</vitamins-vitamin_b12>
    <vitamins-vitamin_b6>0.07100</vitamins-vitamin_b6>
    <vitamins-vitamin_c>11.30000</vitamins-vitamin_c>
    <vitamins-vitamin_d>1.40000</vitamins-vitamin_d>
    <vitamins-vitamin_e>1.32000</vitamins-vitamin_e>
    <vitamins-vitamin_k>5.70000</vitamins-vitamin_k>
</food>