<food xmlns:xsi="http://www.w3.org/2001/XMLSchema-instance" xsi:noNamespaceSchemaLocation="https://xjrga.github.io/schemas/food_v2.xsd">
    <food-id>03926</food-id>
    <food-name>Infant formula, NESTLE, GOOD START ESSENTIALS SOY, with iron, liquid concentrate, not reconstituted</food-name>
    <carbohydrates-carbs_by_diff>14.10000</carbohydrates-carbs_by_diff>
    <carbohydrates-fiber>0.00000</carbohydrates-fiber>
    <carbohydrates-glycemicindex>0.00000</carbohydrates-glycemicindex>
    <energy-gross>128.00000</energy-gross>
    <fats-cholesterol>0.00000</fats-cholesterol>
    <fats-dha>0.00000</fats-dha>
    <fats-epa>0.00000</fats-epa>
    <fats-lauric>0.60000</fats-lauric>
    <fats-linoleic>1.20000</fats-linoleic>
    <fats-linolenic>0.12400</fats-linolenic>
    <fats-monounsaturated>2.03000</fats-monounsaturated>
    <fats-myristic>0.26000</fats-myristic>
    <fats-palmitic>1.50000</fats-palmitic>
    <fats-polyunsaturated>1.31700</fats-polyunsaturated>
    <fats-saturated>2.80000</fats-saturated>
    <fats-stearic>0.24000</fats-stearic>
    <fats-total>6.50000</fats-total>
    <minerals-calcium>133.00000</minerals-calcium>
    <minerals-copper>0.15200</minerals-copper>
    <minerals-iron>2.29000</minerals-iron>
    <minerals-magnesium>14.00000</minerals-magnesium>
    <minerals-manganese>0.00000</minerals-manganese>
    <minerals-phosphorus>80.00000</minerals-phosphorus>
    <minerals-potassium>146.00000</minerals-potassium>
    <minerals-selenium>2.50000</minerals-selenium>
    <minerals-sodium>46.00000</minerals-sodium>
    <minerals-zinc>1.14000</minerals-zinc>
    <other-alcohol>0.00000</other-alcohol>
    <other-cost>0.0</other-cost>
    <other-water>75.40000</other-water>
    <other-weight>100.00000</other-weight>
    <protein-complete>0.00000</protein-complete>
    <protein-total>3.20000</protein-total>
    <vitamins-choline>15.70000</vitamins-choline>
    <vitamins-folate>35.00000</vitamins-folate>
    <vitamins-niacin>1.65000</vitamins-niacin>
    <vitamins-pantothenic_acid>0.00000</vitamins-pantothenic_acid>
    <vitamins-riboflavin>0.11900</vitamins-riboflavin>
    <vitamins-thiamin>0.07600</vitamins-thiamin>
    <vitamins-vitamin_a>100.00000</vitamins-vitamin_a>
    <vitamins-vitamin_b12>0.38000</vitamins-vitamin_b12>
    <vitamins-vitamin_b6>0.07600</vitamins-vitamin_b6>
    <vitamins-vitamin_c>15.20000</vitamins-vitamin_c>
    <vitamins-vitamin_d>2.00000</vitamins-vitamin_d>
    <vitamins-vitamin_e>1.86000</vitamins-vitamin_e>
    <vitamins-vitamin_k>10.20000</vitamins-vitamin_k>
</food>