<food xmlns:xsi="http://www.w3.org/2001/XMLSchema-instance" xsi:noNamespaceSchemaLocation="https://xjrga.github.io/schemas/food_v2.xsd">
    <food-id>03966</food-id>
    <food-name>Infant formula, NESTLE, GOOD START SOY, with DHA and ARA, liquid concentrate</food-name>
    <carbohydrates-carbs_by_diff>14.71000</carbohydrates-carbs_by_diff>
    <carbohydrates-fiber>0.00000</carbohydrates-fiber>
    <carbohydrates-glycemicindex>0.00000</carbohydrates-glycemicindex>
    <energy-gross>132.00000</energy-gross>
    <fats-cholesterol>2.00000</fats-cholesterol>
    <fats-dha>0.01900</fats-dha>
    <fats-epa>0.00000</fats-epa>
    <fats-lauric>0.63000</fats-lauric>
    <fats-linoleic>1.24000</fats-linoleic>
    <fats-linolenic>0.13200</fats-linolenic>
    <fats-monounsaturated>2.19800</fats-monounsaturated>
    <fats-myristic>0.26000</fats-myristic>
    <fats-palmitic>1.53000</fats-palmitic>
    <fats-polyunsaturated>1.43100</fats-polyunsaturated>
    <fats-saturated>2.89700</fats-saturated>
    <fats-stearic>0.26000</fats-stearic>
    <fats-total>6.67000</fats-total>
    <minerals-calcium>139.00000</minerals-calcium>
    <minerals-copper>0.10600</minerals-copper>
    <minerals-iron>2.38000</minerals-iron>
    <minerals-magnesium>15.00000</minerals-magnesium>
    <minerals-manganese>0.00000</minerals-manganese>
    <minerals-phosphorus>84.00000</minerals-phosphorus>
    <minerals-potassium>154.00000</minerals-potassium>
    <minerals-selenium>4.00000</minerals-selenium>
    <minerals-sodium>53.00000</minerals-sodium>
    <minerals-zinc>1.19000</minerals-zinc>
    <other-alcohol>0.00000</other-alcohol>
    <other-cost>0.0</other-cost>
    <other-water>74.20000</other-water>
    <other-weight>100.00000</other-weight>
    <protein-complete>0.00000</protein-complete>
    <protein-total>3.31000</protein-total>
    <vitamins-choline>31.80000</vitamins-choline>
    <vitamins-folate>36.00000</vitamins-folate>
    <vitamins-niacin>1.78400</vitamins-niacin>
    <vitamins-pantothenic_acid>0.00000</vitamins-pantothenic_acid>
    <vitamins-riboflavin>0.12500</vitamins-riboflavin>
    <vitamins-thiamin>0.07900</vitamins-thiamin>
    <vitamins-vitamin_a>119.00000</vitamins-vitamin_a>
    <vitamins-vitamin_b12>0.40000</vitamins-vitamin_b12>
    <vitamins-vitamin_b6>0.08000</vitamins-vitamin_b6>
    <vitamins-vitamin_c>15.90000</vitamins-vitamin_c>
    <vitamins-vitamin_d>2.00000</vitamins-vitamin_d>
    <vitamins-vitamin_e>1.94000</vitamins-vitamin_e>
    <vitamins-vitamin_k>11.90000</vitamins-vitamin_k>
</food>