<food xmlns:xsi="http://www.w3.org/2001/XMLSchema-instance" xsi:noNamespaceSchemaLocation="https://xjrga.github.io/schemas/food_v2.xsd">
    <food-id>03943</food-id>
    <food-name>Infant formula, MEAD JOHNSON, ENFAMIL, AR LIPIL, powder, with ARA and DHA</food-name>
    <carbohydrates-carbs_by_diff>56.03000</carbohydrates-carbs_by_diff>
    <carbohydrates-fiber>0.00000</carbohydrates-fiber>
    <carbohydrates-glycemicindex>0.00000</carbohydrates-glycemicindex>
    <energy-gross>509.00000</energy-gross>
    <fats-cholesterol>17.00000</fats-cholesterol>
    <fats-dha>0.08700</fats-dha>
    <fats-epa>0.00000</fats-epa>
    <fats-lauric>2.41000</fats-lauric>
    <fats-linoleic>4.43900</fats-linoleic>
    <fats-linolenic>0.43400</fats-linolenic>
    <fats-monounsaturated>9.29200</fats-monounsaturated>
    <fats-myristic>1.07000</fats-myristic>
    <fats-palmitic>5.69000</fats-palmitic>
    <fats-polyunsaturated>5.12400</fats-polyunsaturated>
    <fats-saturated>10.94200</fats-saturated>
    <fats-stearic>1.04000</fats-stearic>
    <fats-total>25.97000</fats-total>
    <minerals-calcium>397.00000</minerals-calcium>
    <minerals-copper>0.38200</minerals-copper>
    <minerals-iron>9.16000</minerals-iron>
    <minerals-magnesium>41.00000</minerals-magnesium>
    <minerals-manganese>0.00000</minerals-manganese>
    <minerals-phosphorus>269.00000</minerals-phosphorus>
    <minerals-potassium>550.00000</minerals-potassium>
    <minerals-selenium>14.30000</minerals-selenium>
    <minerals-sodium>204.00000</minerals-sodium>
    <minerals-zinc>5.09000</minerals-zinc>
    <other-alcohol>0.00000</other-alcohol>
    <other-cost>0.0</other-cost>
    <other-water>3.00000</other-water>
    <other-weight>100.00000</other-weight>
    <protein-complete>0.00000</protein-complete>
    <protein-total>12.73000</protein-total>
    <vitamins-choline>62.00000</vitamins-choline>
    <vitamins-folate>139.00000</vitamins-folate>
    <vitamins-niacin>5.08800</vitamins-niacin>
    <vitamins-pantothenic_acid>0.00000</vitamins-pantothenic_acid>
    <vitamins-riboflavin>0.71300</vitamins-riboflavin>
    <vitamins-thiamin>0.40800</vitamins-thiamin>
    <vitamins-vitamin_a>459.00000</vitamins-vitamin_a>
    <vitamins-vitamin_b12>1.53000</vitamins-vitamin_b12>
    <vitamins-vitamin_b6>0.30600</vitamins-vitamin_b6>
    <vitamins-vitamin_c>61.10000</vitamins-vitamin_c>
    <vitamins-vitamin_d>7.70000</vitamins-vitamin_d>
    <vitamins-vitamin_e>4.60000</vitamins-vitamin_e>
    <vitamins-vitamin_k>40.90000</vitamins-vitamin_k>
</food>