<food xmlns:xsi="http://www.w3.org/2001/XMLSchema-instance" xsi:noNamespaceSchemaLocation="https://xjrga.github.io/schemas/food_v2.xsd">
    <food-id>03938</food-id>
    <food-name>Infant formula, PBM PRODUCTS, store brand, powder</food-name>
    <carbohydrates-carbs_by_diff>56.00000</carbohydrates-carbs_by_diff>
    <carbohydrates-fiber>0.00000</carbohydrates-fiber>
    <carbohydrates-glycemicindex>0.00000</carbohydrates-glycemicindex>
    <energy-gross>524.00000</energy-gross>
    <fats-cholesterol>32.00000</fats-cholesterol>
    <fats-dha>0.10300</fats-dha>
    <fats-epa>0.00000</fats-epa>
    <fats-lauric>3.87000</fats-lauric>
    <fats-linoleic>3.58500</fats-linoleic>
    <fats-linolenic>0.36500</fats-linolenic>
    <fats-monounsaturated>11.13100</fats-monounsaturated>
    <fats-myristic>1.81000</fats-myristic>
    <fats-palmitic>3.78000</fats-palmitic>
    <fats-polyunsaturated>3.95100</fats-polyunsaturated>
    <fats-saturated>12.76100</fats-saturated>
    <fats-stearic>1.99000</fats-stearic>
    <fats-total>28.00000</fats-total>
    <minerals-calcium>331.00000</minerals-calcium>
    <minerals-copper>0.37000</minerals-copper>
    <minerals-iron>9.50000</minerals-iron>
    <minerals-magnesium>36.00000</minerals-magnesium>
    <minerals-manganese>0.00000</minerals-manganese>
    <minerals-phosphorus>221.00000</minerals-phosphorus>
    <minerals-potassium>441.00000</minerals-potassium>
    <minerals-selenium>11.00000</minerals-selenium>
    <minerals-sodium>118.00000</minerals-sodium>
    <minerals-zinc>3.90000</minerals-zinc>
    <other-alcohol>0.00000</other-alcohol>
    <other-cost>0.0</other-cost>
    <other-water>2.00000</other-water>
    <other-weight>100.00000</other-weight>
    <protein-complete>0.00000</protein-complete>
    <protein-total>12.00000</protein-total>
    <vitamins-choline>81.70000</vitamins-choline>
    <vitamins-folate>66.00000</vitamins-folate>
    <vitamins-niacin>3.94000</vitamins-niacin>
    <vitamins-pantothenic_acid>0.00000</vitamins-pantothenic_acid>
    <vitamins-riboflavin>0.79000</vitamins-riboflavin>
    <vitamins-thiamin>0.53000</vitamins-thiamin>
    <vitamins-vitamin_a>473.00000</vitamins-vitamin_a>
    <vitamins-vitamin_b12>1.02000</vitamins-vitamin_b12>
    <vitamins-vitamin_b6>0.33000</vitamins-vitamin_b6>
    <vitamins-vitamin_c>43.30000</vitamins-vitamin_c>
    <vitamins-vitamin_d>7.60000</vitamins-vitamin_d>
    <vitamins-vitamin_e>3.38000</vitamins-vitamin_e>
    <vitamins-vitamin_k>43.00000</vitamins-vitamin_k>
</food>