<food xmlns:xsi="http://www.w3.org/2001/XMLSchema-instance" xsi:noNamespaceSchemaLocation="https://xjrga.github.io/schemas/food_v2.xsd">
    <food-id>03963</food-id>
    <food-name>Infant Formula, MEAD JOHNSON, ENFAMIL GENTLEASE LIPIL, with iron, prepared from powder</food-name>
    <carbohydrates-carbs_by_diff>6.39000</carbohydrates-carbs_by_diff>
    <carbohydrates-fiber>0.00000</carbohydrates-fiber>
    <carbohydrates-glycemicindex>0.00000</carbohydrates-glycemicindex>
    <energy-gross>63.00000</energy-gross>
    <fats-cholesterol>0.00000</fats-cholesterol>
    <fats-dha>0.01000</fats-dha>
    <fats-epa>0.00000</fats-epa>
    <fats-lauric>0.32000</fats-lauric>
    <fats-linoleic>0.60000</fats-linoleic>
    <fats-linolenic>0.06800</fats-linolenic>
    <fats-monounsaturated>1.30000</fats-monounsaturated>
    <fats-myristic>0.14000</fats-myristic>
    <fats-palmitic>0.80000</fats-palmitic>
    <fats-polyunsaturated>0.70000</fats-polyunsaturated>
    <fats-saturated>1.50000</fats-saturated>
    <fats-stearic>0.14000</fats-stearic>
    <fats-total>3.50000</fats-total>
    <minerals-calcium>53.00000</minerals-calcium>
    <minerals-copper>0.05000</minerals-copper>
    <minerals-iron>1.18000</minerals-iron>
    <minerals-magnesium>5.00000</minerals-magnesium>
    <minerals-manganese>0.01000</minerals-manganese>
    <minerals-phosphorus>30.00000</minerals-phosphorus>
    <minerals-potassium>71.00000</minerals-potassium>
    <minerals-selenium>1.80000</minerals-selenium>
    <minerals-sodium>21.00000</minerals-sodium>
    <minerals-zinc>0.66000</minerals-zinc>
    <other-alcohol>0.00000</other-alcohol>
    <other-cost>0.0</other-cost>
    <other-water>88.40000</other-water>
    <other-weight>100.00000</other-weight>
    <protein-complete>0.00000</protein-complete>
    <protein-total>1.52000</protein-total>
    <vitamins-choline>15.70000</vitamins-choline>
    <vitamins-folate>18.00000</vitamins-folate>
    <vitamins-niacin>0.66000</vitamins-niacin>
    <vitamins-pantothenic_acid>0.33000</vitamins-pantothenic_acid>
    <vitamins-riboflavin>0.09200</vitamins-riboflavin>
    <vitamins-thiamin>0.05200</vitamins-thiamin>
    <vitamins-vitamin_a>58.00000</vitamins-vitamin_a>
    <vitamins-vitamin_b12>0.21000</vitamins-vitamin_b12>
    <vitamins-vitamin_b6>0.03900</vitamins-vitamin_b6>
    <vitamins-vitamin_c>7.90000</vitamins-vitamin_c>
    <vitamins-vitamin_d>1.00000</vitamins-vitamin_d>
    <vitamins-vitamin_e>0.63000</vitamins-vitamin_e>
    <vitamins-vitamin_k>5.20000</vitamins-vitamin_k>
</food>