<food xmlns:xsi="http://www.w3.org/2001/XMLSchema-instance" xsi:noNamespaceSchemaLocation="https://xjrga.github.io/schemas/food_v2.xsd">
    <food-id>03956</food-id>
    <food-name>Babyfood, yogurt, whole milk, with fruit, multigrain cereal and added DHA fortified</food-name>
    <carbohydrates-carbs_by_diff>13.22000</carbohydrates-carbs_by_diff>
    <carbohydrates-fiber>0.30000</carbohydrates-fiber>
    <carbohydrates-glycemicindex>0.00000</carbohydrates-glycemicindex>
    <energy-gross>98.00000</energy-gross>
    <fats-cholesterol>14.00000</fats-cholesterol>
    <fats-dha>0.04000</fats-dha>
    <fats-epa>0.03800</fats-epa>
    <fats-lauric>0.09000</fats-lauric>
    <fats-linoleic>0.14700</fats-linoleic>
    <fats-linolenic>0.11700</fats-linolenic>
    <fats-monounsaturated>0.91600</fats-monounsaturated>
    <fats-myristic>0.32000</fats-myristic>
    <fats-palmitic>0.86000</fats-palmitic>
    <fats-polyunsaturated>0.36700</fats-polyunsaturated>
    <fats-saturated>1.84000</fats-saturated>
    <fats-stearic>0.29000</fats-stearic>
    <fats-total>3.53000</fats-total>
    <minerals-calcium>107.00000</minerals-calcium>
    <minerals-copper>0.02300</minerals-copper>
    <minerals-iron>0.15000</minerals-iron>
    <minerals-magnesium>15.00000</minerals-magnesium>
    <minerals-manganese>0.10100</minerals-manganese>
    <minerals-phosphorus>95.00000</minerals-phosphorus>
    <minerals-potassium>149.00000</minerals-potassium>
    <minerals-selenium>2.80000</minerals-selenium>
    <minerals-sodium>41.00000</minerals-sodium>
    <minerals-zinc>0.59000</minerals-zinc>
    <other-alcohol>0.00000</other-alcohol>
    <other-cost>0.0</other-cost>
    <other-water>79.16000</other-water>
    <other-weight>100.00000</other-weight>
    <protein-complete>0.00000</protein-complete>
    <protein-total>3.40000</protein-total>
    <vitamins-choline>14.20000</vitamins-choline>
    <vitamins-folate>8.00000</vitamins-folate>
    <vitamins-niacin>0.11900</vitamins-niacin>
    <vitamins-pantothenic_acid>0.35400</vitamins-pantothenic_acid>
    <vitamins-riboflavin>0.12900</vitamins-riboflavin>
    <vitamins-thiamin>0.04700</vitamins-thiamin>
    <vitamins-vitamin_a>24.00000</vitamins-vitamin_a>
    <vitamins-vitamin_b12>0.32000</vitamins-vitamin_b12>
    <vitamins-vitamin_b6>0.03400</vitamins-vitamin_b6>
    <vitamins-vitamin_c>1.40000</vitamins-vitamin_c>
    <vitamins-vitamin_d>0.10000</vitamins-vitamin_d>
    <vitamins-vitamin_e>0.07000</vitamins-vitamin_e>
    <vitamins-vitamin_k>0.30000</vitamins-vitamin_k>
</food>