<food xmlns:xsi="http://www.w3.org/2001/XMLSchema-instance" xsi:noNamespaceSchemaLocation="https://xjrga.github.io/schemas/food_v2.xsd">
    <food-id>03947</food-id>
    <food-name>Infant formula, ABBOTT NUTRITION, SIMILAC, SENSITIVE, (LACTOSE FREE), liquid concentrate, with ARA and DHA</food-name>
    <carbohydrates-carbs_by_diff>13.64000</carbohydrates-carbs_by_diff>
    <carbohydrates-fiber>0.00000</carbohydrates-fiber>
    <carbohydrates-glycemicindex>0.00000</carbohydrates-glycemicindex>
    <energy-gross>128.00000</energy-gross>
    <fats-cholesterol>4.00000</fats-cholesterol>
    <fats-dha>0.02000</fats-dha>
    <fats-epa>0.00000</fats-epa>
    <fats-lauric>0.61000</fats-lauric>
    <fats-linoleic>1.34800</fats-linoleic>
    <fats-linolenic>0.14900</fats-linolenic>
    <fats-monounsaturated>0.71500</fats-monounsaturated>
    <fats-myristic>0.26000</fats-myristic>
    <fats-palmitic>0.42000</fats-palmitic>
    <fats-polyunsaturated>1.54800</fats-polyunsaturated>
    <fats-saturated>4.52200</fats-saturated>
    <fats-stearic>0.20000</fats-stearic>
    <fats-total>6.95000</fats-total>
    <minerals-calcium>108.00000</minerals-calcium>
    <minerals-copper>0.06200</minerals-copper>
    <minerals-iron>2.32000</minerals-iron>
    <minerals-magnesium>8.00000</minerals-magnesium>
    <minerals-manganese>0.00600</minerals-manganese>
    <minerals-phosphorus>72.00000</minerals-phosphorus>
    <minerals-potassium>138.00000</minerals-potassium>
    <minerals-selenium>2.90000</minerals-selenium>
    <minerals-sodium>39.00000</minerals-sodium>
    <minerals-zinc>0.97000</minerals-zinc>
    <other-alcohol>0.00000</other-alcohol>
    <other-cost>0.0</other-cost>
    <other-water>75.88000</other-water>
    <other-weight>100.00000</other-weight>
    <protein-complete>0.00000</protein-complete>
    <protein-total>2.73000</protein-total>
    <vitamins-choline>20.60000</vitamins-choline>
    <vitamins-folate>33.00000</vitamins-folate>
    <vitamins-niacin>1.35100</vitamins-niacin>
    <vitamins-pantothenic_acid>0.57900</vitamins-pantothenic_acid>
    <vitamins-riboflavin>0.27900</vitamins-riboflavin>
    <vitamins-thiamin>0.12900</vitamins-thiamin>
    <vitamins-vitamin_a>116.00000</vitamins-vitamin_a>
    <vitamins-vitamin_b12>0.32000</vitamins-vitamin_b12>
    <vitamins-vitamin_b6>0.07700</vitamins-vitamin_b6>
    <vitamins-vitamin_c>11.50000</vitamins-vitamin_c>
    <vitamins-vitamin_d>1.90000</vitamins-vitamin_d>
    <vitamins-vitamin_e>0.84000</vitamins-vitamin_e>
    <vitamins-vitamin_k>10.30000</vitamins-vitamin_k>
</food>