<food xmlns:xsi="http://www.w3.org/2001/XMLSchema-instance" xsi:noNamespaceSchemaLocation="https://xjrga.github.io/schemas/food_v2.xsd">
    <food-id>03946</food-id>
    <food-name>Infant formula, ABBOTT NUTRITION, SIMILAC, SENSITIVE (LACTOSE FREE) ready-to-feed, with ARA and DHA</food-name>
    <carbohydrates-carbs_by_diff>7.40000</carbohydrates-carbs_by_diff>
    <carbohydrates-fiber>0.00000</carbohydrates-fiber>
    <carbohydrates-glycemicindex>0.00000</carbohydrates-glycemicindex>
    <energy-gross>68.00000</energy-gross>
    <fats-cholesterol>2.00000</fats-cholesterol>
    <fats-dha>0.01100</fats-dha>
    <fats-epa>0.00000</fats-epa>
    <fats-lauric>0.33000</fats-lauric>
    <fats-linoleic>0.72400</fats-linoleic>
    <fats-linolenic>0.08000</fats-linolenic>
    <fats-monounsaturated>0.38400</fats-monounsaturated>
    <fats-myristic>0.14000</fats-myristic>
    <fats-palmitic>0.23000</fats-palmitic>
    <fats-polyunsaturated>0.83200</fats-polyunsaturated>
    <fats-saturated>2.43000</fats-saturated>
    <fats-stearic>0.10000</fats-stearic>
    <fats-total>3.74000</fats-total>
    <minerals-calcium>58.00000</minerals-calcium>
    <minerals-copper>0.06000</minerals-copper>
    <minerals-iron>1.24000</minerals-iron>
    <minerals-magnesium>3.00000</minerals-magnesium>
    <minerals-manganese>0.00300</minerals-manganese>
    <minerals-phosphorus>39.00000</minerals-phosphorus>
    <minerals-potassium>74.00000</minerals-potassium>
    <minerals-selenium>1.20000</minerals-selenium>
    <minerals-sodium>21.00000</minerals-sodium>
    <minerals-zinc>0.52000</minerals-zinc>
    <other-alcohol>0.00000</other-alcohol>
    <other-cost>0.0</other-cost>
    <other-water>87.00000</other-water>
    <other-weight>100.00000</other-weight>
    <protein-complete>0.00000</protein-complete>
    <protein-total>1.48000</protein-total>
    <vitamins-choline>11.10000</vitamins-choline>
    <vitamins-folate>18.00000</vitamins-folate>
    <vitamins-niacin>0.72600</vitamins-niacin>
    <vitamins-pantothenic_acid>0.31100</vitamins-pantothenic_acid>
    <vitamins-riboflavin>0.10400</vitamins-riboflavin>
    <vitamins-thiamin>0.06900</vitamins-thiamin>
    <vitamins-vitamin_a>62.00000</vitamins-vitamin_a>
    <vitamins-vitamin_b12>0.17000</vitamins-vitamin_b12>
    <vitamins-vitamin_b6>0.04200</vitamins-vitamin_b6>
    <vitamins-vitamin_c>6.00000</vitamins-vitamin_c>
    <vitamins-vitamin_d>1.00000</vitamins-vitamin_d>
    <vitamins-vitamin_e>0.93000</vitamins-vitamin_e>
    <vitamins-vitamin_k>5.50000</vitamins-vitamin_k>
</food>