<food xmlns:xsi="http://www.w3.org/2001/XMLSchema-instance" xsi:noNamespaceSchemaLocation="https://xjrga.github.io/schemas/food_v2.xsd">
    <food-id>03992</food-id>
    <food-name>Infant formula, ABBOTT NUTRITION, SIMILAC, Expert Care, Diarrhea, ready- to- feed with ARA and DHA</food-name>
    <carbohydrates-carbs_by_diff>6.67000</carbohydrates-carbs_by_diff>
    <carbohydrates-fiber>0.70000</carbohydrates-fiber>
    <carbohydrates-glycemicindex>0.00000</carbohydrates-glycemicindex>
    <energy-gross>66.00000</energy-gross>
    <fats-cholesterol>0.00000</fats-cholesterol>
    <fats-dha>0.00900</fats-dha>
    <fats-epa>0.00000</fats-epa>
    <fats-lauric>0.31000</fats-lauric>
    <fats-linoleic>0.59800</fats-linoleic>
    <fats-linolenic>0.05800</fats-linolenic>
    <fats-monounsaturated>1.29300</fats-monounsaturated>
    <fats-myristic>0.14000</fats-myristic>
    <fats-palmitic>0.76000</fats-palmitic>
    <fats-polyunsaturated>0.68500</fats-polyunsaturated>
    <fats-saturated>1.47700</fats-saturated>
    <fats-stearic>0.14000</fats-stearic>
    <fats-total>3.60000</fats-total>
    <minerals-calcium>69.00000</minerals-calcium>
    <minerals-copper>0.04900</minerals-copper>
    <minerals-iron>1.18000</minerals-iron>
    <minerals-magnesium>5.00000</minerals-magnesium>
    <minerals-manganese>0.01600</minerals-manganese>
    <minerals-phosphorus>49.00000</minerals-phosphorus>
    <minerals-potassium>71.00000</minerals-potassium>
    <minerals-selenium>1.20000</minerals-selenium>
    <minerals-sodium>29.00000</minerals-sodium>
    <minerals-zinc>0.49000</minerals-zinc>
    <other-alcohol>0.00000</other-alcohol>
    <other-cost>0.0</other-cost>
    <other-water>87.78000</other-water>
    <other-weight>100.00000</other-weight>
    <protein-complete>0.00000</protein-complete>
    <protein-total>1.76000</protein-total>
    <vitamins-choline>7.90000</vitamins-choline>
    <vitamins-folate>17.00000</vitamins-folate>
    <vitamins-niacin>0.88500</vitamins-niacin>
    <vitamins-pantothenic_acid>0.49200</vitamins-pantothenic_acid>
    <vitamins-riboflavin>0.05900</vitamins-riboflavin>
    <vitamins-thiamin>0.03900</vitamins-thiamin>
    <vitamins-vitamin_a>60.00000</vitamins-vitamin_a>
    <vitamins-vitamin_b12>0.30000</vitamins-vitamin_b12>
    <vitamins-vitamin_b6>0.03900</vitamins-vitamin_b6>
    <vitamins-vitamin_c>5.90000</vitamins-vitamin_c>
    <vitamins-vitamin_d>1.00000</vitamins-vitamin_d>
    <vitamins-vitamin_e>0.44000</vitamins-vitamin_e>
    <vitamins-vitamin_k>7.20000</vitamins-vitamin_k>
</food>