<food xmlns:xsi="http://www.w3.org/2001/XMLSchema-instance" xsi:noNamespaceSchemaLocation="https://xjrga.github.io/schemas/food_v2.xsd">
    <food-id>03998</food-id>
    <food-name>Babyfood, Snack, GERBER, GRADUATES, LIL CRUNCHIES, baked whole grain corn snack</food-name>
    <carbohydrates-carbs_by_diff>61.59000</carbohydrates-carbs_by_diff>
    <carbohydrates-fiber>0.00000</carbohydrates-fiber>
    <carbohydrates-glycemicindex>0.00000</carbohydrates-glycemicindex>
    <energy-gross>503.00000</energy-gross>
    <fats-cholesterol>13.00000</fats-cholesterol>
    <fats-dha>0.00000</fats-dha>
    <fats-epa>0.00000</fats-epa>
    <fats-lauric>0.06000</fats-lauric>
    <fats-linoleic>6.34400</fats-linoleic>
    <fats-linolenic>1.35400</fats-linolenic>
    <fats-monounsaturated>14.68200</fats-monounsaturated>
    <fats-myristic>0.40000</fats-myristic>
    <fats-palmitic>2.60000</fats-palmitic>
    <fats-polyunsaturated>7.69800</fats-polyunsaturated>
    <fats-saturated>4.66900</fats-saturated>
    <fats-stearic>0.96000</fats-stearic>
    <fats-total>28.57000</fats-total>
    <minerals-calcium>285.00000</minerals-calcium>
    <minerals-copper>0.16000</minerals-copper>
    <minerals-iron>6.40000</minerals-iron>
    <minerals-magnesium>69.00000</minerals-magnesium>
    <minerals-manganese>0.31200</minerals-manganese>
    <minerals-phosphorus>1044.00000</minerals-phosphorus>
    <minerals-potassium>214.00000</minerals-potassium>
    <minerals-selenium>12.10000</minerals-selenium>
    <minerals-sodium>71.00000</minerals-sodium>
    <minerals-zinc>3.57000</minerals-zinc>
    <other-alcohol>0.00000</other-alcohol>
    <other-cost>0.0</other-cost>
    <other-water>2.60000</other-water>
    <other-weight>100.00000</other-weight>
    <protein-complete>0.00000</protein-complete>
    <protein-total>0.00000</protein-total>
    <vitamins-choline>16.60000</vitamins-choline>
    <vitamins-folate>19.00000</vitamins-folate>
    <vitamins-niacin>1.29100</vitamins-niacin>
    <vitamins-pantothenic_acid>0.49300</vitamins-pantothenic_acid>
    <vitamins-riboflavin>0.09900</vitamins-riboflavin>
    <vitamins-thiamin>0.16900</vitamins-thiamin>
    <vitamins-vitamin_a>39.00000</vitamins-vitamin_a>
    <vitamins-vitamin_b12>0.10000</vitamins-vitamin_b12>
    <vitamins-vitamin_b6>0.25800</vitamins-vitamin_b6>
    <vitamins-vitamin_c>0.00000</vitamins-vitamin_c>
    <vitamins-vitamin_d>0.10000</vitamins-vitamin_d>
    <vitamins-vitamin_e>8.57000</vitamins-vitamin_e>
    <vitamins-vitamin_k>9.80000</vitamins-vitamin_k>
</food>