<food xmlns:xsi="http://www.w3.org/2001/XMLSchema-instance" xsi:noNamespaceSchemaLocation="https://xjrga.github.io/schemas/food_v2.xsd">
    <food-id>03987</food-id>
    <food-name>Infant formula, GERBER, GOOD START 2 Soy, with iron, ready-to-feed</food-name>
    <carbohydrates-carbs_by_diff>7.15000</carbohydrates-carbs_by_diff>
    <carbohydrates-fiber>0.00000</carbohydrates-fiber>
    <carbohydrates-glycemicindex>0.00000</carbohydrates-glycemicindex>
    <energy-gross>65.00000</energy-gross>
    <fats-cholesterol>0.00000</fats-cholesterol>
    <fats-dha>0.00900</fats-dha>
    <fats-epa>0.00000</fats-epa>
    <fats-lauric>0.30000</fats-lauric>
    <fats-linoleic>0.60200</fats-linoleic>
    <fats-linolenic>0.06400</fats-linolenic>
    <fats-monounsaturated>1.18700</fats-monounsaturated>
    <fats-myristic>0.12000</fats-myristic>
    <fats-palmitic>0.74000</fats-palmitic>
    <fats-polyunsaturated>0.69400</fats-polyunsaturated>
    <fats-saturated>1.39900</fats-saturated>
    <fats-stearic>0.12000</fats-stearic>
    <fats-total>3.28000</fats-total>
    <minerals-calcium>125.00000</minerals-calcium>
    <minerals-copper>0.04900</minerals-copper>
    <minerals-iron>1.31000</minerals-iron>
    <minerals-magnesium>7.00000</minerals-magnesium>
    <minerals-manganese>0.03300</minerals-manganese>
    <minerals-phosphorus>70.00000</minerals-phosphorus>
    <minerals-potassium>76.00000</minerals-potassium>
    <minerals-selenium>2.00000</minerals-selenium>
    <minerals-sodium>26.00000</minerals-sodium>
    <minerals-zinc>0.59000</minerals-zinc>
    <other-alcohol>0.00000</other-alcohol>
    <other-cost>0.0</other-cost>
    <other-water>87.68000</other-water>
    <other-weight>100.00000</other-weight>
    <protein-complete>0.00000</protein-complete>
    <protein-total>1.84000</protein-total>
    <vitamins-choline>15.70000</vitamins-choline>
    <vitamins-folate>17.00000</vitamins-folate>
    <vitamins-niacin>0.68900</vitamins-niacin>
    <vitamins-pantothenic_acid>0.32800</vitamins-pantothenic_acid>
    <vitamins-riboflavin>0.06200</vitamins-riboflavin>
    <vitamins-thiamin>0.03900</vitamins-thiamin>
    <vitamins-vitamin_a>60.00000</vitamins-vitamin_a>
    <vitamins-vitamin_b12>0.20000</vitamins-vitamin_b12>
    <vitamins-vitamin_b6>0.03900</vitamins-vitamin_b6>
    <vitamins-vitamin_c>7.90000</vitamins-vitamin_c>
    <vitamins-vitamin_d>1.00000</vitamins-vitamin_d>
    <vitamins-vitamin_e>0.89000</vitamins-vitamin_e>
    <vitamins-vitamin_k>5.90000</vitamins-vitamin_k>
</food>