<food xmlns:xsi="http://www.w3.org/2001/XMLSchema-instance" xsi:noNamespaceSchemaLocation="https://xjrga.github.io/schemas/food_v2.xsd">
    <food-id>03989</food-id>
    <food-name>Infant Formula, GERBER GOOD START 2, GENTLE PLUS, ready-to-feed</food-name>
    <carbohydrates-carbs_by_diff>7.61000</carbohydrates-carbs_by_diff>
    <carbohydrates-fiber>0.00000</carbohydrates-fiber>
    <carbohydrates-glycemicindex>0.00000</carbohydrates-glycemicindex>
    <energy-gross>66.00000</energy-gross>
    <fats-cholesterol>0.00000</fats-cholesterol>
    <fats-dha>0.00600</fats-dha>
    <fats-epa>0.00000</fats-epa>
    <fats-lauric>0.20000</fats-lauric>
    <fats-linoleic>0.38700</fats-linoleic>
    <fats-linolenic>0.04400</fats-linolenic>
    <fats-monounsaturated>0.84600</fats-monounsaturated>
    <fats-myristic>0.09000</fats-myristic>
    <fats-palmitic>0.51000</fats-palmitic>
    <fats-polyunsaturated>0.45100</fats-polyunsaturated>
    <fats-saturated>0.97500</fats-saturated>
    <fats-stearic>0.09000</fats-stearic>
    <fats-total>3.34000</fats-total>
    <minerals-calcium>125.00000</minerals-calcium>
    <minerals-copper>0.05200</minerals-copper>
    <minerals-iron>1.31000</minerals-iron>
    <minerals-magnesium>0.00000</minerals-magnesium>
    <minerals-manganese>0.01000</minerals-manganese>
    <minerals-phosphorus>70.00000</minerals-phosphorus>
    <minerals-potassium>71.00000</minerals-potassium>
    <minerals-selenium>2.00000</minerals-selenium>
    <minerals-sodium>18.00000</minerals-sodium>
    <minerals-zinc>0.52000</minerals-zinc>
    <other-alcohol>0.00000</other-alcohol>
    <other-cost>0.0</other-cost>
    <other-water>87.50000</other-water>
    <other-weight>100.00000</other-weight>
    <protein-complete>0.00000</protein-complete>
    <protein-total>1.44000</protein-total>
    <vitamins-choline>15.80000</vitamins-choline>
    <vitamins-folate>17.00000</vitamins-folate>
    <vitamins-niacin>0.68900</vitamins-niacin>
    <vitamins-pantothenic_acid>0.29500</vitamins-pantothenic_acid>
    <vitamins-riboflavin>0.09200</vitamins-riboflavin>
    <vitamins-thiamin>0.06600</vitamins-thiamin>
    <vitamins-vitamin_a>60.00000</vitamins-vitamin_a>
    <vitamins-vitamin_b12>0.22000</vitamins-vitamin_b12>
    <vitamins-vitamin_b6>0.04900</vitamins-vitamin_b6>
    <vitamins-vitamin_c>7.90000</vitamins-vitamin_c>
    <vitamins-vitamin_d>1.00000</vitamins-vitamin_d>
    <vitamins-vitamin_e>0.59000</vitamins-vitamin_e>
    <vitamins-vitamin_k>5.20000</vitamins-vitamin_k>
</food>