<food xmlns:xsi="http://www.w3.org/2001/XMLSchema-instance" xsi:noNamespaceSchemaLocation="https://xjrga.github.io/schemas/food_v2.xsd">
    <food-id>03913</food-id>
    <food-name>Infant formula, NESTLE, GOOD START 2 ESSENTIALS, with iron, powder</food-name>
    <carbohydrates-carbs_by_diff>62.23000</carbohydrates-carbs_by_diff>
    <carbohydrates-fiber>0.00000</carbohydrates-fiber>
    <carbohydrates-glycemicindex>0.00000</carbohydrates-glycemicindex>
    <energy-gross>471.00000</energy-gross>
    <fats-cholesterol>6.00000</fats-cholesterol>
    <fats-dha>0.00000</fats-dha>
    <fats-epa>0.00000</fats-epa>
    <fats-lauric>1.95000</fats-lauric>
    <fats-linoleic>3.94000</fats-linoleic>
    <fats-linolenic>0.37000</fats-linolenic>
    <fats-monounsaturated>6.23000</fats-monounsaturated>
    <fats-myristic>0.81000</fats-myristic>
    <fats-palmitic>4.53000</fats-palmitic>
    <fats-polyunsaturated>4.31000</fats-polyunsaturated>
    <fats-saturated>8.54000</fats-saturated>
    <fats-stearic>0.71000</fats-stearic>
    <fats-total>19.30000</fats-total>
    <minerals-calcium>565.00000</minerals-calcium>
    <minerals-copper>0.40000</minerals-copper>
    <minerals-iron>8.50000</minerals-iron>
    <minerals-magnesium>38.00000</minerals-magnesium>
    <minerals-manganese>0.00000</minerals-manganese>
    <minerals-phosphorus>377.00000</minerals-phosphorus>
    <minerals-potassium>636.00000</minerals-potassium>
    <minerals-selenium>9.40000</minerals-selenium>
    <minerals-sodium>184.00000</minerals-sodium>
    <minerals-zinc>4.00000</minerals-zinc>
    <other-alcohol>0.00000</other-alcohol>
    <other-cost>0.0</other-cost>
    <other-water>2.50000</other-water>
    <other-weight>100.00000</other-weight>
    <protein-complete>0.00000</protein-complete>
    <protein-total>12.20000</protein-total>
    <vitamins-choline>56.50000</vitamins-choline>
    <vitamins-folate>121.00000</vitamins-folate>
    <vitamins-niacin>4.71000</vitamins-niacin>
    <vitamins-pantothenic_acid>0.00000</vitamins-pantothenic_acid>
    <vitamins-riboflavin>0.65900</vitamins-riboflavin>
    <vitamins-thiamin>0.37700</vitamins-thiamin>
    <vitamins-vitamin_a>354.00000</vitamins-vitamin_a>
    <vitamins-vitamin_b12>1.20000</vitamins-vitamin_b12>
    <vitamins-vitamin_b6>0.30600</vitamins-vitamin_b6>
    <vitamins-vitamin_c>42.00000</vitamins-vitamin_c>
    <vitamins-vitamin_d>7.70000</vitamins-vitamin_d>
    <vitamins-vitamin_e>6.60000</vitamins-vitamin_e>
    <vitamins-vitamin_k>38.00000</vitamins-vitamin_k>
</food>