<food xmlns:xsi="http://www.w3.org/2001/XMLSchema-instance" xsi:noNamespaceSchemaLocation="https://xjrga.github.io/schemas/food_v2.xsd">
    <food-id>03964</food-id>
    <food-name>Baby food, fortified cereal bar, fruit filling</food-name>
    <carbohydrates-carbs_by_diff>68.63000</carbohydrates-carbs_by_diff>
    <carbohydrates-fiber>1.70000</carbohydrates-fiber>
    <carbohydrates-glycemicindex>0.00000</carbohydrates-glycemicindex>
    <energy-gross>344.00000</energy-gross>
    <fats-cholesterol>1.00000</fats-cholesterol>
    <fats-dha>0.00000</fats-dha>
    <fats-epa>0.00000</fats-epa>
    <fats-lauric>0.00100</fats-lauric>
    <fats-linoleic>1.08300</fats-linoleic>
    <fats-linolenic>0.45800</fats-linolenic>
    <fats-monounsaturated>3.10700</fats-monounsaturated>
    <fats-myristic>0.00400</fats-myristic>
    <fats-palmitic>0.28000</fats-palmitic>
    <fats-polyunsaturated>1.54100</fats-polyunsaturated>
    <fats-saturated>0.45300</fats-saturated>
    <fats-stearic>0.11000</fats-stearic>
    <fats-total>5.30000</fats-total>
    <minerals-calcium>1053.00000</minerals-calcium>
    <minerals-copper>0.08200</minerals-copper>
    <minerals-iron>13.16000</minerals-iron>
    <minerals-magnesium>19.00000</minerals-magnesium>
    <minerals-manganese>0.46100</minerals-manganese>
    <minerals-phosphorus>247.00000</minerals-phosphorus>
    <minerals-potassium>180.00000</minerals-potassium>
    <minerals-selenium>14.10000</minerals-selenium>
    <minerals-sodium>157.00000</minerals-sodium>
    <minerals-zinc>0.59000</minerals-zinc>
    <other-alcohol>0.00000</other-alcohol>
    <other-cost>0.0</other-cost>
    <other-water>14.00000</other-water>
    <other-weight>100.00000</other-weight>
    <protein-complete>0.00000</protein-complete>
    <protein-total>5.43000</protein-total>
    <vitamins-choline>13.90000</vitamins-choline>
    <vitamins-folate>98.00000</vitamins-folate>
    <vitamins-niacin>11.84200</vitamins-niacin>
    <vitamins-pantothenic_acid>0.34500</vitamins-pantothenic_acid>
    <vitamins-riboflavin>1.05300</vitamins-riboflavin>
    <vitamins-thiamin>0.92100</vitamins-thiamin>
    <vitamins-vitamin_a>14.00000</vitamins-vitamin_a>
    <vitamins-vitamin_b12>0.19000</vitamins-vitamin_b12>
    <vitamins-vitamin_b6>1.10500</vitamins-vitamin_b6>
    <vitamins-vitamin_c>2.40000</vitamins-vitamin_c>
    <vitamins-vitamin_d>0.00000</vitamins-vitamin_d>
    <vitamins-vitamin_e>0.90000</vitamins-vitamin_e>
    <vitamins-vitamin_k>4.10000</vitamins-vitamin_k>
</food>