<food xmlns:xsi="http://www.w3.org/2001/XMLSchema-instance" xsi:noNamespaceSchemaLocation="https://xjrga.github.io/schemas/food_v2.xsd">
    <food-id>03994</food-id>
    <food-name>Babyfood, fruit, banana and strawberry, junior</food-name>
    <carbohydrates-carbs_by_diff>25.78000</carbohydrates-carbs_by_diff>
    <carbohydrates-fiber>1.40000</carbohydrates-fiber>
    <carbohydrates-glycemicindex>0.00000</carbohydrates-glycemicindex>
    <energy-gross>109.00000</energy-gross>
    <fats-cholesterol>0.00000</fats-cholesterol>
    <fats-dha>0.00000</fats-dha>
    <fats-epa>0.00000</fats-epa>
    <fats-lauric>0.00200</fats-lauric>
    <fats-linoleic>0.05300</fats-linoleic>
    <fats-linolenic>0.03100</fats-linolenic>
    <fats-monounsaturated>0.03600</fats-monounsaturated>
    <fats-myristic>0.00300</fats-myristic>
    <fats-palmitic>0.11000</fats-palmitic>
    <fats-polyunsaturated>0.08400</fats-polyunsaturated>
    <fats-saturated>0.12100</fats-saturated>
    <fats-stearic>0.00500</fats-stearic>
    <fats-total>0.37000</fats-total>
    <minerals-calcium>0.00000</minerals-calcium>
    <minerals-copper>0.08700</minerals-copper>
    <minerals-iron>0.14000</minerals-iron>
    <minerals-magnesium>30.00000</minerals-magnesium>
    <minerals-manganese>0.30000</minerals-manganese>
    <minerals-phosphorus>24.00000</minerals-phosphorus>
    <minerals-potassium>395.00000</minerals-potassium>
    <minerals-selenium>1.10000</minerals-selenium>
    <minerals-sodium>1.00000</minerals-sodium>
    <minerals-zinc>0.23000</minerals-zinc>
    <other-alcohol>0.00000</other-alcohol>
    <other-cost>0.0</other-cost>
    <other-water>72.23000</other-water>
    <other-weight>100.00000</other-weight>
    <protein-complete>0.00000</protein-complete>
    <protein-total>0.71000</protein-total>
    <vitamins-choline>10.80000</vitamins-choline>
    <vitamins-folate>22.00000</vitamins-folate>
    <vitamins-niacin>0.72800</vitamins-niacin>
    <vitamins-pantothenic_acid>0.36800</vitamins-pantothenic_acid>
    <vitamins-riboflavin>0.08000</vitamins-riboflavin>
    <vitamins-thiamin>0.03500</vitamins-thiamin>
    <vitamins-vitamin_a>3.00000</vitamins-vitamin_a>
    <vitamins-vitamin_b12>0.00000</vitamins-vitamin_b12>
    <vitamins-vitamin_b6>0.39500</vitamins-vitamin_b6>
    <vitamins-vitamin_c>12.90000</vitamins-vitamin_c>
    <vitamins-vitamin_d>0.00000</vitamins-vitamin_d>
    <vitamins-vitamin_e>0.12000</vitamins-vitamin_e>
    <vitamins-vitamin_k>0.60000</vitamins-vitamin_k>
</food>