<food xmlns:xsi="http://www.w3.org/2001/XMLSchema-instance" xsi:noNamespaceSchemaLocation="https://xjrga.github.io/schemas/food_v2.xsd">
    <food-id>03967</food-id>
    <food-name>Toddler formula, MEAD JOHNSON, ENFAGROW, PREMIUM (formerly ENFAMIL, LIPIL, NEXT STEP), powder</food-name>
    <carbohydrates-carbs_by_diff>56.00000</carbohydrates-carbs_by_diff>
    <carbohydrates-fiber>0.00000</carbohydrates-fiber>
    <carbohydrates-glycemicindex>0.00000</carbohydrates-glycemicindex>
    <energy-gross>501.00000</energy-gross>
    <fats-cholesterol>7.00000</fats-cholesterol>
    <fats-dha>0.08600</fats-dha>
    <fats-epa>0.00000</fats-epa>
    <fats-lauric>2.50000</fats-lauric>
    <fats-linoleic>4.60000</fats-linoleic>
    <fats-linolenic>0.45000</fats-linolenic>
    <fats-monounsaturated>10.03000</fats-monounsaturated>
    <fats-myristic>1.11000</fats-myristic>
    <fats-palmitic>5.90000</fats-palmitic>
    <fats-polyunsaturated>5.44500</fats-polyunsaturated>
    <fats-saturated>11.45000</fats-saturated>
    <fats-stearic>1.11000</fats-stearic>
    <fats-total>26.90000</fats-total>
    <minerals-calcium>600.00000</minerals-calcium>
    <minerals-copper>0.45000</minerals-copper>
    <minerals-iron>9.00000</minerals-iron>
    <minerals-magnesium>40.00000</minerals-magnesium>
    <minerals-manganese>0.00000</minerals-manganese>
    <minerals-phosphorus>420.00000</minerals-phosphorus>
    <minerals-potassium>650.00000</minerals-potassium>
    <minerals-selenium>14.00000</minerals-selenium>
    <minerals-sodium>210.00000</minerals-sodium>
    <minerals-zinc>4.50000</minerals-zinc>
    <other-alcohol>0.00000</other-alcohol>
    <other-cost>0.0</other-cost>
    <other-water>3.00000</other-water>
    <other-weight>100.00000</other-weight>
    <protein-complete>0.00000</protein-complete>
    <protein-total>13.00000</protein-total>
    <vitamins-choline>121.00000</vitamins-choline>
    <vitamins-folate>138.00000</vitamins-folate>
    <vitamins-niacin>5.30000</vitamins-niacin>
    <vitamins-pantothenic_acid>0.00000</vitamins-pantothenic_acid>
    <vitamins-riboflavin>0.75000</vitamins-riboflavin>
    <vitamins-thiamin>0.50000</vitamins-thiamin>
    <vitamins-vitamin_a>456.00000</vitamins-vitamin_a>
    <vitamins-vitamin_b12>1.52000</vitamins-vitamin_b12>
    <vitamins-vitamin_b6>0.30000</vitamins-vitamin_b6>
    <vitamins-vitamin_c>45.00000</vitamins-vitamin_c>
    <vitamins-vitamin_d>7.50000</vitamins-vitamin_d>
    <vitamins-vitamin_e>4.50000</vitamins-vitamin_e>
    <vitamins-vitamin_k>0.00000</vitamins-vitamin_k>
</food>