<food xmlns:xsi="http://www.w3.org/2001/XMLSchema-instance" xsi:noNamespaceSchemaLocation="https://xjrga.github.io/schemas/food_v2.xsd">
    <food-id>03928</food-id>
    <food-name>Infant formula, NESTLE, GOOD START ESSENTIALS SOY, with iron, powder</food-name>
    <carbohydrates-carbs_by_diff>55.70000</carbohydrates-carbs_by_diff>
    <carbohydrates-fiber>0.00000</carbohydrates-fiber>
    <carbohydrates-glycemicindex>0.00000</carbohydrates-glycemicindex>
    <energy-gross>502.00000</energy-gross>
    <fats-cholesterol>0.00000</fats-cholesterol>
    <fats-dha>0.00000</fats-dha>
    <fats-epa>0.00000</fats-epa>
    <fats-lauric>2.40000</fats-lauric>
    <fats-linoleic>4.70000</fats-linoleic>
    <fats-linolenic>0.50000</fats-linolenic>
    <fats-monounsaturated>8.10000</fats-monounsaturated>
    <fats-myristic>1.00000</fats-myristic>
    <fats-palmitic>5.80000</fats-palmitic>
    <fats-polyunsaturated>6.00000</fats-polyunsaturated>
    <fats-saturated>11.00000</fats-saturated>
    <fats-stearic>1.00000</fats-stearic>
    <fats-total>25.50000</fats-total>
    <minerals-calcium>526.00000</minerals-calcium>
    <minerals-copper>0.60100</minerals-copper>
    <minerals-iron>9.00000</minerals-iron>
    <minerals-magnesium>55.00000</minerals-magnesium>
    <minerals-manganese>0.00000</minerals-manganese>
    <minerals-phosphorus>316.00000</minerals-phosphorus>
    <minerals-potassium>581.00000</minerals-potassium>
    <minerals-selenium>10.00000</minerals-selenium>
    <minerals-sodium>180.00000</minerals-sodium>
    <minerals-zinc>4.51000</minerals-zinc>
    <other-alcohol>0.00000</other-alcohol>
    <other-cost>0.0</other-cost>
    <other-water>2.50000</other-water>
    <other-weight>100.00000</other-weight>
    <protein-complete>0.00000</protein-complete>
    <protein-total>12.50000</protein-total>
    <vitamins-choline>61.30000</vitamins-choline>
    <vitamins-folate>136.00000</vitamins-folate>
    <vitamins-niacin>6.51300</vitamins-niacin>
    <vitamins-pantothenic_acid>0.00000</vitamins-pantothenic_acid>
    <vitamins-riboflavin>0.47100</vitamins-riboflavin>
    <vitamins-thiamin>0.30100</vitamins-thiamin>
    <vitamins-vitamin_a>466.00000</vitamins-vitamin_a>
    <vitamins-vitamin_b12>1.50000</vitamins-vitamin_b12>
    <vitamins-vitamin_b6>0.30100</vitamins-vitamin_b6>
    <vitamins-vitamin_c>60.10000</vitamins-vitamin_c>
    <vitamins-vitamin_d>7.70000</vitamins-vitamin_d>
    <vitamins-vitamin_e>7.34000</vitamins-vitamin_e>
    <vitamins-vitamin_k>40.10000</vitamins-vitamin_k>
</food>