<food xmlns:xsi="http://www.w3.org/2001/XMLSchema-instance" xsi:noNamespaceSchemaLocation="https://xjrga.github.io/schemas/food_v2.xsd">
    <food-id>03948</food-id>
    <food-name>Infant formula, ABBOTT NUTRITION, SIMILAC, SENSITIVE, (LACTOSE FREE), powder, with ARA and DHA</food-name>
    <carbohydrates-carbs_by_diff>55.67000</carbohydrates-carbs_by_diff>
    <carbohydrates-fiber>0.00000</carbohydrates-fiber>
    <carbohydrates-glycemicindex>0.00000</carbohydrates-glycemicindex>
    <energy-gross>520.00000</energy-gross>
    <fats-cholesterol>15.00000</fats-cholesterol>
    <fats-dha>0.07900</fats-dha>
    <fats-epa>0.00000</fats-epa>
    <fats-lauric>2.49000</fats-lauric>
    <fats-linoleic>5.45700</fats-linoleic>
    <fats-linolenic>0.60500</fats-linolenic>
    <fats-monounsaturated>2.89400</fats-monounsaturated>
    <fats-myristic>1.07000</fats-myristic>
    <fats-palmitic>1.73000</fats-palmitic>
    <fats-polyunsaturated>6.27000</fats-polyunsaturated>
    <fats-saturated>18.30500</fats-saturated>
    <fats-stearic>0.82000</fats-stearic>
    <fats-total>28.14000</fats-total>
    <minerals-calcium>436.00000</minerals-calcium>
    <minerals-copper>0.45100</minerals-copper>
    <minerals-iron>9.33000</minerals-iron>
    <minerals-magnesium>30.00000</minerals-magnesium>
    <minerals-manganese>0.02300</minerals-manganese>
    <minerals-phosphorus>293.00000</minerals-phosphorus>
    <minerals-potassium>557.00000</minerals-potassium>
    <minerals-selenium>9.00000</minerals-selenium>
    <minerals-sodium>158.00000</minerals-sodium>
    <minerals-zinc>3.91000</minerals-zinc>
    <other-alcohol>0.00000</other-alcohol>
    <other-cost>0.0</other-cost>
    <other-water>2.20000</other-water>
    <other-weight>100.00000</other-weight>
    <protein-complete>0.00000</protein-complete>
    <protein-total>11.13000</protein-total>
    <vitamins-choline>83.50000</vitamins-choline>
    <vitamins-folate>128.00000</vitamins-folate>
    <vitamins-niacin>5.46200</vitamins-niacin>
    <vitamins-pantothenic_acid>2.33000</vitamins-pantothenic_acid>
    <vitamins-riboflavin>0.78200</vitamins-riboflavin>
    <vitamins-thiamin>0.51900</vitamins-thiamin>
    <vitamins-vitamin_a>468.00000</vitamins-vitamin_a>
    <vitamins-vitamin_b12>1.28000</vitamins-vitamin_b12>
    <vitamins-vitamin_b6>0.31600</vitamins-vitamin_b6>
    <vitamins-vitamin_c>45.10000</vitamins-vitamin_c>
    <vitamins-vitamin_d>9.20000</vitamins-vitamin_d>
    <vitamins-vitamin_e>7.07000</vitamins-vitamin_e>
    <vitamins-vitamin_k>41.40000</vitamins-vitamin_k>
</food>