<food xmlns:xsi="http://www.w3.org/2001/XMLSchema-instance" xsi:noNamespaceSchemaLocation="https://xjrga.github.io/schemas/food_v2.xsd">
    <food-id>03961</food-id>
    <food-name>Infant formula, NESTLE, GOOD START SUPREME, with iron, DHA and ARA, prepared from liquid concentrate</food-name>
    <carbohydrates-carbs_by_diff>7.39000</carbohydrates-carbs_by_diff>
    <carbohydrates-fiber>0.00000</carbohydrates-fiber>
    <carbohydrates-glycemicindex>0.00000</carbohydrates-glycemicindex>
    <energy-gross>66.00000</energy-gross>
    <fats-cholesterol>4.00000</fats-cholesterol>
    <fats-dha>0.01100</fats-dha>
    <fats-epa>0.00000</fats-epa>
    <fats-lauric>0.34000</fats-lauric>
    <fats-linoleic>0.63400</fats-linoleic>
    <fats-linolenic>0.07100</fats-linolenic>
    <fats-monounsaturated>1.08000</fats-monounsaturated>
    <fats-myristic>0.14000</fats-myristic>
    <fats-palmitic>0.78000</fats-palmitic>
    <fats-polyunsaturated>0.74000</fats-polyunsaturated>
    <fats-saturated>1.47000</fats-saturated>
    <fats-stearic>0.12000</fats-stearic>
    <fats-total>3.37000</fats-total>
    <minerals-calcium>42.00000</minerals-calcium>
    <minerals-copper>0.05300</minerals-copper>
    <minerals-iron>0.99000</minerals-iron>
    <minerals-magnesium>5.00000</minerals-magnesium>
    <minerals-manganese>0.00000</minerals-manganese>
    <minerals-phosphorus>24.00000</minerals-phosphorus>
    <minerals-potassium>71.00000</minerals-potassium>
    <minerals-selenium>1.30000</minerals-selenium>
    <minerals-sodium>18.00000</minerals-sodium>
    <minerals-zinc>0.53000</minerals-zinc>
    <other-alcohol>0.00000</other-alcohol>
    <other-cost>0.0</other-cost>
    <other-water>87.50000</other-water>
    <other-weight>100.00000</other-weight>
    <protein-complete>0.00000</protein-complete>
    <protein-total>1.45000</protein-total>
    <vitamins-choline>8.00000</vitamins-choline>
    <vitamins-folate>17.00000</vitamins-folate>
    <vitamins-niacin>0.69300</vitamins-niacin>
    <vitamins-pantothenic_acid>0.00000</vitamins-pantothenic_acid>
    <vitamins-riboflavin>0.09200</vitamins-riboflavin>
    <vitamins-thiamin>0.06600</vitamins-thiamin>
    <vitamins-vitamin_a>60.00000</vitamins-vitamin_a>
    <vitamins-vitamin_b12>0.22000</vitamins-vitamin_b12>
    <vitamins-vitamin_b6>0.05000</vitamins-vitamin_b6>
    <vitamins-vitamin_c>5.90000</vitamins-vitamin_c>
    <vitamins-vitamin_d>1.10000</vitamins-vitamin_d>
    <vitamins-vitamin_e>0.99000</vitamins-vitamin_e>
    <vitamins-vitamin_k>5.30000</vitamins-vitamin_k>
</food>