<food xmlns:xsi="http://www.w3.org/2001/XMLSchema-instance" xsi:noNamespaceSchemaLocation="https://xjrga.github.io/schemas/food_v2.xsd">
    <food-id>03941</food-id>
    <food-name>Infant formula, PBM PRODUCTS, store brand, soy, powder</food-name>
    <carbohydrates-carbs_by_diff>52.20000</carbohydrates-carbs_by_diff>
    <carbohydrates-fiber>0.00000</carbohydrates-fiber>
    <carbohydrates-glycemicindex>0.00000</carbohydrates-glycemicindex>
    <energy-gross>508.00000</energy-gross>
    <fats-cholesterol>0.00000</fats-cholesterol>
    <fats-dha>0.09100</fats-dha>
    <fats-epa>0.00000</fats-epa>
    <fats-lauric>3.75000</fats-lauric>
    <fats-linoleic>3.48000</fats-linoleic>
    <fats-linolenic>0.35000</fats-linolenic>
    <fats-monounsaturated>10.78000</fats-monounsaturated>
    <fats-myristic>1.77000</fats-myristic>
    <fats-palmitic>3.67000</fats-palmitic>
    <fats-polyunsaturated>3.83000</fats-polyunsaturated>
    <fats-saturated>12.37000</fats-saturated>
    <fats-stearic>1.93000</fats-stearic>
    <fats-total>27.20000</fats-total>
    <minerals-calcium>453.00000</minerals-calcium>
    <minerals-copper>0.35500</minerals-copper>
    <minerals-iron>9.10000</minerals-iron>
    <minerals-magnesium>51.00000</minerals-magnesium>
    <minerals-manganese>0.00000</minerals-manganese>
    <minerals-phosphorus>317.00000</minerals-phosphorus>
    <minerals-potassium>528.00000</minerals-potassium>
    <minerals-selenium>11.00000</minerals-selenium>
    <minerals-sodium>151.00000</minerals-sodium>
    <minerals-zinc>3.80000</minerals-zinc>
    <other-alcohol>0.00000</other-alcohol>
    <other-cost>0.0</other-cost>
    <other-water>2.00000</other-water>
    <other-weight>100.00000</other-weight>
    <protein-complete>0.00000</protein-complete>
    <protein-total>13.60000</protein-total>
    <vitamins-choline>73.00000</vitamins-choline>
    <vitamins-folate>64.00000</vitamins-folate>
    <vitamins-niacin>3.78000</vitamins-niacin>
    <vitamins-pantothenic_acid>0.00000</vitamins-pantothenic_acid>
    <vitamins-riboflavin>0.76000</vitamins-riboflavin>
    <vitamins-thiamin>0.50000</vitamins-thiamin>
    <vitamins-vitamin_a>473.00000</vitamins-vitamin_a>
    <vitamins-vitamin_b12>1.50000</vitamins-vitamin_b12>
    <vitamins-vitamin_b6>0.32000</vitamins-vitamin_b6>
    <vitamins-vitamin_c>42.00000</vitamins-vitamin_c>
    <vitamins-vitamin_d>7.60000</vitamins-vitamin_d>
    <vitamins-vitamin_e>3.24000</vitamins-vitamin_e>
    <vitamins-vitamin_k>41.60000</vitamins-vitamin_k>
</food>