<food xmlns:xsi="http://www.w3.org/2001/XMLSchema-instance" xsi:noNamespaceSchemaLocation="https://xjrga.github.io/schemas/food_v2.xsd">
    <food-id>03991</food-id>
    <food-name>Infant formula, ABBOTT NUTRITION, SIMILAC, GO AND GROW, ready-to-feed, with ARA and DHA</food-name>
    <carbohydrates-carbs_by_diff>6.69000</carbohydrates-carbs_by_diff>
    <carbohydrates-fiber>0.00000</carbohydrates-fiber>
    <carbohydrates-glycemicindex>0.00000</carbohydrates-glycemicindex>
    <energy-gross>66.00000</energy-gross>
    <fats-cholesterol>0.00000</fats-cholesterol>
    <fats-dha>0.00700</fats-dha>
    <fats-epa>0.00000</fats-epa>
    <fats-lauric>0.21000</fats-lauric>
    <fats-linoleic>0.41500</fats-linoleic>
    <fats-linolenic>0.04000</fats-linolenic>
    <fats-monounsaturated>0.91100</fats-monounsaturated>
    <fats-myristic>0.10000</fats-myristic>
    <fats-palmitic>0.52000</fats-palmitic>
    <fats-polyunsaturated>0.47600</fats-polyunsaturated>
    <fats-saturated>1.01800</fats-saturated>
    <fats-stearic>0.10000</fats-stearic>
    <fats-total>3.54000</fats-total>
    <minerals-calcium>128.00000</minerals-calcium>
    <minerals-copper>0.05900</minerals-copper>
    <minerals-iron>1.31000</minerals-iron>
    <minerals-magnesium>6.00000</minerals-magnesium>
    <minerals-manganese>0.00300</minerals-manganese>
    <minerals-phosphorus>85.00000</minerals-phosphorus>
    <minerals-potassium>98.00000</minerals-potassium>
    <minerals-selenium>1.20000</minerals-selenium>
    <minerals-sodium>20.00000</minerals-sodium>
    <minerals-zinc>0.49000</minerals-zinc>
    <other-alcohol>0.00000</other-alcohol>
    <other-cost>0.0</other-cost>
    <other-water>87.21000</other-water>
    <other-weight>100.00000</other-weight>
    <protein-complete>0.00000</protein-complete>
    <protein-total>1.97000</protein-total>
    <vitamins-choline>10.50000</vitamins-choline>
    <vitamins-folate>17.00000</vitamins-folate>
    <vitamins-niacin>0.68900</vitamins-niacin>
    <vitamins-pantothenic_acid>0.29500</vitamins-pantothenic_acid>
    <vitamins-riboflavin>0.09800</vitamins-riboflavin>
    <vitamins-thiamin>0.06600</vitamins-thiamin>
    <vitamins-vitamin_a>60.00000</vitamins-vitamin_a>
    <vitamins-vitamin_b12>0.20000</vitamins-vitamin_b12>
    <vitamins-vitamin_b6>0.03900</vitamins-vitamin_b6>
    <vitamins-vitamin_c>7.90000</vitamins-vitamin_c>
    <vitamins-vitamin_d>1.00000</vitamins-vitamin_d>
    <vitamins-vitamin_e>0.89000</vitamins-vitamin_e>
    <vitamins-vitamin_k>5.20000</vitamins-vitamin_k>
</food>