<food xmlns:xsi="http://www.w3.org/2001/XMLSchema-instance" xsi:noNamespaceSchemaLocation="https://xjrga.github.io/schemas/food_v2.xsd">
    <food-id>03945</food-id>
    <food-name>Infant formula, ABBOTT NUTRITION, SIMILAC, NEOSURE, powder, with ARA and DHA</food-name>
    <carbohydrates-carbs_by_diff>51.75000</carbohydrates-carbs_by_diff>
    <carbohydrates-fiber>0.00000</carbohydrates-fiber>
    <carbohydrates-glycemicindex>0.00000</carbohydrates-glycemicindex>
    <energy-gross>520.00000</energy-gross>
    <fats-cholesterol>14.00000</fats-cholesterol>
    <fats-dha>0.09000</fats-dha>
    <fats-epa>0.00000</fats-epa>
    <fats-lauric>3.87000</fats-lauric>
    <fats-linoleic>5.77800</fats-linoleic>
    <fats-linolenic>0.61800</fats-linolenic>
    <fats-monounsaturated>10.49200</fats-monounsaturated>
    <fats-myristic>1.45000</fats-myristic>
    <fats-palmitic>2.05000</fats-palmitic>
    <fats-polyunsaturated>6.66000</fats-polyunsaturated>
    <fats-saturated>9.87100</fats-saturated>
    <fats-stearic>0.91000</fats-stearic>
    <fats-total>28.33000</fats-total>
    <minerals-calcium>541.00000</minerals-calcium>
    <minerals-copper>0.61800</minerals-copper>
    <minerals-iron>9.26000</minerals-iron>
    <minerals-magnesium>46.00000</minerals-magnesium>
    <minerals-manganese>51.49900</minerals-manganese>
    <minerals-phosphorus>319.00000</minerals-phosphorus>
    <minerals-potassium>731.00000</minerals-potassium>
    <minerals-selenium>11.80000</minerals-selenium>
    <minerals-sodium>170.00000</minerals-sodium>
    <minerals-zinc>6.18000</minerals-zinc>
    <other-alcohol>0.00000</other-alcohol>
    <other-cost>0.0</other-cost>
    <other-water>2.25000</other-water>
    <other-weight>100.00000</other-weight>
    <protein-complete>0.00000</protein-complete>
    <protein-total>14.42000</protein-total>
    <vitamins-choline>82.40000</vitamins-choline>
    <vitamins-folate>218.00000</vitamins-folate>
    <vitamins-niacin>10.04300</vitamins-niacin>
    <vitamins-pantothenic_acid>4.12000</vitamins-pantothenic_acid>
    <vitamins-riboflavin>0.77300</vitamins-riboflavin>
    <vitamins-thiamin>1.13300</vitamins-thiamin>
    <vitamins-vitamin_a>711.00000</vitamins-vitamin_a>
    <vitamins-vitamin_b12>2.06000</vitamins-vitamin_b12>
    <vitamins-vitamin_b6>0.51500</vitamins-vitamin_b6>
    <vitamins-vitamin_c>77.20000</vitamins-vitamin_c>
    <vitamins-vitamin_d>9.00000</vitamins-vitamin_d>
    <vitamins-vitamin_e>8.34000</vitamins-vitamin_e>
    <vitamins-vitamin_k>56.70000</vitamins-vitamin_k>
</food>