<food xmlns:xsi="http://www.w3.org/2001/XMLSchema-instance" xsi:noNamespaceSchemaLocation="https://xjrga.github.io/schemas/food_v2.xsd">
    <food-id>03997</food-id>
    <food-name>Babyfood, Baby MUM MUM Rice Biscuits</food-name>
    <carbohydrates-carbs_by_diff>83.21000</carbohydrates-carbs_by_diff>
    <carbohydrates-fiber>0.00000</carbohydrates-fiber>
    <carbohydrates-glycemicindex>0.00000</carbohydrates-glycemicindex>
    <energy-gross>391.00000</energy-gross>
    <fats-cholesterol>0.00000</fats-cholesterol>
    <fats-dha>0.00000</fats-dha>
    <fats-epa>0.00000</fats-epa>
    <fats-lauric>0.00600</fats-lauric>
    <fats-linoleic>0.20600</fats-linoleic>
    <fats-linolenic>0.05000</fats-linolenic>
    <fats-monounsaturated>0.22400</fats-monounsaturated>
    <fats-myristic>0.00700</fats-myristic>
    <fats-palmitic>0.20000</fats-palmitic>
    <fats-polyunsaturated>0.25500</fats-polyunsaturated>
    <fats-saturated>0.23800</fats-saturated>
    <fats-stearic>0.02000</fats-stearic>
    <fats-total>0.87000</fats-total>
    <minerals-calcium>0.00000</minerals-calcium>
    <minerals-copper>0.15600</minerals-copper>
    <minerals-iron>0.00000</minerals-iron>
    <minerals-magnesium>47.00000</minerals-magnesium>
    <minerals-manganese>0.73200</minerals-manganese>
    <minerals-phosphorus>127.00000</minerals-phosphorus>
    <minerals-potassium>504.00000</minerals-potassium>
    <minerals-selenium>8.00000</minerals-selenium>
    <minerals-sodium>313.00000</minerals-sodium>
    <minerals-zinc>0.65000</minerals-zinc>
    <other-alcohol>0.00000</other-alcohol>
    <other-cost>0.0</other-cost>
    <other-water>2.42000</other-water>
    <other-weight>100.00000</other-weight>
    <protein-complete>0.00000</protein-complete>
    <protein-total>12.50000</protein-total>
    <vitamins-choline>21.30000</vitamins-choline>
    <vitamins-folate>14.00000</vitamins-folate>
    <vitamins-niacin>2.89600</vitamins-niacin>
    <vitamins-pantothenic_acid>0.62300</vitamins-pantothenic_acid>
    <vitamins-riboflavin>0.03700</vitamins-riboflavin>
    <vitamins-thiamin>0.17400</vitamins-thiamin>
    <vitamins-vitamin_a>0.00000</vitamins-vitamin_a>
    <vitamins-vitamin_b12>0.00000</vitamins-vitamin_b12>
    <vitamins-vitamin_b6>0.57100</vitamins-vitamin_b6>
    <vitamins-vitamin_c>0.00000</vitamins-vitamin_c>
    <vitamins-vitamin_d>0.00000</vitamins-vitamin_d>
    <vitamins-vitamin_e>0.17000</vitamins-vitamin_e>
    <vitamins-vitamin_k>0.00000</vitamins-vitamin_k>
</food>