<food xmlns:xsi="http://www.w3.org/2001/XMLSchema-instance" xsi:noNamespaceSchemaLocation="https://xjrga.github.io/schemas/food_v2.xsd">
    <food-id>03982</food-id>
    <food-name>Infant formula, MEAD JOHNSON, ENFAMIL, Enfagrow, Soy, Toddler ready-to-feed</food-name>
    <carbohydrates-carbs_by_diff>7.64000</carbohydrates-carbs_by_diff>
    <carbohydrates-fiber>0.00000</carbohydrates-fiber>
    <carbohydrates-glycemicindex>0.00000</carbohydrates-glycemicindex>
    <energy-gross>65.00000</energy-gross>
    <fats-cholesterol>0.00000</fats-cholesterol>
    <fats-dha>0.00700</fats-dha>
    <fats-epa>0.00000</fats-epa>
    <fats-lauric>0.16000</fats-lauric>
    <fats-linoleic>0.32600</fats-linoleic>
    <fats-linolenic>0.03400</fats-linolenic>
    <fats-monounsaturated>0.72700</fats-monounsaturated>
    <fats-myristic>0.07000</fats-myristic>
    <fats-palmitic>0.42000</fats-palmitic>
    <fats-polyunsaturated>0.38000</fats-polyunsaturated>
    <fats-saturated>0.85500</fats-saturated>
    <fats-stearic>0.07000</fats-stearic>
    <fats-total>2.89000</fats-total>
    <minerals-calcium>128.00000</minerals-calcium>
    <minerals-copper>0.04900</minerals-copper>
    <minerals-iron>1.31000</minerals-iron>
    <minerals-magnesium>7.00000</minerals-magnesium>
    <minerals-manganese>0.03300</minerals-manganese>
    <minerals-phosphorus>85.00000</minerals-phosphorus>
    <minerals-potassium>79.00000</minerals-potassium>
    <minerals-selenium>1.80000</minerals-selenium>
    <minerals-sodium>24.00000</minerals-sodium>
    <minerals-zinc>0.79000</minerals-zinc>
    <other-alcohol>0.00000</other-alcohol>
    <other-cost>0.0</other-cost>
    <other-water>86.67000</other-water>
    <other-weight>100.00000</other-weight>
    <protein-complete>0.00000</protein-complete>
    <protein-total>2.17000</protein-total>
    <vitamins-choline>15.80000</vitamins-choline>
    <vitamins-folate>18.00000</vitamins-folate>
    <vitamins-niacin>0.65700</vitamins-niacin>
    <vitamins-pantothenic_acid>0.32800</vitamins-pantothenic_acid>
    <vitamins-riboflavin>0.05900</vitamins-riboflavin>
    <vitamins-thiamin>0.05300</vitamins-thiamin>
    <vitamins-vitamin_a>60.00000</vitamins-vitamin_a>
    <vitamins-vitamin_b12>0.20000</vitamins-vitamin_b12>
    <vitamins-vitamin_b6>0.03900</vitamins-vitamin_b6>
    <vitamins-vitamin_c>7.90000</vitamins-vitamin_c>
    <vitamins-vitamin_d>1.00000</vitamins-vitamin_d>
    <vitamins-vitamin_e>0.59000</vitamins-vitamin_e>
    <vitamins-vitamin_k>5.30000</vitamins-vitamin_k>
</food>