<food xmlns:xsi="http://www.w3.org/2001/XMLSchema-instance" xsi:noNamespaceSchemaLocation="https://xjrga.github.io/schemas/food_v2.xsd">
    <food-id>33877</food-id>
    <food-name>Infant Formula, MEAD JOHNSON, ENFAMIL, Premium, Infant, powder</food-name>
    <carbohydrates-carbs_by_diff>57.00000</carbohydrates-carbs_by_diff>
    <carbohydrates-fiber>0.00000</carbohydrates-fiber>
    <carbohydrates-glycemicindex>0.00000</carbohydrates-glycemicindex>
    <energy-gross>510.00000</energy-gross>
    <fats-cholesterol>0.00000</fats-cholesterol>
    <fats-dha>0.00000</fats-dha>
    <fats-epa>0.00000</fats-epa>
    <fats-lauric>2.37000</fats-lauric>
    <fats-linoleic>4.55100</fats-linoleic>
    <fats-linolenic>0.44100</fats-linolenic>
    <fats-monounsaturated>9.98700</fats-monounsaturated>
    <fats-myristic>1.09000</fats-myristic>
    <fats-palmitic>5.77000</fats-palmitic>
    <fats-polyunsaturated>5.21300</fats-polyunsaturated>
    <fats-saturated>11.16100</fats-saturated>
    <fats-stearic>1.10000</fats-stearic>
    <fats-total>27.00000</fats-total>
    <minerals-calcium>390.00000</minerals-calcium>
    <minerals-copper>0.38000</minerals-copper>
    <minerals-iron>9.20000</minerals-iron>
    <minerals-magnesium>41.00000</minerals-magnesium>
    <minerals-manganese>0.07700</minerals-manganese>
    <minerals-phosphorus>220.00000</minerals-phosphorus>
    <minerals-potassium>550.00000</minerals-potassium>
    <minerals-selenium>14.40000</minerals-selenium>
    <minerals-sodium>138.00000</minerals-sodium>
    <minerals-zinc>5.10000</minerals-zinc>
    <other-alcohol>0.00000</other-alcohol>
    <other-cost>0.0</other-cost>
    <other-water>2.40000</other-water>
    <other-weight>100.00000</other-weight>
    <protein-complete>0.00000</protein-complete>
    <protein-total>10.80000</protein-total>
    <vitamins-choline>121.00000</vitamins-choline>
    <vitamins-folate>138.00000</vitamins-folate>
    <vitamins-niacin>5.00000</vitamins-niacin>
    <vitamins-pantothenic_acid>2.60000</vitamins-pantothenic_acid>
    <vitamins-riboflavin>0.72000</vitamins-riboflavin>
    <vitamins-thiamin>0.41000</vitamins-thiamin>
    <vitamins-vitamin_a>458.00000</vitamins-vitamin_a>
    <vitamins-vitamin_b12>1.54000</vitamins-vitamin_b12>
    <vitamins-vitamin_b6>0.31000</vitamins-vitamin_b6>
    <vitamins-vitamin_c>62.00000</vitamins-vitamin_c>
    <vitamins-vitamin_d>7.50000</vitamins-vitamin_d>
    <vitamins-vitamin_e>6.90000</vitamins-vitamin_e>
    <vitamins-vitamin_k>46.00000</vitamins-vitamin_k>
</food>