<food xmlns:xsi="http://www.w3.org/2001/XMLSchema-instance" xsi:noNamespaceSchemaLocation="https://xjrga.github.io/schemas/food_v2.xsd">
    <food-id>33864</food-id>
    <food-name>Infant Formula, MEAD JOHNSON, ENFAMIL, Premium LIPIL, Infant, Liquid concentrate, not reconstituted</food-name>
    <carbohydrates-carbs_by_diff>14.42000</carbohydrates-carbs_by_diff>
    <carbohydrates-fiber>0.00000</carbohydrates-fiber>
    <carbohydrates-glycemicindex>0.00000</carbohydrates-glycemicindex>
    <energy-gross>129.00000</energy-gross>
    <fats-cholesterol>0.00000</fats-cholesterol>
    <fats-dha>0.01900</fats-dha>
    <fats-epa>0.00000</fats-epa>
    <fats-lauric>0.60000</fats-lauric>
    <fats-linoleic>1.15200</fats-linoleic>
    <fats-linolenic>0.11200</fats-linolenic>
    <fats-monounsaturated>2.52700</fats-monounsaturated>
    <fats-myristic>0.27000</fats-myristic>
    <fats-palmitic>1.46000</fats-palmitic>
    <fats-polyunsaturated>1.31900</fats-polyunsaturated>
    <fats-saturated>2.82400</fats-saturated>
    <fats-stearic>0.27000</fats-stearic>
    <fats-total>6.83000</fats-total>
    <minerals-calcium>101.00000</minerals-calcium>
    <minerals-copper>0.09600</minerals-copper>
    <minerals-iron>2.33000</minerals-iron>
    <minerals-magnesium>10.00000</minerals-magnesium>
    <minerals-manganese>0.01900</minerals-manganese>
    <minerals-phosphorus>56.00000</minerals-phosphorus>
    <minerals-potassium>139.00000</minerals-potassium>
    <minerals-selenium>3.60000</minerals-selenium>
    <minerals-sodium>35.00000</minerals-sodium>
    <minerals-zinc>1.29000</minerals-zinc>
    <other-alcohol>0.00000</other-alcohol>
    <other-cost>0.0</other-cost>
    <other-water>75.20000</other-water>
    <other-weight>100.00000</other-weight>
    <protein-complete>0.00000</protein-complete>
    <protein-total>2.73000</protein-total>
    <vitamins-choline>31.10000</vitamins-choline>
    <vitamins-folate>21.00000</vitamins-folate>
    <vitamins-niacin>1.29100</vitamins-niacin>
    <vitamins-pantothenic_acid>0.65800</vitamins-pantothenic_acid>
    <vitamins-riboflavin>0.18200</vitamins-riboflavin>
    <vitamins-thiamin>0.10400</vitamins-thiamin>
    <vitamins-vitamin_a>118.00000</vitamins-vitamin_a>
    <vitamins-vitamin_b12>0.39000</vitamins-vitamin_b12>
    <vitamins-vitamin_b6>0.07800</vitamins-vitamin_b6>
    <vitamins-vitamin_c>15.70000</vitamins-vitamin_c>
    <vitamins-vitamin_d>1.00000</vitamins-vitamin_d>
    <vitamins-vitamin_e>1.17000</vitamins-vitamin_e>
    <vitamins-vitamin_k>11.60000</vitamins-vitamin_k>
</food>