<food xmlns:xsi="http://www.w3.org/2001/XMLSchema-instance" xsi:noNamespaceSchemaLocation="https://xjrga.github.io/schemas/food_v2.xsd">
    <food-id>33862</food-id>
    <food-name>Infant Formula, MEAD JOHNSON, ENFAMIL, Premium, Newborn, powder</food-name>
    <carbohydrates-carbs_by_diff>57.00000</carbohydrates-carbs_by_diff>
    <carbohydrates-fiber>0.00000</carbohydrates-fiber>
    <carbohydrates-glycemicindex>0.00000</carbohydrates-glycemicindex>
    <energy-gross>514.00000</energy-gross>
    <fats-cholesterol>0.00000</fats-cholesterol>
    <fats-dha>0.00000</fats-dha>
    <fats-epa>0.00000</fats-epa>
    <fats-lauric>1.65000</fats-lauric>
    <fats-linoleic>3.17600</fats-linoleic>
    <fats-linolenic>0.30800</fats-linolenic>
    <fats-monounsaturated>6.96800</fats-monounsaturated>
    <fats-myristic>0.76000</fats-myristic>
    <fats-palmitic>4.03000</fats-palmitic>
    <fats-polyunsaturated>3.58600</fats-polyunsaturated>
    <fats-saturated>7.78700</fats-saturated>
    <fats-stearic>0.76000</fats-stearic>
    <fats-total>27.00000</fats-total>
    <minerals-calcium>400.00000</minerals-calcium>
    <minerals-copper>0.38000</minerals-copper>
    <minerals-iron>9.20000</minerals-iron>
    <minerals-magnesium>41.00000</minerals-magnesium>
    <minerals-manganese>77.00000</minerals-manganese>
    <minerals-phosphorus>220.00000</minerals-phosphorus>
    <minerals-potassium>550.00000</minerals-potassium>
    <minerals-selenium>14.40000</minerals-selenium>
    <minerals-sodium>138.00000</minerals-sodium>
    <minerals-zinc>5.10000</minerals-zinc>
    <other-alcohol>0.00000</other-alcohol>
    <other-cost>0.0</other-cost>
    <other-water>2.50000</other-water>
    <other-weight>100.00000</other-weight>
    <protein-complete>0.00000</protein-complete>
    <protein-total>10.80000</protein-total>
    <vitamins-choline>123.00000</vitamins-choline>
    <vitamins-folate>139.00000</vitamins-folate>
    <vitamins-niacin>5.10000</vitamins-niacin>
    <vitamins-pantothenic_acid>26.00000</vitamins-pantothenic_acid>
    <vitamins-riboflavin>0.72000</vitamins-riboflavin>
    <vitamins-thiamin>0.41000</vitamins-thiamin>
    <vitamins-vitamin_a>467.00000</vitamins-vitamin_a>
    <vitamins-vitamin_b12>1.54000</vitamins-vitamin_b12>
    <vitamins-vitamin_b6>0.31000</vitamins-vitamin_b6>
    <vitamins-vitamin_c>62.00000</vitamins-vitamin_c>
    <vitamins-vitamin_d>9.50000</vitamins-vitamin_d>
    <vitamins-vitamin_e>4.50000</vitamins-vitamin_e>
    <vitamins-vitamin_k>46.00000</vitamins-vitamin_k>
</food>