<food xmlns:xsi="http://www.w3.org/2001/XMLSchema-instance" xsi:noNamespaceSchemaLocation="https://xjrga.github.io/schemas/food_v2.xsd">
    <food-id>33875</food-id>
    <food-name>Infant formula, MEAD JOHNSON, ENFAMIL, Premature, 24 calories ready-to-feed Low iron</food-name>
    <carbohydrates-carbs_by_diff>7.19000</carbohydrates-carbs_by_diff>
    <carbohydrates-fiber>0.00000</carbohydrates-fiber>
    <carbohydrates-glycemicindex>0.00000</carbohydrates-glycemicindex>
    <energy-gross>67.00000</energy-gross>
    <fats-cholesterol>0.00000</fats-cholesterol>
    <fats-dha>0.01000</fats-dha>
    <fats-epa>0.00000</fats-epa>
    <fats-lauric>0.01000</fats-lauric>
    <fats-linoleic>1.05600</fats-linoleic>
    <fats-linolenic>0.08200</fats-linolenic>
    <fats-monounsaturated>0.85000</fats-monounsaturated>
    <fats-myristic>0.01000</fats-myristic>
    <fats-palmitic>0.15000</fats-palmitic>
    <fats-polyunsaturated>1.16900</fats-polyunsaturated>
    <fats-saturated>1.33900</fats-saturated>
    <fats-stearic>0.09000</fats-stearic>
    <fats-total>3.34000</fats-total>
    <minerals-calcium>108.00000</minerals-calcium>
    <minerals-copper>0.07900</minerals-copper>
    <minerals-iron>0.33000</minerals-iron>
    <minerals-magnesium>6.00000</minerals-magnesium>
    <minerals-manganese>0.00400</minerals-manganese>
    <minerals-phosphorus>54.00000</minerals-phosphorus>
    <minerals-potassium>64.00000</minerals-potassium>
    <minerals-selenium>1.80000</minerals-selenium>
    <minerals-sodium>38.00000</minerals-sodium>
    <minerals-zinc>0.98000</minerals-zinc>
    <other-alcohol>0.00000</other-alcohol>
    <other-cost>0.0</other-cost>
    <other-water>87.23000</other-water>
    <other-weight>100.00000</other-weight>
    <protein-complete>0.00000</protein-complete>
    <protein-total>1.97000</protein-total>
    <vitamins-choline>13.20000</vitamins-choline>
    <vitamins-folate>45.00000</vitamins-folate>
    <vitamins-niacin>2.62300</vitamins-niacin>
    <vitamins-pantothenic_acid>0.78700</vitamins-pantothenic_acid>
    <vitamins-riboflavin>0.19700</vitamins-riboflavin>
    <vitamins-thiamin>0.13100</vitamins-thiamin>
    <vitamins-vitamin_a>248.00000</vitamins-vitamin_a>
    <vitamins-vitamin_b12>0.16000</vitamins-vitamin_b12>
    <vitamins-vitamin_b6>0.09800</vitamins-vitamin_b6>
    <vitamins-vitamin_c>13.10000</vitamins-vitamin_c>
    <vitamins-vitamin_d>3.90000</vitamins-vitamin_d>
    <vitamins-vitamin_e>1.86000</vitamins-vitamin_e>
    <vitamins-vitamin_k>5.20000</vitamins-vitamin_k>
</food>