<food xmlns:xsi="http://www.w3.org/2001/XMLSchema-instance" xsi:noNamespaceSchemaLocation="https://xjrga.github.io/schemas/food_v2.xsd">
    <food-id>33873</food-id>
    <food-name>Infant formula, MEAD JOHNSON, ENFAMIL, NUTRAMIGEN, AA LIPIL, powder, not reconstituted</food-name>
    <carbohydrates-carbs_by_diff>51.00000</carbohydrates-carbs_by_diff>
    <carbohydrates-fiber>0.00000</carbohydrates-fiber>
    <carbohydrates-glycemicindex>0.00000</carbohydrates-glycemicindex>
    <energy-gross>500.00000</energy-gross>
    <fats-cholesterol>0.00000</fats-cholesterol>
    <fats-dha>0.07900</fats-dha>
    <fats-epa>0.00000</fats-epa>
    <fats-lauric>2.36000</fats-lauric>
    <fats-linoleic>4.42700</fats-linoleic>
    <fats-linolenic>0.42300</fats-linolenic>
    <fats-monounsaturated>9.47500</fats-monounsaturated>
    <fats-myristic>1.05000</fats-myristic>
    <fats-palmitic>5.60000</fats-palmitic>
    <fats-polyunsaturated>5.09600</fats-polyunsaturated>
    <fats-saturated>10.81300</fats-saturated>
    <fats-stearic>1.05000</fats-stearic>
    <fats-total>26.00000</fats-total>
    <minerals-calcium>470.00000</minerals-calcium>
    <minerals-copper>0.37000</minerals-copper>
    <minerals-iron>9.00000</minerals-iron>
    <minerals-magnesium>55.00000</minerals-magnesium>
    <minerals-manganese>0.30000</minerals-manganese>
    <minerals-phosphorus>260.00000</minerals-phosphorus>
    <minerals-potassium>550.00000</minerals-potassium>
    <minerals-selenium>13.90000</minerals-selenium>
    <minerals-sodium>230.00000</minerals-sodium>
    <minerals-zinc>5.00000</minerals-zinc>
    <other-alcohol>0.00000</other-alcohol>
    <other-cost>0.0</other-cost>
    <other-water>4.00000</other-water>
    <other-weight>100.00000</other-weight>
    <protein-complete>0.00000</protein-complete>
    <protein-total>14.00000</protein-total>
    <vitamins-choline>119.00000</vitamins-choline>
    <vitamins-folate>136.00000</vitamins-folate>
    <vitamins-niacin>5.00000</vitamins-niacin>
    <vitamins-pantothenic_acid>2.50000</vitamins-pantothenic_acid>
    <vitamins-riboflavin>0.45000</vitamins-riboflavin>
    <vitamins-thiamin>0.40000</vitamins-thiamin>
    <vitamins-vitamin_a>451.00000</vitamins-vitamin_a>
    <vitamins-vitamin_b12>1.49000</vitamins-vitamin_b12>
    <vitamins-vitamin_b6>0.30000</vitamins-vitamin_b6>
    <vitamins-vitamin_c>60.00000</vitamins-vitamin_c>
    <vitamins-vitamin_d>6.30000</vitamins-vitamin_d>
    <vitamins-vitamin_e>4.46000</vitamins-vitamin_e>
    <vitamins-vitamin_k>40.00000</vitamins-vitamin_k>
</food>