<food xmlns:xsi="http://www.w3.org/2001/XMLSchema-instance" xsi:noNamespaceSchemaLocation="https://xjrga.github.io/schemas/food_v2.xsd">
    <food-id>33876</food-id>
    <food-name>Infant Formula, MEAD JOHNSON, ENFAMIL, Premium, Infant, ready-to-feed</food-name>
    <carbohydrates-carbs_by_diff>7.39000</carbohydrates-carbs_by_diff>
    <carbohydrates-fiber>0.00000</carbohydrates-fiber>
    <carbohydrates-glycemicindex>0.00000</carbohydrates-glycemicindex>
    <energy-gross>66.00000</energy-gross>
    <fats-cholesterol>0.00000</fats-cholesterol>
    <fats-dha>0.00700</fats-dha>
    <fats-epa>0.00000</fats-epa>
    <fats-lauric>0.21000</fats-lauric>
    <fats-linoleic>0.41900</fats-linoleic>
    <fats-linolenic>0.04100</fats-linolenic>
    <fats-monounsaturated>0.91900</fats-monounsaturated>
    <fats-myristic>0.10000</fats-myristic>
    <fats-palmitic>0.53000</fats-palmitic>
    <fats-polyunsaturated>0.48000</fats-polyunsaturated>
    <fats-saturated>1.02700</fats-saturated>
    <fats-stearic>0.10000</fats-stearic>
    <fats-total>3.48000</fats-total>
    <minerals-calcium>51.00000</minerals-calcium>
    <minerals-copper>0.04900</minerals-copper>
    <minerals-iron>1.18000</minerals-iron>
    <minerals-magnesium>5.00000</minerals-magnesium>
    <minerals-manganese>0.00900</minerals-manganese>
    <minerals-phosphorus>28.00000</minerals-phosphorus>
    <minerals-potassium>71.00000</minerals-potassium>
    <minerals-selenium>1.80000</minerals-selenium>
    <minerals-sodium>18.00000</minerals-sodium>
    <minerals-zinc>0.66000</minerals-zinc>
    <other-alcohol>0.00000</other-alcohol>
    <other-cost>0.0</other-cost>
    <other-water>87.78000</other-water>
    <other-weight>100.00000</other-weight>
    <protein-complete>0.00000</protein-complete>
    <protein-total>1.38000</protein-total>
    <vitamins-choline>15.80000</vitamins-choline>
    <vitamins-folate>18.00000</vitamins-folate>
    <vitamins-niacin>0.65700</vitamins-niacin>
    <vitamins-pantothenic_acid>0.32800</vitamins-pantothenic_acid>
    <vitamins-riboflavin>0.09200</vitamins-riboflavin>
    <vitamins-thiamin>0.05300</vitamins-thiamin>
    <vitamins-vitamin_a>60.00000</vitamins-vitamin_a>
    <vitamins-vitamin_b12>0.20000</vitamins-vitamin_b12>
    <vitamins-vitamin_b6>0.03900</vitamins-vitamin_b6>
    <vitamins-vitamin_c>7.90000</vitamins-vitamin_c>
    <vitamins-vitamin_d>1.20000</vitamins-vitamin_d>
    <vitamins-vitamin_e>0.63000</vitamins-vitamin_e>
    <vitamins-vitamin_k>5.90000</vitamins-vitamin_k>
</food>