<food xmlns:xsi="http://www.w3.org/2001/XMLSchema-instance" xsi:noNamespaceSchemaLocation="https://xjrga.github.io/schemas/food_v2.xsd">
    <food-id>35057</food-id>
    <food-name>Oil, bearded seal (Oogruk) (Alaska Native)</food-name>
    <carbohydrates-carbs_by_diff>0.00000</carbohydrates-carbs_by_diff>
    <carbohydrates-fiber>0.00000</carbohydrates-fiber>
    <carbohydrates-glycemicindex>0.00000</carbohydrates-glycemicindex>
    <energy-gross>899.00000</energy-gross>
    <fats-cholesterol>52.00000</fats-cholesterol>
    <fats-dha>12.37700</fats-dha>
    <fats-epa>9.71000</fats-epa>
    <fats-lauric>0.08000</fats-lauric>
    <fats-linoleic>0.87300</fats-linoleic>
    <fats-linolenic>0.85500</fats-linolenic>
    <fats-monounsaturated>47.08000</fats-monounsaturated>
    <fats-myristic>2.52000</fats-myristic>
    <fats-palmitic>6.90000</fats-palmitic>
    <fats-polyunsaturated>33.00100</fats-polyunsaturated>
    <fats-saturated>10.92600</fats-saturated>
    <fats-stearic>0.94000</fats-stearic>
    <fats-total>99.60000</fats-total>
    <minerals-calcium>0.00000</minerals-calcium>
    <minerals-copper>0.00000</minerals-copper>
    <minerals-iron>0.00000</minerals-iron>
    <minerals-magnesium>0.00000</minerals-magnesium>
    <minerals-manganese>0.00000</minerals-manganese>
    <minerals-phosphorus>0.00000</minerals-phosphorus>
    <minerals-potassium>0.00000</minerals-potassium>
    <minerals-selenium>3.30000</minerals-selenium>
    <minerals-sodium>0.00000</minerals-sodium>
    <minerals-zinc>0.00000</minerals-zinc>
    <other-alcohol>0.00000</other-alcohol>
    <other-cost>0.0</other-cost>
    <other-water>0.02000</other-water>
    <other-weight>100.00000</other-weight>
    <protein-complete>0.00000</protein-complete>
    <protein-total>0.56000</protein-total>
    <vitamins-choline>0.10000</vitamins-choline>
    <vitamins-folate>0.00000</vitamins-folate>
    <vitamins-niacin>0.00000</vitamins-niacin>
    <vitamins-pantothenic_acid>0.00000</vitamins-pantothenic_acid>
    <vitamins-riboflavin>0.00000</vitamins-riboflavin>
    <vitamins-thiamin>0.01100</vitamins-thiamin>
    <vitamins-vitamin_a>10.00000</vitamins-vitamin_a>
    <vitamins-vitamin_b12>0.00000</vitamins-vitamin_b12>
    <vitamins-vitamin_b6>0.00000</vitamins-vitamin_b6>
    <vitamins-vitamin_c>0.00000</vitamins-vitamin_c>
    <vitamins-vitamin_d>0.70000</vitamins-vitamin_d>
    <vitamins-vitamin_e>10.28000</vitamins-vitamin_e>
    <vitamins-vitamin_k>0.00000</vitamins-vitamin_k>
</food>