<food xmlns:xsi="http://www.w3.org/2001/XMLSchema-instance" xsi:noNamespaceSchemaLocation="https://xjrga.github.io/schemas/food_v2.xsd">
    <food-id>35003</food-id>
    <food-name>Agutuk, meat-caribou (Alaskan ice cream) (Alaska Native)</food-name>
    <carbohydrates-carbs_by_diff>0.90000</carbohydrates-carbs_by_diff>
    <carbohydrates-fiber>0.00000</carbohydrates-fiber>
    <carbohydrates-glycemicindex>0.00000</carbohydrates-glycemicindex>
    <energy-gross>258.00000</energy-gross>
    <fats-cholesterol>89.00000</fats-cholesterol>
    <fats-dha>0.00000</fats-dha>
    <fats-epa>0.00000</fats-epa>
    <fats-lauric>0.00000</fats-lauric>
    <fats-linoleic>0.51000</fats-linoleic>
    <fats-linolenic>0.31000</fats-linolenic>
    <fats-monounsaturated>8.70000</fats-monounsaturated>
    <fats-myristic>0.00000</fats-myristic>
    <fats-palmitic>0.00000</fats-palmitic>
    <fats-polyunsaturated>3.60000</fats-polyunsaturated>
    <fats-saturated>5.10000</fats-saturated>
    <fats-stearic>0.00000</fats-stearic>
    <fats-total>18.60000</fats-total>
    <minerals-calcium>16.00000</minerals-calcium>
    <minerals-copper>0.19000</minerals-copper>
    <minerals-iron>4.55000</minerals-iron>
    <minerals-magnesium>20.00000</minerals-magnesium>
    <minerals-manganese>0.06000</minerals-manganese>
    <minerals-phosphorus>170.00000</minerals-phosphorus>
    <minerals-potassium>228.00000</minerals-potassium>
    <minerals-selenium>0.00000</minerals-selenium>
    <minerals-sodium>95.00000</minerals-sodium>
    <minerals-zinc>3.83000</minerals-zinc>
    <other-alcohol>0.00000</other-alcohol>
    <other-cost>0.0</other-cost>
    <other-water>55.20000</other-water>
    <other-weight>100.00000</other-weight>
    <protein-complete>0.00000</protein-complete>
    <protein-total>21.70000</protein-total>
    <vitamins-choline>0.00000</vitamins-choline>
    <vitamins-folate>0.00000</vitamins-folate>
    <vitamins-niacin>4.26000</vitamins-niacin>
    <vitamins-pantothenic_acid>1.95000</vitamins-pantothenic_acid>
    <vitamins-riboflavin>0.66000</vitamins-riboflavin>
    <vitamins-thiamin>0.18000</vitamins-thiamin>
    <vitamins-vitamin_a>0.00000</vitamins-vitamin_a>
    <vitamins-vitamin_b12>4.83000</vitamins-vitamin_b12>
    <vitamins-vitamin_b6>0.23000</vitamins-vitamin_b6>
    <vitamins-vitamin_c>2.20000</vitamins-vitamin_c>
    <vitamins-vitamin_d>0.00000</vitamins-vitamin_d>
    <vitamins-vitamin_e>0.00000</vitamins-vitamin_e>
    <vitamins-vitamin_k>0.00000</vitamins-vitamin_k>
</food>