<food xmlns:xsi="http://www.w3.org/2001/XMLSchema-instance" xsi:noNamespaceSchemaLocation="https://xjrga.github.io/schemas/food_v2.xsd">
    <food-id>35148</food-id>
    <food-name>Stew, steamed corn (Navajo)</food-name>
    <carbohydrates-carbs_by_diff>10.80000</carbohydrates-carbs_by_diff>
    <carbohydrates-fiber>2.30000</carbohydrates-fiber>
    <carbohydrates-glycemicindex>0.00000</carbohydrates-glycemicindex>
    <energy-gross>112.00000</energy-gross>
    <fats-cholesterol>0.00000</fats-cholesterol>
    <fats-dha>0.00000</fats-dha>
    <fats-epa>0.00000</fats-epa>
    <fats-lauric>0.00000</fats-lauric>
    <fats-linoleic>0.27200</fats-linoleic>
    <fats-linolenic>0.05200</fats-linolenic>
    <fats-monounsaturated>1.49700</fats-monounsaturated>
    <fats-myristic>0.08000</fats-myristic>
    <fats-palmitic>0.83000</fats-palmitic>
    <fats-polyunsaturated>0.39200</fats-polyunsaturated>
    <fats-saturated>1.60300</fats-saturated>
    <fats-stearic>0.60000</fats-stearic>
    <fats-total>3.75000</fats-total>
    <minerals-calcium>22.00000</minerals-calcium>
    <minerals-copper>0.07500</minerals-copper>
    <minerals-iron>1.10000</minerals-iron>
    <minerals-magnesium>24.00000</minerals-magnesium>
    <minerals-manganese>0.10200</minerals-manganese>
    <minerals-phosphorus>107.00000</minerals-phosphorus>
    <minerals-potassium>177.00000</minerals-potassium>
    <minerals-selenium>5.00000</minerals-selenium>
    <minerals-sodium>104.00000</minerals-sodium>
    <minerals-zinc>1.55000</minerals-zinc>
    <other-alcohol>0.00000</other-alcohol>
    <other-cost>0.0</other-cost>
    <other-water>76.03000</other-water>
    <other-weight>100.00000</other-weight>
    <protein-complete>0.00000</protein-complete>
    <protein-total>8.82000</protein-total>
    <vitamins-choline>0.00000</vitamins-choline>
    <vitamins-folate>0.00000</vitamins-folate>
    <vitamins-niacin>3.02000</vitamins-niacin>
    <vitamins-pantothenic_acid>0.40000</vitamins-pantothenic_acid>
    <vitamins-riboflavin>0.11000</vitamins-riboflavin>
    <vitamins-thiamin>0.03000</vitamins-thiamin>
    <vitamins-vitamin_a>0.00000</vitamins-vitamin_a>
    <vitamins-vitamin_b12>0.00000</vitamins-vitamin_b12>
    <vitamins-vitamin_b6>0.12000</vitamins-vitamin_b6>
    <vitamins-vitamin_c>0.00000</vitamins-vitamin_c>
    <vitamins-vitamin_d>0.00000</vitamins-vitamin_d>
    <vitamins-vitamin_e>0.00000</vitamins-vitamin_e>
    <vitamins-vitamin_k>0.70000</vitamins-vitamin_k>
</food>