<food xmlns:xsi="http://www.w3.org/2001/XMLSchema-instance" xsi:noNamespaceSchemaLocation="https://xjrga.github.io/schemas/food_v2.xsd">
    <food-id>35174</food-id>
    <food-name>Buffalo, free range, top round steak, raw (Shoshone Bannock)</food-name>
    <carbohydrates-carbs_by_diff>0.00000</carbohydrates-carbs_by_diff>
    <carbohydrates-fiber>0.00000</carbohydrates-fiber>
    <carbohydrates-glycemicindex>0.00000</carbohydrates-glycemicindex>
    <energy-gross>97.00000</energy-gross>
    <fats-cholesterol>0.00000</fats-cholesterol>
    <fats-dha>0.00000</fats-dha>
    <fats-epa>0.00000</fats-epa>
    <fats-lauric>0.00100</fats-lauric>
    <fats-linoleic>0.06800</fats-linoleic>
    <fats-linolenic>0.01600</fats-linolenic>
    <fats-monounsaturated>0.42500</fats-monounsaturated>
    <fats-myristic>0.01000</fats-myristic>
    <fats-palmitic>0.18000</fats-palmitic>
    <fats-polyunsaturated>0.09800</fats-polyunsaturated>
    <fats-saturated>0.41800</fats-saturated>
    <fats-stearic>0.19000</fats-stearic>
    <fats-total>1.30000</fats-total>
    <minerals-calcium>3.00000</minerals-calcium>
    <minerals-copper>0.11700</minerals-copper>
    <minerals-iron>2.61000</minerals-iron>
    <minerals-magnesium>22.00000</minerals-magnesium>
    <minerals-manganese>0.01100</minerals-manganese>
    <minerals-phosphorus>200.00000</minerals-phosphorus>
    <minerals-potassium>355.00000</minerals-potassium>
    <minerals-selenium>7.00000</minerals-selenium>
    <minerals-sodium>43.00000</minerals-sodium>
    <minerals-zinc>3.00000</minerals-zinc>
    <other-alcohol>0.00000</other-alcohol>
    <other-cost>0.0</other-cost>
    <other-water>75.96000</other-water>
    <other-weight>100.00000</other-weight>
    <protein-complete>0.00000</protein-complete>
    <protein-total>21.44000</protein-total>
    <vitamins-choline>0.00000</vitamins-choline>
    <vitamins-folate>0.00000</vitamins-folate>
    <vitamins-niacin>6.92000</vitamins-niacin>
    <vitamins-pantothenic_acid>0.76000</vitamins-pantothenic_acid>
    <vitamins-riboflavin>0.32500</vitamins-riboflavin>
    <vitamins-thiamin>0.15300</vitamins-thiamin>
    <vitamins-vitamin_a>0.00000</vitamins-vitamin_a>
    <vitamins-vitamin_b12>1.15000</vitamins-vitamin_b12>
    <vitamins-vitamin_b6>0.78000</vitamins-vitamin_b6>
    <vitamins-vitamin_c>0.00000</vitamins-vitamin_c>
    <vitamins-vitamin_d>0.00000</vitamins-vitamin_d>
    <vitamins-vitamin_e>0.00000</vitamins-vitamin_e>
    <vitamins-vitamin_k>0.00000</vitamins-vitamin_k>
</food>