<food xmlns:xsi="http://www.w3.org/2001/XMLSchema-instance" xsi:noNamespaceSchemaLocation="https://xjrga.github.io/schemas/food_v2.xsd">
    <food-id>35156</food-id>
    <food-name>Oil, spotted seal (Alaska Native)</food-name>
    <carbohydrates-carbs_by_diff>0.00000</carbohydrates-carbs_by_diff>
    <carbohydrates-fiber>0.00000</carbohydrates-fiber>
    <carbohydrates-glycemicindex>0.00000</carbohydrates-glycemicindex>
    <energy-gross>894.00000</energy-gross>
    <fats-cholesterol>0.00000</fats-cholesterol>
    <fats-dha>6.52000</fats-dha>
    <fats-epa>3.93000</fats-epa>
    <fats-lauric>0.10000</fats-lauric>
    <fats-linoleic>0.95000</fats-linoleic>
    <fats-linolenic>0.79000</fats-linolenic>
    <fats-monounsaturated>54.52000</fats-monounsaturated>
    <fats-myristic>4.88000</fats-myristic>
    <fats-palmitic>8.81000</fats-palmitic>
    <fats-polyunsaturated>18.06000</fats-polyunsaturated>
    <fats-saturated>14.74000</fats-saturated>
    <fats-stearic>0.67000</fats-stearic>
    <fats-total>99.32000</fats-total>
    <minerals-calcium>0.00000</minerals-calcium>
    <minerals-copper>0.00000</minerals-copper>
    <minerals-iron>0.00000</minerals-iron>
    <minerals-magnesium>0.00000</minerals-magnesium>
    <minerals-manganese>0.00000</minerals-manganese>
    <minerals-phosphorus>0.00000</minerals-phosphorus>
    <minerals-potassium>0.00000</minerals-potassium>
    <minerals-selenium>2.20000</minerals-selenium>
    <minerals-sodium>0.00000</minerals-sodium>
    <minerals-zinc>0.00000</minerals-zinc>
    <other-alcohol>0.00000</other-alcohol>
    <other-cost>0.0</other-cost>
    <other-water>0.25000</other-water>
    <other-weight>100.00000</other-weight>
    <protein-complete>0.00000</protein-complete>
    <protein-total>0.00000</protein-total>
    <vitamins-choline>0.00000</vitamins-choline>
    <vitamins-folate>0.00000</vitamins-folate>
    <vitamins-niacin>0.00000</vitamins-niacin>
    <vitamins-pantothenic_acid>0.00000</vitamins-pantothenic_acid>
    <vitamins-riboflavin>0.00000</vitamins-riboflavin>
    <vitamins-thiamin>0.00000</vitamins-thiamin>
    <vitamins-vitamin_a>1044.00000</vitamins-vitamin_a>
    <vitamins-vitamin_b12>0.00000</vitamins-vitamin_b12>
    <vitamins-vitamin_b6>0.00000</vitamins-vitamin_b6>
    <vitamins-vitamin_c>0.00000</vitamins-vitamin_c>
    <vitamins-vitamin_d>0.70000</vitamins-vitamin_d>
    <vitamins-vitamin_e>6.28000</vitamins-vitamin_e>
    <vitamins-vitamin_k>0.00000</vitamins-vitamin_k>
</food>