<food xmlns:xsi="http://www.w3.org/2001/XMLSchema-instance" xsi:noNamespaceSchemaLocation="https://xjrga.github.io/schemas/food_v2.xsd">
    <food-id>35186</food-id>
    <food-name>Corned beef and potatoes in tortilla (Apache)</food-name>
    <carbohydrates-carbs_by_diff>29.35000</carbohydrates-carbs_by_diff>
    <carbohydrates-fiber>1.50000</carbohydrates-fiber>
    <carbohydrates-glycemicindex>0.00000</carbohydrates-glycemicindex>
    <energy-gross>224.00000</energy-gross>
    <fats-cholesterol>11.00000</fats-cholesterol>
    <fats-dha>0.00000</fats-dha>
    <fats-epa>0.00000</fats-epa>
    <fats-lauric>0.00000</fats-lauric>
    <fats-linoleic>0.78100</fats-linoleic>
    <fats-linolenic>0.07000</fats-linolenic>
    <fats-monounsaturated>3.34500</fats-monounsaturated>
    <fats-myristic>0.17000</fats-myristic>
    <fats-palmitic>1.80000</fats-palmitic>
    <fats-polyunsaturated>0.86400</fats-polyunsaturated>
    <fats-saturated>3.36600</fats-saturated>
    <fats-stearic>1.27000</fats-stearic>
    <fats-total>8.31000</fats-total>
    <minerals-calcium>27.00000</minerals-calcium>
    <minerals-copper>0.06600</minerals-copper>
    <minerals-iron>1.80000</minerals-iron>
    <minerals-magnesium>22.00000</minerals-magnesium>
    <minerals-manganese>0.31000</minerals-manganese>
    <minerals-phosphorus>82.00000</minerals-phosphorus>
    <minerals-potassium>275.00000</minerals-potassium>
    <minerals-selenium>11.30000</minerals-selenium>
    <minerals-sodium>511.00000</minerals-sodium>
    <minerals-zinc>0.88000</minerals-zinc>
    <other-alcohol>0.00000</other-alcohol>
    <other-cost>0.0</other-cost>
    <other-water>52.51000</other-water>
    <other-weight>100.00000</other-weight>
    <protein-complete>0.00000</protein-complete>
    <protein-total>7.91000</protein-total>
    <vitamins-choline>0.00000</vitamins-choline>
    <vitamins-folate>0.00000</vitamins-folate>
    <vitamins-niacin>2.54500</vitamins-niacin>
    <vitamins-pantothenic_acid>0.00000</vitamins-pantothenic_acid>
    <vitamins-riboflavin>0.13500</vitamins-riboflavin>
    <vitamins-thiamin>0.27700</vitamins-thiamin>
    <vitamins-vitamin_a>0.00000</vitamins-vitamin_a>
    <vitamins-vitamin_b12>0.23000</vitamins-vitamin_b12>
    <vitamins-vitamin_b6>0.21400</vitamins-vitamin_b6>
    <vitamins-vitamin_c>0.00000</vitamins-vitamin_c>
    <vitamins-vitamin_d>0.00000</vitamins-vitamin_d>
    <vitamins-vitamin_e>0.20000</vitamins-vitamin_e>
    <vitamins-vitamin_k>3.10000</vitamins-vitamin_k>
</food>