<food xmlns:xsi="http://www.w3.org/2001/XMLSchema-instance" xsi:noNamespaceSchemaLocation="https://xjrga.github.io/schemas/food_v2.xsd">
    <food-id>35150</food-id>
    <food-name>Fish, salmon, coho (silver), raw (Alaska Native)</food-name>
    <carbohydrates-carbs_by_diff>0.00000</carbohydrates-carbs_by_diff>
    <carbohydrates-fiber>0.00000</carbohydrates-fiber>
    <carbohydrates-glycemicindex>0.00000</carbohydrates-glycemicindex>
    <energy-gross>140.00000</energy-gross>
    <fats-cholesterol>58.00000</fats-cholesterol>
    <fats-dha>1.38500</fats-dha>
    <fats-epa>0.49100</fats-epa>
    <fats-lauric>0.00000</fats-lauric>
    <fats-linoleic>0.08900</fats-linoleic>
    <fats-linolenic>0.08900</fats-linolenic>
    <fats-monounsaturated>1.79000</fats-monounsaturated>
    <fats-myristic>0.15000</fats-myristic>
    <fats-palmitic>0.60000</fats-palmitic>
    <fats-polyunsaturated>2.41000</fats-polyunsaturated>
    <fats-saturated>0.90400</fats-saturated>
    <fats-stearic>0.10000</fats-stearic>
    <fats-total>5.57000</fats-total>
    <minerals-calcium>5.00000</minerals-calcium>
    <minerals-copper>0.05100</minerals-copper>
    <minerals-iron>0.55000</minerals-iron>
    <minerals-magnesium>28.00000</minerals-magnesium>
    <minerals-manganese>0.00000</minerals-manganese>
    <minerals-phosphorus>240.00000</minerals-phosphorus>
    <minerals-potassium>380.00000</minerals-potassium>
    <minerals-selenium>27.60000</minerals-selenium>
    <minerals-sodium>58.00000</minerals-sodium>
    <minerals-zinc>0.41000</minerals-zinc>
    <other-alcohol>0.00000</other-alcohol>
    <other-cost>0.0</other-cost>
    <other-water>69.38000</other-water>
    <other-weight>100.00000</other-weight>
    <protein-complete>0.00000</protein-complete>
    <protein-total>22.56000</protein-total>
    <vitamins-choline>0.00000</vitamins-choline>
    <vitamins-folate>13.00000</vitamins-folate>
    <vitamins-niacin>7.93000</vitamins-niacin>
    <vitamins-pantothenic_acid>1.23000</vitamins-pantothenic_acid>
    <vitamins-riboflavin>0.18900</vitamins-riboflavin>
    <vitamins-thiamin>0.15200</vitamins-thiamin>
    <vitamins-vitamin_a>30.00000</vitamins-vitamin_a>
    <vitamins-vitamin_b12>8.52000</vitamins-vitamin_b12>
    <vitamins-vitamin_b6>0.22500</vitamins-vitamin_b6>
    <vitamins-vitamin_c>0.00000</vitamins-vitamin_c>
    <vitamins-vitamin_d>0.00000</vitamins-vitamin_d>
    <vitamins-vitamin_e>0.81000</vitamins-vitamin_e>
    <vitamins-vitamin_k>0.20000</vitamins-vitamin_k>
</food>