<food xmlns:xsi="http://www.w3.org/2001/XMLSchema-instance" xsi:noNamespaceSchemaLocation="https://xjrga.github.io/schemas/food_v2.xsd">
    <food-id>35162</food-id>
    <food-name>Caribou, hind quarter meat, raw (Alaska Native)</food-name>
    <carbohydrates-carbs_by_diff>0.00000</carbohydrates-carbs_by_diff>
    <carbohydrates-fiber>0.00000</carbohydrates-fiber>
    <carbohydrates-glycemicindex>0.00000</carbohydrates-glycemicindex>
    <energy-gross>122.00000</energy-gross>
    <fats-cholesterol>81.00000</fats-cholesterol>
    <fats-dha>0.02000</fats-dha>
    <fats-epa>0.03000</fats-epa>
    <fats-lauric>0.00000</fats-lauric>
    <fats-linoleic>0.26000</fats-linoleic>
    <fats-linolenic>0.10000</fats-linolenic>
    <fats-monounsaturated>0.94000</fats-monounsaturated>
    <fats-myristic>0.03000</fats-myristic>
    <fats-palmitic>0.61000</fats-palmitic>
    <fats-polyunsaturated>0.56000</fats-polyunsaturated>
    <fats-saturated>1.27000</fats-saturated>
    <fats-stearic>0.59000</fats-stearic>
    <fats-total>3.37000</fats-total>
    <minerals-calcium>5.00000</minerals-calcium>
    <minerals-copper>0.27000</minerals-copper>
    <minerals-iron>4.10000</minerals-iron>
    <minerals-magnesium>26.00000</minerals-magnesium>
    <minerals-manganese>0.03700</minerals-manganese>
    <minerals-phosphorus>230.00000</minerals-phosphorus>
    <minerals-potassium>320.00000</minerals-potassium>
    <minerals-selenium>12.50000</minerals-selenium>
    <minerals-sodium>52.00000</minerals-sodium>
    <minerals-zinc>2.10000</minerals-zinc>
    <other-alcohol>0.00000</other-alcohol>
    <other-cost>0.0</other-cost>
    <other-water>72.60000</other-water>
    <other-weight>100.00000</other-weight>
    <protein-complete>0.00000</protein-complete>
    <protein-total>22.63000</protein-total>
    <vitamins-choline>0.00000</vitamins-choline>
    <vitamins-folate>4.00000</vitamins-folate>
    <vitamins-niacin>7.15000</vitamins-niacin>
    <vitamins-pantothenic_acid>2.09000</vitamins-pantothenic_acid>
    <vitamins-riboflavin>0.96200</vitamins-riboflavin>
    <vitamins-thiamin>0.44200</vitamins-thiamin>
    <vitamins-vitamin_a>94.00000</vitamins-vitamin_a>
    <vitamins-vitamin_b12>7.05000</vitamins-vitamin_b12>
    <vitamins-vitamin_b6>0.35100</vitamins-vitamin_b6>
    <vitamins-vitamin_c>0.00000</vitamins-vitamin_c>
    <vitamins-vitamin_d>0.00000</vitamins-vitamin_d>
    <vitamins-vitamin_e>0.69000</vitamins-vitamin_e>
    <vitamins-vitamin_k>1.40000</vitamins-vitamin_k>
</food>