<food xmlns:xsi="http://www.w3.org/2001/XMLSchema-instance" xsi:noNamespaceSchemaLocation="https://xjrga.github.io/schemas/food_v2.xsd">
    <food-id>35177</food-id>
    <food-name>Elk, free range, roast, eye of round, raw (Shoshone Bannock)</food-name>
    <carbohydrates-carbs_by_diff>0.00000</carbohydrates-carbs_by_diff>
    <carbohydrates-fiber>0.00000</carbohydrates-fiber>
    <carbohydrates-glycemicindex>0.00000</carbohydrates-glycemicindex>
    <energy-gross>98.00000</energy-gross>
    <fats-cholesterol>0.00000</fats-cholesterol>
    <fats-dha>0.00000</fats-dha>
    <fats-epa>0.00000</fats-epa>
    <fats-lauric>0.00200</fats-lauric>
    <fats-linoleic>0.08200</fats-linoleic>
    <fats-linolenic>0.02100</fats-linolenic>
    <fats-monounsaturated>0.89700</fats-monounsaturated>
    <fats-myristic>0.07000</fats-myristic>
    <fats-palmitic>0.58000</fats-palmitic>
    <fats-polyunsaturated>0.12200</fats-polyunsaturated>
    <fats-saturated>0.82800</fats-saturated>
    <fats-stearic>0.14000</fats-stearic>
    <fats-total>2.10000</fats-total>
    <minerals-calcium>4.00000</minerals-calcium>
    <minerals-copper>0.14400</minerals-copper>
    <minerals-iron>2.27000</minerals-iron>
    <minerals-magnesium>24.00000</minerals-magnesium>
    <minerals-manganese>0.01100</minerals-manganese>
    <minerals-phosphorus>215.00000</minerals-phosphorus>
    <minerals-potassium>367.00000</minerals-potassium>
    <minerals-selenium>15.80000</minerals-selenium>
    <minerals-sodium>43.00000</minerals-sodium>
    <minerals-zinc>4.16000</minerals-zinc>
    <other-alcohol>0.00000</other-alcohol>
    <other-cost>0.0</other-cost>
    <other-water>76.54000</other-water>
    <other-weight>100.00000</other-weight>
    <protein-complete>0.00000</protein-complete>
    <protein-total>19.74000</protein-total>
    <vitamins-choline>0.00000</vitamins-choline>
    <vitamins-folate>0.00000</vitamins-folate>
    <vitamins-niacin>6.63000</vitamins-niacin>
    <vitamins-pantothenic_acid>0.63000</vitamins-pantothenic_acid>
    <vitamins-riboflavin>0.27000</vitamins-riboflavin>
    <vitamins-thiamin>0.15900</vitamins-thiamin>
    <vitamins-vitamin_a>0.00000</vitamins-vitamin_a>
    <vitamins-vitamin_b12>1.77000</vitamins-vitamin_b12>
    <vitamins-vitamin_b6>0.89300</vitamins-vitamin_b6>
    <vitamins-vitamin_c>0.00000</vitamins-vitamin_c>
    <vitamins-vitamin_d>0.00000</vitamins-vitamin_d>
    <vitamins-vitamin_e>0.00000</vitamins-vitamin_e>
    <vitamins-vitamin_k>0.00000</vitamins-vitamin_k>
</food>