<food xmlns:xsi="http://www.w3.org/2001/XMLSchema-instance" xsi:noNamespaceSchemaLocation="https://xjrga.github.io/schemas/food_v2.xsd">
    <food-id>35173</food-id>
    <food-name>Elk, free range, ground, raw (Shoshone Bannock)</food-name>
    <carbohydrates-carbs_by_diff>0.00000</carbohydrates-carbs_by_diff>
    <carbohydrates-fiber>0.00000</carbohydrates-fiber>
    <carbohydrates-glycemicindex>0.00000</carbohydrates-glycemicindex>
    <energy-gross>97.00000</energy-gross>
    <fats-cholesterol>0.00000</fats-cholesterol>
    <fats-dha>0.00000</fats-dha>
    <fats-epa>0.00000</fats-epa>
    <fats-lauric>0.00200</fats-lauric>
    <fats-linoleic>0.08600</fats-linoleic>
    <fats-linolenic>0.02400</fats-linolenic>
    <fats-monounsaturated>0.57400</fats-monounsaturated>
    <fats-myristic>0.05000</fats-myristic>
    <fats-palmitic>0.44000</fats-palmitic>
    <fats-polyunsaturated>0.13000</fats-polyunsaturated>
    <fats-saturated>0.70600</fats-saturated>
    <fats-stearic>0.18000</fats-stearic>
    <fats-total>1.80000</fats-total>
    <minerals-calcium>4.00000</minerals-calcium>
    <minerals-copper>0.15900</minerals-copper>
    <minerals-iron>7.17000</minerals-iron>
    <minerals-magnesium>22.00000</minerals-magnesium>
    <minerals-manganese>0.03800</minerals-manganese>
    <minerals-phosphorus>196.00000</minerals-phosphorus>
    <minerals-potassium>328.00000</minerals-potassium>
    <minerals-selenium>14.30000</minerals-selenium>
    <minerals-sodium>49.00000</minerals-sodium>
    <minerals-zinc>5.82000</minerals-zinc>
    <other-alcohol>0.00000</other-alcohol>
    <other-cost>0.0</other-cost>
    <other-water>75.68000</other-water>
    <other-weight>100.00000</other-weight>
    <protein-complete>0.00000</protein-complete>
    <protein-total>20.14000</protein-total>
    <vitamins-choline>0.00000</vitamins-choline>
    <vitamins-folate>0.00000</vitamins-folate>
    <vitamins-niacin>5.97000</vitamins-niacin>
    <vitamins-pantothenic_acid>0.84000</vitamins-pantothenic_acid>
    <vitamins-riboflavin>0.30900</vitamins-riboflavin>
    <vitamins-thiamin>0.18000</vitamins-thiamin>
    <vitamins-vitamin_a>0.00000</vitamins-vitamin_a>
    <vitamins-vitamin_b12>3.45000</vitamins-vitamin_b12>
    <vitamins-vitamin_b6>0.63000</vitamins-vitamin_b6>
    <vitamins-vitamin_c>0.00000</vitamins-vitamin_c>
    <vitamins-vitamin_d>0.00000</vitamins-vitamin_d>
    <vitamins-vitamin_e>0.00000</vitamins-vitamin_e>
    <vitamins-vitamin_k>0.00000</vitamins-vitamin_k>
</food>