<food xmlns:xsi="http://www.w3.org/2001/XMLSchema-instance" xsi:noNamespaceSchemaLocation="https://xjrga.github.io/schemas/food_v2.xsd">
    <food-id>35172</food-id>
    <food-name>Elk, free range, ground, cooked patties (Shoshone Bannock)</food-name>
    <carbohydrates-carbs_by_diff>0.00000</carbohydrates-carbs_by_diff>
    <carbohydrates-fiber>0.00000</carbohydrates-fiber>
    <carbohydrates-glycemicindex>0.00000</carbohydrates-glycemicindex>
    <energy-gross>143.00000</energy-gross>
    <fats-cholesterol>70.00000</fats-cholesterol>
    <fats-dha>0.00000</fats-dha>
    <fats-epa>0.00000</fats-epa>
    <fats-lauric>0.00300</fats-lauric>
    <fats-linoleic>0.15100</fats-linoleic>
    <fats-linolenic>0.04800</fats-linolenic>
    <fats-monounsaturated>0.95200</fats-monounsaturated>
    <fats-myristic>0.09000</fats-myristic>
    <fats-palmitic>0.71000</fats-palmitic>
    <fats-polyunsaturated>0.23900</fats-polyunsaturated>
    <fats-saturated>1.13800</fats-saturated>
    <fats-stearic>0.29000</fats-stearic>
    <fats-total>2.80000</fats-total>
    <minerals-calcium>5.00000</minerals-calcium>
    <minerals-copper>0.20400</minerals-copper>
    <minerals-iron>9.06000</minerals-iron>
    <minerals-magnesium>26.00000</minerals-magnesium>
    <minerals-manganese>0.04300</minerals-manganese>
    <minerals-phosphorus>236.00000</minerals-phosphorus>
    <minerals-potassium>379.00000</minerals-potassium>
    <minerals-selenium>23.50000</minerals-selenium>
    <minerals-sodium>56.00000</minerals-sodium>
    <minerals-zinc>7.79000</minerals-zinc>
    <other-alcohol>0.00000</other-alcohol>
    <other-cost>0.0</other-cost>
    <other-water>67.78000</other-water>
    <other-weight>100.00000</other-weight>
    <protein-complete>0.00000</protein-complete>
    <protein-total>29.45000</protein-total>
    <vitamins-choline>0.00000</vitamins-choline>
    <vitamins-folate>1.00000</vitamins-folate>
    <vitamins-niacin>7.85000</vitamins-niacin>
    <vitamins-pantothenic_acid>1.03000</vitamins-pantothenic_acid>
    <vitamins-riboflavin>0.49700</vitamins-riboflavin>
    <vitamins-thiamin>0.17500</vitamins-thiamin>
    <vitamins-vitamin_a>0.00000</vitamins-vitamin_a>
    <vitamins-vitamin_b12>4.25000</vitamins-vitamin_b12>
    <vitamins-vitamin_b6>0.78200</vitamins-vitamin_b6>
    <vitamins-vitamin_c>0.00000</vitamins-vitamin_c>
    <vitamins-vitamin_d>0.00000</vitamins-vitamin_d>
    <vitamins-vitamin_e>0.79000</vitamins-vitamin_e>
    <vitamins-vitamin_k>0.00000</vitamins-vitamin_k>
</food>