<food xmlns:xsi="http://www.w3.org/2001/XMLSchema-instance" xsi:noNamespaceSchemaLocation="https://xjrga.github.io/schemas/food_v2.xsd">
    <food-id>35157</food-id>
    <food-name>Fish, salmon, red, canned, bones removed (Alaska Native)</food-name>
    <carbohydrates-carbs_by_diff>0.00000</carbohydrates-carbs_by_diff>
    <carbohydrates-fiber>0.00000</carbohydrates-fiber>
    <carbohydrates-glycemicindex>0.00000</carbohydrates-glycemicindex>
    <energy-gross>161.00000</energy-gross>
    <fats-cholesterol>69.00000</fats-cholesterol>
    <fats-dha>0.75000</fats-dha>
    <fats-epa>0.33000</fats-epa>
    <fats-lauric>0.00000</fats-lauric>
    <fats-linoleic>0.08000</fats-linoleic>
    <fats-linolenic>0.08000</fats-linolenic>
    <fats-monounsaturated>2.29000</fats-monounsaturated>
    <fats-myristic>0.17000</fats-myristic>
    <fats-palmitic>0.59000</fats-palmitic>
    <fats-polyunsaturated>1.61000</fats-polyunsaturated>
    <fats-saturated>0.92000</fats-saturated>
    <fats-stearic>0.11000</fats-stearic>
    <fats-total>5.76000</fats-total>
    <minerals-calcium>28.00000</minerals-calcium>
    <minerals-copper>0.14800</minerals-copper>
    <minerals-iron>1.90000</minerals-iron>
    <minerals-magnesium>32.00000</minerals-magnesium>
    <minerals-manganese>0.03700</minerals-manganese>
    <minerals-phosphorus>260.00000</minerals-phosphorus>
    <minerals-potassium>370.00000</minerals-potassium>
    <minerals-selenium>40.30000</minerals-selenium>
    <minerals-sodium>390.00000</minerals-sodium>
    <minerals-zinc>0.66000</minerals-zinc>
    <other-alcohol>0.00000</other-alcohol>
    <other-cost>0.0</other-cost>
    <other-water>65.82000</other-water>
    <other-weight>100.00000</other-weight>
    <protein-complete>0.00000</protein-complete>
    <protein-total>27.31000</protein-total>
    <vitamins-choline>82.00000</vitamins-choline>
    <vitamins-folate>7.00000</vitamins-folate>
    <vitamins-niacin>10.10000</vitamins-niacin>
    <vitamins-pantothenic_acid>0.72500</vitamins-pantothenic_acid>
    <vitamins-riboflavin>0.20600</vitamins-riboflavin>
    <vitamins-thiamin>0.01500</vitamins-thiamin>
    <vitamins-vitamin_a>65.00000</vitamins-vitamin_a>
    <vitamins-vitamin_b12>4.91000</vitamins-vitamin_b12>
    <vitamins-vitamin_b6>0.10300</vitamins-vitamin_b6>
    <vitamins-vitamin_c>0.00000</vitamins-vitamin_c>
    <vitamins-vitamin_d>0.00000</vitamins-vitamin_d>
    <vitamins-vitamin_e>0.61000</vitamins-vitamin_e>
    <vitamins-vitamin_k>0.00000</vitamins-vitamin_k>
</food>