<food xmlns:xsi="http://www.w3.org/2001/XMLSchema-instance" xsi:noNamespaceSchemaLocation="https://xjrga.github.io/schemas/food_v2.xsd">
    <food-id>35181</food-id>
    <food-name>Steelhead trout, boiled, canned (Alaska Native)</food-name>
    <carbohydrates-carbs_by_diff>0.00000</carbohydrates-carbs_by_diff>
    <carbohydrates-fiber>0.00000</carbohydrates-fiber>
    <carbohydrates-glycemicindex>0.00000</carbohydrates-glycemicindex>
    <energy-gross>159.00000</energy-gross>
    <fats-cholesterol>59.00000</fats-cholesterol>
    <fats-dha>0.54000</fats-dha>
    <fats-epa>0.37600</fats-epa>
    <fats-lauric>0.00000</fats-lauric>
    <fats-linoleic>0.07700</fats-linoleic>
    <fats-linolenic>0.05100</fats-linolenic>
    <fats-monounsaturated>2.22300</fats-monounsaturated>
    <fats-myristic>0.35000</fats-myristic>
    <fats-palmitic>0.92000</fats-palmitic>
    <fats-polyunsaturated>1.22500</fats-polyunsaturated>
    <fats-saturated>1.53000</fats-saturated>
    <fats-stearic>0.20000</fats-stearic>
    <fats-total>8.26000</fats-total>
    <minerals-calcium>30.00000</minerals-calcium>
    <minerals-copper>0.05800</minerals-copper>
    <minerals-iron>0.64000</minerals-iron>
    <minerals-magnesium>25.00000</minerals-magnesium>
    <minerals-manganese>0.01100</minerals-manganese>
    <minerals-phosphorus>249.00000</minerals-phosphorus>
    <minerals-potassium>365.00000</minerals-potassium>
    <minerals-selenium>26.00000</minerals-selenium>
    <minerals-sodium>118.00000</minerals-sodium>
    <minerals-zinc>0.57000</minerals-zinc>
    <other-alcohol>0.00000</other-alcohol>
    <other-cost>0.0</other-cost>
    <other-water>70.59000</other-water>
    <other-weight>100.00000</other-weight>
    <protein-complete>0.00000</protein-complete>
    <protein-total>21.11000</protein-total>
    <vitamins-choline>0.00000</vitamins-choline>
    <vitamins-folate>0.00000</vitamins-folate>
    <vitamins-niacin>0.00000</vitamins-niacin>
    <vitamins-pantothenic_acid>0.00000</vitamins-pantothenic_acid>
    <vitamins-riboflavin>0.00000</vitamins-riboflavin>
    <vitamins-thiamin>0.00000</vitamins-thiamin>
    <vitamins-vitamin_a>20.00000</vitamins-vitamin_a>
    <vitamins-vitamin_b12>5.79000</vitamins-vitamin_b12>
    <vitamins-vitamin_b6>0.00000</vitamins-vitamin_b6>
    <vitamins-vitamin_c>0.00000</vitamins-vitamin_c>
    <vitamins-vitamin_d>15.10000</vitamins-vitamin_d>
    <vitamins-vitamin_e>2.15000</vitamins-vitamin_e>
    <vitamins-vitamin_k>0.00000</vitamins-vitamin_k>
</food>