<food xmlns:xsi="http://www.w3.org/2001/XMLSchema-instance" xsi:noNamespaceSchemaLocation="https://xjrga.github.io/schemas/food_v2.xsd">
    <food-id>35142</food-id>
    <food-name>Frybread, made with lard (Navajo)</food-name>
    <carbohydrates-carbs_by_diff>48.26000</carbohydrates-carbs_by_diff>
    <carbohydrates-fiber>0.00000</carbohydrates-fiber>
    <carbohydrates-glycemicindex>0.00000</carbohydrates-glycemicindex>
    <energy-gross>330.00000</energy-gross>
    <fats-cholesterol>7.00000</fats-cholesterol>
    <fats-dha>0.00000</fats-dha>
    <fats-epa>0.00000</fats-epa>
    <fats-lauric>0.00400</fats-lauric>
    <fats-linoleic>0.97800</fats-linoleic>
    <fats-linolenic>0.00400</fats-linolenic>
    <fats-monounsaturated>4.41100</fats-monounsaturated>
    <fats-myristic>0.23000</fats-myristic>
    <fats-palmitic>2.54000</fats-palmitic>
    <fats-polyunsaturated>1.05500</fats-polyunsaturated>
    <fats-saturated>4.62100</fats-saturated>
    <fats-stearic>1.67000</fats-stearic>
    <fats-total>12.22000</fats-total>
    <minerals-calcium>57.00000</minerals-calcium>
    <minerals-copper>0.09100</minerals-copper>
    <minerals-iron>4.04000</minerals-iron>
    <minerals-magnesium>18.00000</minerals-magnesium>
    <minerals-manganese>0.29700</minerals-manganese>
    <minerals-phosphorus>123.00000</minerals-phosphorus>
    <minerals-potassium>77.00000</minerals-potassium>
    <minerals-selenium>18.60000</minerals-selenium>
    <minerals-sodium>329.00000</minerals-sodium>
    <minerals-zinc>0.35000</minerals-zinc>
    <other-alcohol>0.00000</other-alcohol>
    <other-cost>0.0</other-cost>
    <other-water>31.57000</other-water>
    <other-weight>100.00000</other-weight>
    <protein-complete>0.00000</protein-complete>
    <protein-total>6.69000</protein-total>
    <vitamins-choline>0.00000</vitamins-choline>
    <vitamins-folate>196.00000</vitamins-folate>
    <vitamins-niacin>4.60300</vitamins-niacin>
    <vitamins-pantothenic_acid>0.16400</vitamins-pantothenic_acid>
    <vitamins-riboflavin>0.21700</vitamins-riboflavin>
    <vitamins-thiamin>0.43000</vitamins-thiamin>
    <vitamins-vitamin_a>0.00000</vitamins-vitamin_a>
    <vitamins-vitamin_b12>0.00000</vitamins-vitamin_b12>
    <vitamins-vitamin_b6>0.03800</vitamins-vitamin_b6>
    <vitamins-vitamin_c>0.00000</vitamins-vitamin_c>
    <vitamins-vitamin_d>0.00000</vitamins-vitamin_d>
    <vitamins-vitamin_e>0.00000</vitamins-vitamin_e>
    <vitamins-vitamin_k>0.80000</vitamins-vitamin_k>
</food>