<food xmlns:xsi="http://www.w3.org/2001/XMLSchema-instance" xsi:noNamespaceSchemaLocation="https://xjrga.github.io/schemas/food_v2.xsd">
    <food-id>35134</food-id>
    <food-name>Corn, dried (Navajo)</food-name>
    <carbohydrates-carbs_by_diff>74.93000</carbohydrates-carbs_by_diff>
    <carbohydrates-fiber>0.00000</carbohydrates-fiber>
    <carbohydrates-glycemicindex>0.00000</carbohydrates-glycemicindex>
    <energy-gross>386.00000</energy-gross>
    <fats-cholesterol>0.00000</fats-cholesterol>
    <fats-dha>0.00000</fats-dha>
    <fats-epa>0.00000</fats-epa>
    <fats-lauric>0.00000</fats-lauric>
    <fats-linoleic>1.83100</fats-linoleic>
    <fats-linolenic>0.06900</fats-linolenic>
    <fats-monounsaturated>1.48300</fats-monounsaturated>
    <fats-myristic>0.00000</fats-myristic>
    <fats-palmitic>0.65000</fats-palmitic>
    <fats-polyunsaturated>1.90000</fats-polyunsaturated>
    <fats-saturated>0.82000</fats-saturated>
    <fats-stearic>0.12000</fats-stearic>
    <fats-total>5.22000</fats-total>
    <minerals-calcium>15.00000</minerals-calcium>
    <minerals-copper>0.19500</minerals-copper>
    <minerals-iron>1.92000</minerals-iron>
    <minerals-magnesium>124.00000</minerals-magnesium>
    <minerals-manganese>0.84800</minerals-manganese>
    <minerals-phosphorus>337.00000</minerals-phosphorus>
    <minerals-potassium>511.00000</minerals-potassium>
    <minerals-selenium>0.00000</minerals-selenium>
    <minerals-sodium>13.00000</minerals-sodium>
    <minerals-zinc>3.05000</minerals-zinc>
    <other-alcohol>0.00000</other-alcohol>
    <other-cost>0.0</other-cost>
    <other-water>8.10000</other-water>
    <other-weight>100.00000</other-weight>
    <protein-complete>0.00000</protein-complete>
    <protein-total>9.88000</protein-total>
    <vitamins-choline>0.00000</vitamins-choline>
    <vitamins-folate>0.00000</vitamins-folate>
    <vitamins-niacin>3.30000</vitamins-niacin>
    <vitamins-pantothenic_acid>0.38000</vitamins-pantothenic_acid>
    <vitamins-riboflavin>0.06800</vitamins-riboflavin>
    <vitamins-thiamin>0.20000</vitamins-thiamin>
    <vitamins-vitamin_a>0.00000</vitamins-vitamin_a>
    <vitamins-vitamin_b12>0.00000</vitamins-vitamin_b12>
    <vitamins-vitamin_b6>0.37200</vitamins-vitamin_b6>
    <vitamins-vitamin_c>0.00000</vitamins-vitamin_c>
    <vitamins-vitamin_d>0.00000</vitamins-vitamin_d>
    <vitamins-vitamin_e>0.00000</vitamins-vitamin_e>
    <vitamins-vitamin_k>0.90000</vitamins-vitamin_k>
</food>