<food xmlns:xsi="http://www.w3.org/2001/XMLSchema-instance" xsi:noNamespaceSchemaLocation="https://xjrga.github.io/schemas/food_v2.xsd">
    <food-id>35155</food-id>
    <food-name>Blueberries, wild, raw (Alaska Native)</food-name>
    <carbohydrates-carbs_by_diff>12.31000</carbohydrates-carbs_by_diff>
    <carbohydrates-fiber>2.60000</carbohydrates-fiber>
    <carbohydrates-glycemicindex>0.00000</carbohydrates-glycemicindex>
    <energy-gross>61.00000</energy-gross>
    <fats-cholesterol>0.00000</fats-cholesterol>
    <fats-dha>0.00000</fats-dha>
    <fats-epa>0.00000</fats-epa>
    <fats-lauric>0.00000</fats-lauric>
    <fats-linoleic>0.00000</fats-linoleic>
    <fats-linolenic>0.00000</fats-linolenic>
    <fats-monounsaturated>0.00000</fats-monounsaturated>
    <fats-myristic>0.00000</fats-myristic>
    <fats-palmitic>0.00000</fats-palmitic>
    <fats-polyunsaturated>0.00000</fats-polyunsaturated>
    <fats-saturated>0.00000</fats-saturated>
    <fats-stearic>0.00000</fats-stearic>
    <fats-total>0.76000</fats-total>
    <minerals-calcium>13.00000</minerals-calcium>
    <minerals-copper>0.03000</minerals-copper>
    <minerals-iron>0.37000</minerals-iron>
    <minerals-magnesium>7.00000</minerals-magnesium>
    <minerals-manganese>2.00000</minerals-manganese>
    <minerals-phosphorus>29.00000</minerals-phosphorus>
    <minerals-potassium>75.00000</minerals-potassium>
    <minerals-selenium>0.00000</minerals-selenium>
    <minerals-sodium>6.00000</minerals-sodium>
    <minerals-zinc>0.20000</minerals-zinc>
    <other-alcohol>0.00000</other-alcohol>
    <other-cost>0.0</other-cost>
    <other-water>85.48000</other-water>
    <other-weight>100.00000</other-weight>
    <protein-complete>0.00000</protein-complete>
    <protein-total>1.22000</protein-total>
    <vitamins-choline>0.00000</vitamins-choline>
    <vitamins-folate>33.00000</vitamins-folate>
    <vitamins-niacin>0.59700</vitamins-niacin>
    <vitamins-pantothenic_acid>0.26500</vitamins-pantothenic_acid>
    <vitamins-riboflavin>0.41400</vitamins-riboflavin>
    <vitamins-thiamin>0.06700</vitamins-thiamin>
    <vitamins-vitamin_a>6.00000</vitamins-vitamin_a>
    <vitamins-vitamin_b12>0.00000</vitamins-vitamin_b12>
    <vitamins-vitamin_b6>0.02600</vitamins-vitamin_b6>
    <vitamins-vitamin_c>18.30000</vitamins-vitamin_c>
    <vitamins-vitamin_d>0.00000</vitamins-vitamin_d>
    <vitamins-vitamin_e>1.69000</vitamins-vitamin_e>
    <vitamins-vitamin_k>17.20000</vitamins-vitamin_k>
</food>