<food xmlns:xsi="http://www.w3.org/2001/XMLSchema-instance" xsi:noNamespaceSchemaLocation="https://xjrga.github.io/schemas/food_v2.xsd">
    <food-id>35137</food-id>
    <food-name>Cornmeal, yellow (Navajo)</food-name>
    <carbohydrates-carbs_by_diff>72.90000</carbohydrates-carbs_by_diff>
    <carbohydrates-fiber>9.40000</carbohydrates-fiber>
    <carbohydrates-glycemicindex>0.00000</carbohydrates-glycemicindex>
    <energy-gross>384.00000</energy-gross>
    <fats-cholesterol>0.00000</fats-cholesterol>
    <fats-dha>0.00000</fats-dha>
    <fats-epa>0.00000</fats-epa>
    <fats-lauric>0.00000</fats-lauric>
    <fats-linoleic>2.29200</fats-linoleic>
    <fats-linolenic>0.06000</fats-linolenic>
    <fats-monounsaturated>2.14300</fats-monounsaturated>
    <fats-myristic>0.00000</fats-myristic>
    <fats-palmitic>0.77000</fats-palmitic>
    <fats-polyunsaturated>2.35200</fats-polyunsaturated>
    <fats-saturated>1.04300</fats-saturated>
    <fats-stearic>0.21000</fats-stearic>
    <fats-total>5.88000</fats-total>
    <minerals-calcium>6.00000</minerals-calcium>
    <minerals-copper>0.24200</minerals-copper>
    <minerals-iron>2.99000</minerals-iron>
    <minerals-magnesium>107.00000</minerals-magnesium>
    <minerals-manganese>0.64100</minerals-manganese>
    <minerals-phosphorus>225.00000</minerals-phosphorus>
    <minerals-potassium>322.00000</minerals-potassium>
    <minerals-selenium>6.00000</minerals-selenium>
    <minerals-sodium>4.00000</minerals-sodium>
    <minerals-zinc>3.10000</minerals-zinc>
    <other-alcohol>0.00000</other-alcohol>
    <other-cost>0.0</other-cost>
    <other-water>10.15000</other-water>
    <other-weight>100.00000</other-weight>
    <protein-complete>0.00000</protein-complete>
    <protein-total>9.85000</protein-total>
    <vitamins-choline>0.00000</vitamins-choline>
    <vitamins-folate>34.00000</vitamins-folate>
    <vitamins-niacin>2.47000</vitamins-niacin>
    <vitamins-pantothenic_acid>0.59500</vitamins-pantothenic_acid>
    <vitamins-riboflavin>0.09300</vitamins-riboflavin>
    <vitamins-thiamin>0.30000</vitamins-thiamin>
    <vitamins-vitamin_a>0.00000</vitamins-vitamin_a>
    <vitamins-vitamin_b12>0.00000</vitamins-vitamin_b12>
    <vitamins-vitamin_b6>0.59000</vitamins-vitamin_b6>
    <vitamins-vitamin_c>0.00000</vitamins-vitamin_c>
    <vitamins-vitamin_d>0.00000</vitamins-vitamin_d>
    <vitamins-vitamin_e>0.37000</vitamins-vitamin_e>
    <vitamins-vitamin_k>0.20000</vitamins-vitamin_k>
</food>