<food xmlns:xsi="http://www.w3.org/2001/XMLSchema-instance" xsi:noNamespaceSchemaLocation="https://xjrga.github.io/schemas/food_v2.xsd">
    <food-id>35194</food-id>
    <food-name>Agave, dried (Southwest)</food-name>
    <carbohydrates-carbs_by_diff>81.98000</carbohydrates-carbs_by_diff>
    <carbohydrates-fiber>15.60000</carbohydrates-fiber>
    <carbohydrates-glycemicindex>0.00000</carbohydrates-glycemicindex>
    <energy-gross>341.00000</energy-gross>
    <fats-cholesterol>0.00000</fats-cholesterol>
    <fats-dha>0.00000</fats-dha>
    <fats-epa>0.00000</fats-epa>
    <fats-lauric>0.00000</fats-lauric>
    <fats-linoleic>0.00000</fats-linoleic>
    <fats-linolenic>0.00000</fats-linolenic>
    <fats-monounsaturated>0.00000</fats-monounsaturated>
    <fats-myristic>0.00000</fats-myristic>
    <fats-palmitic>0.00000</fats-palmitic>
    <fats-polyunsaturated>0.00000</fats-polyunsaturated>
    <fats-saturated>0.00000</fats-saturated>
    <fats-stearic>0.00000</fats-stearic>
    <fats-total>0.69000</fats-total>
    <minerals-calcium>770.00000</minerals-calcium>
    <minerals-copper>0.18900</minerals-copper>
    <minerals-iron>3.64000</minerals-iron>
    <minerals-magnesium>207.00000</minerals-magnesium>
    <minerals-manganese>0.33700</minerals-manganese>
    <minerals-phosphorus>37.00000</minerals-phosphorus>
    <minerals-potassium>767.00000</minerals-potassium>
    <minerals-selenium>0.60000</minerals-selenium>
    <minerals-sodium>14.00000</minerals-sodium>
    <minerals-zinc>12.10000</minerals-zinc>
    <other-alcohol>0.00000</other-alcohol>
    <other-cost>0.0</other-cost>
    <other-water>11.64000</other-water>
    <other-weight>100.00000</other-weight>
    <protein-complete>0.00000</protein-complete>
    <protein-total>1.71000</protein-total>
    <vitamins-choline>0.00000</vitamins-choline>
    <vitamins-folate>7.00000</vitamins-folate>
    <vitamins-niacin>0.87000</vitamins-niacin>
    <vitamins-pantothenic_acid>0.15000</vitamins-pantothenic_acid>
    <vitamins-riboflavin>0.64400</vitamins-riboflavin>
    <vitamins-thiamin>0.02100</vitamins-thiamin>
    <vitamins-vitamin_a>1.00000</vitamins-vitamin_a>
    <vitamins-vitamin_b12>0.00000</vitamins-vitamin_b12>
    <vitamins-vitamin_b6>0.21600</vitamins-vitamin_b6>
    <vitamins-vitamin_c>0.30000</vitamins-vitamin_c>
    <vitamins-vitamin_d>0.00000</vitamins-vitamin_d>
    <vitamins-vitamin_e>0.76000</vitamins-vitamin_e>
    <vitamins-vitamin_k>0.50000</vitamins-vitamin_k>
</food>