<food xmlns:xsi="http://www.w3.org/2001/XMLSchema-instance" xsi:noNamespaceSchemaLocation="https://xjrga.github.io/schemas/food_v2.xsd">
    <food-id>35158</food-id>
    <food-name>Fish, whitefish, eggs (Alaska Native)</food-name>
    <carbohydrates-carbs_by_diff>4.89000</carbohydrates-carbs_by_diff>
    <carbohydrates-fiber>0.00000</carbohydrates-fiber>
    <carbohydrates-glycemicindex>0.00000</carbohydrates-glycemicindex>
    <energy-gross>104.00000</energy-gross>
    <fats-cholesterol>439.00000</fats-cholesterol>
    <fats-dha>0.33000</fats-dha>
    <fats-epa>0.22500</fats-epa>
    <fats-lauric>0.00000</fats-lauric>
    <fats-linoleic>0.07300</fats-linoleic>
    <fats-linolenic>0.07300</fats-linolenic>
    <fats-monounsaturated>1.04600</fats-monounsaturated>
    <fats-myristic>0.04000</fats-myristic>
    <fats-palmitic>0.36000</fats-palmitic>
    <fats-polyunsaturated>1.07300</fats-polyunsaturated>
    <fats-saturated>0.49600</fats-saturated>
    <fats-stearic>0.06000</fats-stearic>
    <fats-total>2.88000</fats-total>
    <minerals-calcium>46.00000</minerals-calcium>
    <minerals-copper>0.22000</minerals-copper>
    <minerals-iron>5.95000</minerals-iron>
    <minerals-magnesium>30.00000</minerals-magnesium>
    <minerals-manganese>0.22000</minerals-manganese>
    <minerals-phosphorus>306.00000</minerals-phosphorus>
    <minerals-potassium>190.00000</minerals-potassium>
    <minerals-selenium>92.80000</minerals-selenium>
    <minerals-sodium>160.00000</minerals-sodium>
    <minerals-zinc>2.10000</minerals-zinc>
    <other-alcohol>0.00000</other-alcohol>
    <other-cost>0.0</other-cost>
    <other-water>76.24000</other-water>
    <other-weight>100.00000</other-weight>
    <protein-complete>0.00000</protein-complete>
    <protein-total>14.66000</protein-total>
    <vitamins-choline>247.50000</vitamins-choline>
    <vitamins-folate>53.00000</vitamins-folate>
    <vitamins-niacin>0.95600</vitamins-niacin>
    <vitamins-pantothenic_acid>1.06000</vitamins-pantothenic_acid>
    <vitamins-riboflavin>0.40300</vitamins-riboflavin>
    <vitamins-thiamin>0.08800</vitamins-thiamin>
    <vitamins-vitamin_a>91.00000</vitamins-vitamin_a>
    <vitamins-vitamin_b12>56.40000</vitamins-vitamin_b12>
    <vitamins-vitamin_b6>0.15900</vitamins-vitamin_b6>
    <vitamins-vitamin_c>12.00000</vitamins-vitamin_c>
    <vitamins-vitamin_d>0.00000</vitamins-vitamin_d>
    <vitamins-vitamin_e>2.68000</vitamins-vitamin_e>
    <vitamins-vitamin_k>0.60000</vitamins-vitamin_k>
</food>