<food xmlns:xsi="http://www.w3.org/2001/XMLSchema-instance" xsi:noNamespaceSchemaLocation="https://xjrga.github.io/schemas/food_v2.xsd">
    <food-id>35167</food-id>
    <food-name>Fish, salmon, red, (sockeye), kippered (Alaska Native)</food-name>
    <carbohydrates-carbs_by_diff>0.00000</carbohydrates-carbs_by_diff>
    <carbohydrates-fiber>0.00000</carbohydrates-fiber>
    <carbohydrates-glycemicindex>0.00000</carbohydrates-glycemicindex>
    <energy-gross>141.00000</energy-gross>
    <fats-cholesterol>68.00000</fats-cholesterol>
    <fats-dha>0.54000</fats-dha>
    <fats-epa>0.26000</fats-epa>
    <fats-lauric>0.00000</fats-lauric>
    <fats-linoleic>0.06000</fats-linoleic>
    <fats-linolenic>0.06000</fats-linolenic>
    <fats-monounsaturated>1.83000</fats-monounsaturated>
    <fats-myristic>0.12000</fats-myristic>
    <fats-palmitic>0.57000</fats-palmitic>
    <fats-polyunsaturated>1.13000</fats-polyunsaturated>
    <fats-saturated>0.80000</fats-saturated>
    <fats-stearic>0.09000</fats-stearic>
    <fats-total>4.75000</fats-total>
    <minerals-calcium>54.00000</minerals-calcium>
    <minerals-copper>0.14800</minerals-copper>
    <minerals-iron>0.49000</minerals-iron>
    <minerals-magnesium>31.00000</minerals-magnesium>
    <minerals-manganese>0.03700</minerals-manganese>
    <minerals-phosphorus>280.00000</minerals-phosphorus>
    <minerals-potassium>400.00000</minerals-potassium>
    <minerals-selenium>33.50000</minerals-selenium>
    <minerals-sodium>460.00000</minerals-sodium>
    <minerals-zinc>0.75000</minerals-zinc>
    <other-alcohol>0.00000</other-alcohol>
    <other-cost>0.0</other-cost>
    <other-water>69.41000</other-water>
    <other-weight>100.00000</other-weight>
    <protein-complete>0.00000</protein-complete>
    <protein-total>24.50000</protein-total>
    <vitamins-choline>88.20000</vitamins-choline>
    <vitamins-folate>6.00000</vitamins-folate>
    <vitamins-niacin>8.52000</vitamins-niacin>
    <vitamins-pantothenic_acid>0.91700</vitamins-pantothenic_acid>
    <vitamins-riboflavin>0.23000</vitamins-riboflavin>
    <vitamins-thiamin>0.09400</vitamins-thiamin>
    <vitamins-vitamin_a>15.00000</vitamins-vitamin_a>
    <vitamins-vitamin_b12>4.98000</vitamins-vitamin_b12>
    <vitamins-vitamin_b6>0.28700</vitamins-vitamin_b6>
    <vitamins-vitamin_c>0.00000</vitamins-vitamin_c>
    <vitamins-vitamin_d>2.00000</vitamins-vitamin_d>
    <vitamins-vitamin_e>0.44000</vitamins-vitamin_e>
    <vitamins-vitamin_k>0.00000</vitamins-vitamin_k>
</food>