<food xmlns:xsi="http://www.w3.org/2001/XMLSchema-instance" xsi:noNamespaceSchemaLocation="https://xjrga.github.io/schemas/food_v2.xsd">
    <food-id>35227</food-id>
    <food-name>Sea lion, Steller, kidney (Alaska Native)</food-name>
    <carbohydrates-carbs_by_diff>1.40000</carbohydrates-carbs_by_diff>
    <carbohydrates-fiber>0.00000</carbohydrates-fiber>
    <carbohydrates-glycemicindex>0.00000</carbohydrates-glycemicindex>
    <energy-gross>93.00000</energy-gross>
    <fats-cholesterol>390.00000</fats-cholesterol>
    <fats-dha>0.00000</fats-dha>
    <fats-epa>0.00000</fats-epa>
    <fats-lauric>0.00000</fats-lauric>
    <fats-linoleic>0.00000</fats-linoleic>
    <fats-linolenic>0.00000</fats-linolenic>
    <fats-monounsaturated>0.30000</fats-monounsaturated>
    <fats-myristic>0.00000</fats-myristic>
    <fats-palmitic>0.00000</fats-palmitic>
    <fats-polyunsaturated>0.30000</fats-polyunsaturated>
    <fats-saturated>0.30000</fats-saturated>
    <fats-stearic>0.00000</fats-stearic>
    <fats-total>1.70000</fats-total>
    <minerals-calcium>9.00000</minerals-calcium>
    <minerals-copper>0.87500</minerals-copper>
    <minerals-iron>7.00000</minerals-iron>
    <minerals-magnesium>16.00000</minerals-magnesium>
    <minerals-manganese>0.13100</minerals-manganese>
    <minerals-phosphorus>301.00000</minerals-phosphorus>
    <minerals-potassium>253.00000</minerals-potassium>
    <minerals-selenium>274.00000</minerals-selenium>
    <minerals-sodium>231.00000</minerals-sodium>
    <minerals-zinc>2.90000</minerals-zinc>
    <other-alcohol>0.00000</other-alcohol>
    <other-cost>0.0</other-cost>
    <other-water>77.40000</other-water>
    <other-weight>100.00000</other-weight>
    <protein-complete>0.00000</protein-complete>
    <protein-total>18.10000</protein-total>
    <vitamins-choline>0.00000</vitamins-choline>
    <vitamins-folate>0.00000</vitamins-folate>
    <vitamins-niacin>0.00000</vitamins-niacin>
    <vitamins-pantothenic_acid>0.00000</vitamins-pantothenic_acid>
    <vitamins-riboflavin>0.00000</vitamins-riboflavin>
    <vitamins-thiamin>0.00000</vitamins-thiamin>
    <vitamins-vitamin_a>0.00000</vitamins-vitamin_a>
    <vitamins-vitamin_b12>0.00000</vitamins-vitamin_b12>
    <vitamins-vitamin_b6>0.00000</vitamins-vitamin_b6>
    <vitamins-vitamin_c>0.00000</vitamins-vitamin_c>
    <vitamins-vitamin_d>0.00000</vitamins-vitamin_d>
    <vitamins-vitamin_e>0.00000</vitamins-vitamin_e>
    <vitamins-vitamin_k>0.00000</vitamins-vitamin_k>
</food>