<food xmlns:xsi="http://www.w3.org/2001/XMLSchema-instance" xsi:noNamespaceSchemaLocation="https://xjrga.github.io/schemas/food_v2.xsd">
    <food-id>35211</food-id>
    <food-name>Caribou, hind quarter, meat, cooked (Alaska Native)</food-name>
    <carbohydrates-carbs_by_diff>0.00000</carbohydrates-carbs_by_diff>
    <carbohydrates-fiber>0.00000</carbohydrates-fiber>
    <carbohydrates-glycemicindex>0.00000</carbohydrates-glycemicindex>
    <energy-gross>159.00000</energy-gross>
    <fats-cholesterol>107.00000</fats-cholesterol>
    <fats-dha>0.01500</fats-dha>
    <fats-epa>0.03500</fats-epa>
    <fats-lauric>0.00000</fats-lauric>
    <fats-linoleic>0.34500</fats-linoleic>
    <fats-linolenic>0.13000</fats-linolenic>
    <fats-monounsaturated>1.49500</fats-monounsaturated>
    <fats-myristic>0.06000</fats-myristic>
    <fats-palmitic>0.95000</fats-palmitic>
    <fats-polyunsaturated>0.72500</fats-polyunsaturated>
    <fats-saturated>1.88000</fats-saturated>
    <fats-stearic>0.79000</fats-stearic>
    <fats-total>4.82000</fats-total>
    <minerals-calcium>5.00000</minerals-calcium>
    <minerals-copper>0.32500</minerals-copper>
    <minerals-iron>4.80000</minerals-iron>
    <minerals-magnesium>24.00000</minerals-magnesium>
    <minerals-manganese>0.04300</minerals-manganese>
    <minerals-phosphorus>215.00000</minerals-phosphorus>
    <minerals-potassium>245.00000</minerals-potassium>
    <minerals-selenium>16.50000</minerals-selenium>
    <minerals-sodium>45.00000</minerals-sodium>
    <minerals-zinc>4.30000</minerals-zinc>
    <other-alcohol>0.00000</other-alcohol>
    <other-cost>0.0</other-cost>
    <other-water>65.47000</other-water>
    <other-weight>100.00000</other-weight>
    <protein-complete>0.00000</protein-complete>
    <protein-total>28.81000</protein-total>
    <vitamins-choline>120.40000</vitamins-choline>
    <vitamins-folate>4.00000</vitamins-folate>
    <vitamins-niacin>5.89000</vitamins-niacin>
    <vitamins-pantothenic_acid>1.48700</vitamins-pantothenic_acid>
    <vitamins-riboflavin>0.81400</vitamins-riboflavin>
    <vitamins-thiamin>0.29100</vitamins-thiamin>
    <vitamins-vitamin_a>94.00000</vitamins-vitamin_a>
    <vitamins-vitamin_b12>6.47000</vitamins-vitamin_b12>
    <vitamins-vitamin_b6>0.37300</vitamins-vitamin_b6>
    <vitamins-vitamin_c>0.00000</vitamins-vitamin_c>
    <vitamins-vitamin_d>0.00000</vitamins-vitamin_d>
    <vitamins-vitamin_e>0.88000</vitamins-vitamin_e>
    <vitamins-vitamin_k>1.80000</vitamins-vitamin_k>
</food>