<food xmlns:xsi="http://www.w3.org/2001/XMLSchema-instance" xsi:noNamespaceSchemaLocation="https://xjrga.github.io/schemas/food_v2.xsd">
    <food-id>35235</food-id>
    <food-name>Wocas, tuber, cooked, Oregon, yellow pond lily (Klamath)</food-name>
    <carbohydrates-carbs_by_diff>7.06000</carbohydrates-carbs_by_diff>
    <carbohydrates-fiber>2.30000</carbohydrates-fiber>
    <carbohydrates-glycemicindex>0.00000</carbohydrates-glycemicindex>
    <energy-gross>34.00000</energy-gross>
    <fats-cholesterol>0.00000</fats-cholesterol>
    <fats-dha>0.00000</fats-dha>
    <fats-epa>0.00000</fats-epa>
    <fats-lauric>0.00000</fats-lauric>
    <fats-linoleic>0.04300</fats-linoleic>
    <fats-linolenic>0.00600</fats-linolenic>
    <fats-monounsaturated>0.01600</fats-monounsaturated>
    <fats-myristic>0.00000</fats-myristic>
    <fats-palmitic>0.02000</fats-palmitic>
    <fats-polyunsaturated>0.04900</fats-polyunsaturated>
    <fats-saturated>0.04100</fats-saturated>
    <fats-stearic>0.00700</fats-stearic>
    <fats-total>0.35000</fats-total>
    <minerals-calcium>23.00000</minerals-calcium>
    <minerals-copper>0.00400</minerals-copper>
    <minerals-iron>1.21000</minerals-iron>
    <minerals-magnesium>3.00000</minerals-magnesium>
    <minerals-manganese>0.95200</minerals-manganese>
    <minerals-phosphorus>13.00000</minerals-phosphorus>
    <minerals-potassium>187.00000</minerals-potassium>
    <minerals-selenium>0.00000</minerals-selenium>
    <minerals-sodium>10.00000</minerals-sodium>
    <minerals-zinc>0.30000</minerals-zinc>
    <other-alcohol>0.00000</other-alcohol>
    <other-cost>0.0</other-cost>
    <other-water>91.41000</other-water>
    <other-weight>100.00000</other-weight>
    <protein-complete>0.00000</protein-complete>
    <protein-total>0.69000</protein-total>
    <vitamins-choline>0.00000</vitamins-choline>
    <vitamins-folate>5.00000</vitamins-folate>
    <vitamins-niacin>0.29000</vitamins-niacin>
    <vitamins-pantothenic_acid>0.14000</vitamins-pantothenic_acid>
    <vitamins-riboflavin>0.01500</vitamins-riboflavin>
    <vitamins-thiamin>0.01500</vitamins-thiamin>
    <vitamins-vitamin_a>0.00000</vitamins-vitamin_a>
    <vitamins-vitamin_b12>0.00000</vitamins-vitamin_b12>
    <vitamins-vitamin_b6>0.06800</vitamins-vitamin_b6>
    <vitamins-vitamin_c>0.00000</vitamins-vitamin_c>
    <vitamins-vitamin_d>0.00000</vitamins-vitamin_d>
    <vitamins-vitamin_e>0.42000</vitamins-vitamin_e>
    <vitamins-vitamin_k>0.00000</vitamins-vitamin_k>
</food>