<food xmlns:xsi="http://www.w3.org/2001/XMLSchema-instance" xsi:noNamespaceSchemaLocation="https://xjrga.github.io/schemas/food_v2.xsd">
    <food-id>35200</food-id>
    <food-name>Prairie Turnips, raw (Northern Plains Indians)</food-name>
    <carbohydrates-carbs_by_diff>35.67000</carbohydrates-carbs_by_diff>
    <carbohydrates-fiber>8.00000</carbohydrates-fiber>
    <carbohydrates-glycemicindex>0.00000</carbohydrates-glycemicindex>
    <energy-gross>156.00000</energy-gross>
    <fats-cholesterol>0.00000</fats-cholesterol>
    <fats-dha>0.00000</fats-dha>
    <fats-epa>0.00000</fats-epa>
    <fats-lauric>0.00000</fats-lauric>
    <fats-linoleic>0.00000</fats-linoleic>
    <fats-linolenic>0.00000</fats-linolenic>
    <fats-monounsaturated>0.00000</fats-monounsaturated>
    <fats-myristic>0.00000</fats-myristic>
    <fats-palmitic>0.00000</fats-palmitic>
    <fats-polyunsaturated>0.00000</fats-polyunsaturated>
    <fats-saturated>0.00000</fats-saturated>
    <fats-stearic>0.00000</fats-stearic>
    <fats-total>0.36000</fats-total>
    <minerals-calcium>130.00000</minerals-calcium>
    <minerals-copper>0.05300</minerals-copper>
    <minerals-iron>1.27000</minerals-iron>
    <minerals-magnesium>63.00000</minerals-magnesium>
    <minerals-manganese>0.26600</minerals-manganese>
    <minerals-phosphorus>31.00000</minerals-phosphorus>
    <minerals-potassium>156.00000</minerals-potassium>
    <minerals-selenium>14.70000</minerals-selenium>
    <minerals-sodium>5.00000</minerals-sodium>
    <minerals-zinc>0.37000</minerals-zinc>
    <other-alcohol>0.00000</other-alcohol>
    <other-cost>0.0</other-cost>
    <other-water>60.69000</other-water>
    <other-weight>100.00000</other-weight>
    <protein-complete>0.00000</protein-complete>
    <protein-total>2.62000</protein-total>
    <vitamins-choline>4.80000</vitamins-choline>
    <vitamins-folate>0.00000</vitamins-folate>
    <vitamins-niacin>1.07100</vitamins-niacin>
    <vitamins-pantothenic_acid>0.00000</vitamins-pantothenic_acid>
    <vitamins-riboflavin>0.09000</vitamins-riboflavin>
    <vitamins-thiamin>0.17800</vitamins-thiamin>
    <vitamins-vitamin_a>0.00000</vitamins-vitamin_a>
    <vitamins-vitamin_b12>0.00000</vitamins-vitamin_b12>
    <vitamins-vitamin_b6>0.47000</vitamins-vitamin_b6>
    <vitamins-vitamin_c>5.50000</vitamins-vitamin_c>
    <vitamins-vitamin_d>0.00000</vitamins-vitamin_d>
    <vitamins-vitamin_e>0.00000</vitamins-vitamin_e>
    <vitamins-vitamin_k>0.00000</vitamins-vitamin_k>
</food>