<food xmlns:xsi="http://www.w3.org/2001/XMLSchema-instance" xsi:noNamespaceSchemaLocation="https://xjrga.github.io/schemas/food_v2.xsd">
    <food-id>35234</food-id>
    <food-name>Piki bread, made from blue cornmeal (Hopi)</food-name>
    <carbohydrates-carbs_by_diff>72.22000</carbohydrates-carbs_by_diff>
    <carbohydrates-fiber>9.20000</carbohydrates-fiber>
    <carbohydrates-glycemicindex>0.00000</carbohydrates-glycemicindex>
    <energy-gross>390.00000</energy-gross>
    <fats-cholesterol>0.00000</fats-cholesterol>
    <fats-dha>0.00200</fats-dha>
    <fats-epa>0.00000</fats-epa>
    <fats-lauric>0.00100</fats-lauric>
    <fats-linoleic>1.56800</fats-linoleic>
    <fats-linolenic>0.04500</fats-linolenic>
    <fats-monounsaturated>1.78300</fats-monounsaturated>
    <fats-myristic>0.00300</fats-myristic>
    <fats-palmitic>0.56000</fats-palmitic>
    <fats-polyunsaturated>1.62300</fats-polyunsaturated>
    <fats-saturated>0.81900</fats-saturated>
    <fats-stearic>0.18000</fats-stearic>
    <fats-total>7.16000</fats-total>
    <minerals-calcium>184.00000</minerals-calcium>
    <minerals-copper>0.28600</minerals-copper>
    <minerals-iron>6.11000</minerals-iron>
    <minerals-magnesium>181.00000</minerals-magnesium>
    <minerals-manganese>1.82000</minerals-manganese>
    <minerals-phosphorus>374.00000</minerals-phosphorus>
    <minerals-potassium>604.00000</minerals-potassium>
    <minerals-selenium>14.60000</minerals-selenium>
    <minerals-sodium>60.00000</minerals-sodium>
    <minerals-zinc>3.75000</minerals-zinc>
    <other-alcohol>0.00000</other-alcohol>
    <other-cost>0.0</other-cost>
    <other-water>8.98000</other-water>
    <other-weight>100.00000</other-weight>
    <protein-complete>0.00000</protein-complete>
    <protein-total>9.06000</protein-total>
    <vitamins-choline>0.00000</vitamins-choline>
    <vitamins-folate>0.00000</vitamins-folate>
    <vitamins-niacin>2.92000</vitamins-niacin>
    <vitamins-pantothenic_acid>0.72000</vitamins-pantothenic_acid>
    <vitamins-riboflavin>0.05000</vitamins-riboflavin>
    <vitamins-thiamin>0.16000</vitamins-thiamin>
    <vitamins-vitamin_a>0.00000</vitamins-vitamin_a>
    <vitamins-vitamin_b12>0.00000</vitamins-vitamin_b12>
    <vitamins-vitamin_b6>0.54200</vitamins-vitamin_b6>
    <vitamins-vitamin_c>0.00000</vitamins-vitamin_c>
    <vitamins-vitamin_d>0.00000</vitamins-vitamin_d>
    <vitamins-vitamin_e>0.76000</vitamins-vitamin_e>
    <vitamins-vitamin_k>0.20000</vitamins-vitamin_k>
</food>