<food xmlns:xsi="http://www.w3.org/2001/XMLSchema-instance" xsi:noNamespaceSchemaLocation="https://xjrga.github.io/schemas/food_v2.xsd">
    <food-id>35237</food-id>
    <food-name>Tamales, masa and pork filling (Hopi)</food-name>
    <carbohydrates-carbs_by_diff>18.28000</carbohydrates-carbs_by_diff>
    <carbohydrates-fiber>3.30000</carbohydrates-fiber>
    <carbohydrates-glycemicindex>0.00000</carbohydrates-glycemicindex>
    <energy-gross>168.00000</energy-gross>
    <fats-cholesterol>27.00000</fats-cholesterol>
    <fats-dha>0.00200</fats-dha>
    <fats-epa>0.00100</fats-epa>
    <fats-lauric>0.00400</fats-lauric>
    <fats-linoleic>0.91100</fats-linoleic>
    <fats-linolenic>0.03200</fats-linolenic>
    <fats-monounsaturated>1.64900</fats-monounsaturated>
    <fats-myristic>0.04000</fats-myristic>
    <fats-palmitic>0.91000</fats-palmitic>
    <fats-polyunsaturated>1.00900</fats-polyunsaturated>
    <fats-saturated>1.38300</fats-saturated>
    <fats-stearic>0.38000</fats-stearic>
    <fats-total>4.70000</fats-total>
    <minerals-calcium>18.00000</minerals-calcium>
    <minerals-copper>0.08700</minerals-copper>
    <minerals-iron>0.66000</minerals-iron>
    <minerals-magnesium>35.00000</minerals-magnesium>
    <minerals-manganese>0.16000</minerals-manganese>
    <minerals-phosphorus>141.00000</minerals-phosphorus>
    <minerals-potassium>250.00000</minerals-potassium>
    <minerals-selenium>32.60000</minerals-selenium>
    <minerals-sodium>298.00000</minerals-sodium>
    <minerals-zinc>1.27000</minerals-zinc>
    <other-alcohol>0.00000</other-alcohol>
    <other-cost>0.0</other-cost>
    <other-water>62.39000</other-water>
    <other-weight>100.00000</other-weight>
    <protein-complete>0.00000</protein-complete>
    <protein-total>13.19000</protein-total>
    <vitamins-choline>0.00000</vitamins-choline>
    <vitamins-folate>0.00000</vitamins-folate>
    <vitamins-niacin>2.82300</vitamins-niacin>
    <vitamins-pantothenic_acid>0.82000</vitamins-pantothenic_acid>
    <vitamins-riboflavin>0.07000</vitamins-riboflavin>
    <vitamins-thiamin>0.16700</vitamins-thiamin>
    <vitamins-vitamin_a>81.00000</vitamins-vitamin_a>
    <vitamins-vitamin_b12>0.22000</vitamins-vitamin_b12>
    <vitamins-vitamin_b6>0.26200</vitamins-vitamin_b6>
    <vitamins-vitamin_c>0.00000</vitamins-vitamin_c>
    <vitamins-vitamin_d>0.00000</vitamins-vitamin_d>
    <vitamins-vitamin_e>1.11000</vitamins-vitamin_e>
    <vitamins-vitamin_k>3.20000</vitamins-vitamin_k>
</food>