<food xmlns:xsi="http://www.w3.org/2001/XMLSchema-instance" xsi:noNamespaceSchemaLocation="https://xjrga.github.io/schemas/food_v2.xsd">
    <food-id>35240</food-id>
    <food-name>Bread, blue corn, somiviki (Hopi)</food-name>
    <carbohydrates-carbs_by_diff>39.84000</carbohydrates-carbs_by_diff>
    <carbohydrates-fiber>3.60000</carbohydrates-fiber>
    <carbohydrates-glycemicindex>0.00000</carbohydrates-glycemicindex>
    <energy-gross>186.00000</energy-gross>
    <fats-cholesterol>0.00000</fats-cholesterol>
    <fats-dha>0.00000</fats-dha>
    <fats-epa>0.00000</fats-epa>
    <fats-lauric>0.00300</fats-lauric>
    <fats-linoleic>0.75700</fats-linoleic>
    <fats-linolenic>0.02300</fats-linolenic>
    <fats-monounsaturated>0.34700</fats-monounsaturated>
    <fats-myristic>0.00300</fats-myristic>
    <fats-palmitic>0.21000</fats-palmitic>
    <fats-polyunsaturated>0.77900</fats-polyunsaturated>
    <fats-saturated>0.28900</fats-saturated>
    <fats-stearic>0.03000</fats-stearic>
    <fats-total>1.53000</fats-total>
    <minerals-calcium>34.00000</minerals-calcium>
    <minerals-copper>0.11900</minerals-copper>
    <minerals-iron>1.58000</minerals-iron>
    <minerals-magnesium>43.00000</minerals-magnesium>
    <minerals-manganese>0.40500</minerals-manganese>
    <minerals-phosphorus>94.00000</minerals-phosphorus>
    <minerals-potassium>114.00000</minerals-potassium>
    <minerals-selenium>3.00000</minerals-selenium>
    <minerals-sodium>9.00000</minerals-sodium>
    <minerals-zinc>0.82000</minerals-zinc>
    <other-alcohol>0.00000</other-alcohol>
    <other-cost>0.0</other-cost>
    <other-water>55.01000</other-water>
    <other-weight>100.00000</other-weight>
    <protein-complete>0.00000</protein-complete>
    <protein-total>3.10000</protein-total>
    <vitamins-choline>0.00000</vitamins-choline>
    <vitamins-folate>0.00000</vitamins-folate>
    <vitamins-niacin>0.55000</vitamins-niacin>
    <vitamins-pantothenic_acid>0.17000</vitamins-pantothenic_acid>
    <vitamins-riboflavin>0.00000</vitamins-riboflavin>
    <vitamins-thiamin>0.03000</vitamins-thiamin>
    <vitamins-vitamin_a>0.00000</vitamins-vitamin_a>
    <vitamins-vitamin_b12>0.00000</vitamins-vitamin_b12>
    <vitamins-vitamin_b6>0.16800</vitamins-vitamin_b6>
    <vitamins-vitamin_c>0.00000</vitamins-vitamin_c>
    <vitamins-vitamin_d>0.00000</vitamins-vitamin_d>
    <vitamins-vitamin_e>0.34000</vitamins-vitamin_e>
    <vitamins-vitamin_k>0.00000</vitamins-vitamin_k>
</food>