<food xmlns:xsi="http://www.w3.org/2001/XMLSchema-instance" xsi:noNamespaceSchemaLocation="https://xjrga.github.io/schemas/food_v2.xsd">
    <food-id>03007</food-id>
    <food-name>Babyfood, meat, pork, strained</food-name>
    <carbohydrates-carbs_by_diff>0.00000</carbohydrates-carbs_by_diff>
    <carbohydrates-fiber>0.00000</carbohydrates-fiber>
    <carbohydrates-glycemicindex>0.00000</carbohydrates-glycemicindex>
    <energy-gross>124.00000</energy-gross>
    <fats-cholesterol>48.00000</fats-cholesterol>
    <fats-dha>0.00000</fats-dha>
    <fats-epa>0.00000</fats-epa>
    <fats-lauric>0.00000</fats-lauric>
    <fats-linoleic>0.69000</fats-linoleic>
    <fats-linolenic>0.03000</fats-linolenic>
    <fats-monounsaturated>3.58000</fats-monounsaturated>
    <fats-myristic>0.08000</fats-myristic>
    <fats-palmitic>1.53000</fats-palmitic>
    <fats-polyunsaturated>0.78000</fats-polyunsaturated>
    <fats-saturated>2.40000</fats-saturated>
    <fats-stearic>0.72000</fats-stearic>
    <fats-total>7.10000</fats-total>
    <minerals-calcium>5.00000</minerals-calcium>
    <minerals-copper>0.07200</minerals-copper>
    <minerals-iron>1.00000</minerals-iron>
    <minerals-magnesium>10.00000</minerals-magnesium>
    <minerals-manganese>0.00000</minerals-manganese>
    <minerals-phosphorus>94.00000</minerals-phosphorus>
    <minerals-potassium>223.00000</minerals-potassium>
    <minerals-selenium>12.90000</minerals-selenium>
    <minerals-sodium>42.00000</minerals-sodium>
    <minerals-zinc>2.27000</minerals-zinc>
    <other-alcohol>0.00000</other-alcohol>
    <other-cost>0.0</other-cost>
    <other-water>78.40000</other-water>
    <other-weight>100.00000</other-weight>
    <protein-complete>0.00000</protein-complete>
    <protein-total>14.00000</protein-total>
    <vitamins-choline>0.00000</vitamins-choline>
    <vitamins-folate>2.00000</vitamins-folate>
    <vitamins-niacin>2.26900</vitamins-niacin>
    <vitamins-pantothenic_acid>0.27200</vitamins-pantothenic_acid>
    <vitamins-riboflavin>0.20300</vitamins-riboflavin>
    <vitamins-thiamin>0.14600</vitamins-thiamin>
    <vitamins-vitamin_a>11.00000</vitamins-vitamin_a>
    <vitamins-vitamin_b12>0.99000</vitamins-vitamin_b12>
    <vitamins-vitamin_b6>0.20500</vitamins-vitamin_b6>
    <vitamins-vitamin_c>1.80000</vitamins-vitamin_c>
    <vitamins-vitamin_d>0.00000</vitamins-vitamin_d>
    <vitamins-vitamin_e>0.40000</vitamins-vitamin_e>
    <vitamins-vitamin_k>0.00000</vitamins-vitamin_k>
</food>