<food xmlns:xsi="http://www.w3.org/2001/XMLSchema-instance" xsi:noNamespaceSchemaLocation="https://xjrga.github.io/schemas/food_v2.xsd">
    <food-id>03023</food-id>
    <food-name>Babyfood, finger snacks, GERBER, GRADUATES, PUFFS, apple and cinnamon</food-name>
    <carbohydrates-carbs_by_diff>85.79000</carbohydrates-carbs_by_diff>
    <carbohydrates-fiber>3.80000</carbohydrates-fiber>
    <carbohydrates-glycemicindex>0.00000</carbohydrates-glycemicindex>
    <energy-gross>389.00000</energy-gross>
    <fats-cholesterol>0.00000</fats-cholesterol>
    <fats-dha>0.00000</fats-dha>
    <fats-epa>0.00000</fats-epa>
    <fats-lauric>0.00200</fats-lauric>
    <fats-linoleic>0.25200</fats-linoleic>
    <fats-linolenic>0.01100</fats-linolenic>
    <fats-monounsaturated>0.30600</fats-monounsaturated>
    <fats-myristic>0.00400</fats-myristic>
    <fats-palmitic>0.11000</fats-palmitic>
    <fats-polyunsaturated>0.52700</fats-polyunsaturated>
    <fats-saturated>0.14300</fats-saturated>
    <fats-stearic>0.01000</fats-stearic>
    <fats-total>2.30000</fats-total>
    <minerals-calcium>535.00000</minerals-calcium>
    <minerals-copper>0.21300</minerals-copper>
    <minerals-iron>24.74000</minerals-iron>
    <minerals-magnesium>60.00000</minerals-magnesium>
    <minerals-manganese>1.64600</minerals-manganese>
    <minerals-phosphorus>448.00000</minerals-phosphorus>
    <minerals-potassium>196.00000</minerals-potassium>
    <minerals-selenium>6.20000</minerals-selenium>
    <minerals-sodium>13.00000</minerals-sodium>
    <minerals-zinc>17.46000</minerals-zinc>
    <other-alcohol>0.00000</other-alcohol>
    <other-cost>0.0</other-cost>
    <other-water>3.62000</other-water>
    <other-weight>100.00000</other-weight>
    <protein-complete>0.00000</protein-complete>
    <protein-total>6.19000</protein-total>
    <vitamins-choline>11.50000</vitamins-choline>
    <vitamins-folate>20.00000</vitamins-folate>
    <vitamins-niacin>28.76700</vitamins-niacin>
    <vitamins-pantothenic_acid>0.63500</vitamins-pantothenic_acid>
    <vitamins-riboflavin>2.26700</vitamins-riboflavin>
    <vitamins-thiamin>1.56300</vitamins-thiamin>
    <vitamins-vitamin_a>1.00000</vitamins-vitamin_a>
    <vitamins-vitamin_b12>0.00000</vitamins-vitamin_b12>
    <vitamins-vitamin_b6>1.80000</vitamins-vitamin_b6>
    <vitamins-vitamin_c>1.30000</vitamins-vitamin_c>
    <vitamins-vitamin_d>0.00000</vitamins-vitamin_d>
    <vitamins-vitamin_e>10.33000</vitamins-vitamin_e>
    <vitamins-vitamin_k>1.30000</vitamins-vitamin_k>
</food>