<food xmlns:xsi="http://www.w3.org/2001/XMLSchema-instance" xsi:noNamespaceSchemaLocation="https://xjrga.github.io/schemas/food_v2.xsd">
    <food-id>03090</food-id>
    <food-name>Babyfood, dinner, macaroni and cheese, junior</food-name>
    <carbohydrates-carbs_by_diff>8.20000</carbohydrates-carbs_by_diff>
    <carbohydrates-fiber>0.30000</carbohydrates-fiber>
    <carbohydrates-glycemicindex>0.00000</carbohydrates-glycemicindex>
    <energy-gross>61.00000</energy-gross>
    <fats-cholesterol>6.00000</fats-cholesterol>
    <fats-dha>0.00000</fats-dha>
    <fats-epa>0.00000</fats-epa>
    <fats-lauric>0.02000</fats-lauric>
    <fats-linoleic>0.10500</fats-linoleic>
    <fats-linolenic>0.02700</fats-linolenic>
    <fats-monounsaturated>0.53400</fats-monounsaturated>
    <fats-myristic>0.18000</fats-myristic>
    <fats-palmitic>0.55000</fats-palmitic>
    <fats-polyunsaturated>0.13200</fats-polyunsaturated>
    <fats-saturated>1.17500</fats-saturated>
    <fats-stearic>0.22000</fats-stearic>
    <fats-total>2.00000</fats-total>
    <minerals-calcium>51.00000</minerals-calcium>
    <minerals-copper>0.02100</minerals-copper>
    <minerals-iron>0.30000</minerals-iron>
    <minerals-magnesium>7.00000</minerals-magnesium>
    <minerals-manganese>0.00000</minerals-manganese>
    <minerals-phosphorus>59.00000</minerals-phosphorus>
    <minerals-potassium>44.00000</minerals-potassium>
    <minerals-selenium>3.80000</minerals-selenium>
    <minerals-sodium>266.00000</minerals-sodium>
    <minerals-zinc>0.32000</minerals-zinc>
    <other-alcohol>0.00000</other-alcohol>
    <other-cost>0.0</other-cost>
    <other-water>86.50000</other-water>
    <other-weight>100.00000</other-weight>
    <protein-complete>0.00000</protein-complete>
    <protein-total>2.60000</protein-total>
    <vitamins-choline>3.20000</vitamins-choline>
    <vitamins-folate>18.00000</vitamins-folate>
    <vitamins-niacin>0.54500</vitamins-niacin>
    <vitamins-pantothenic_acid>0.00000</vitamins-pantothenic_acid>
    <vitamins-riboflavin>0.06400</vitamins-riboflavin>
    <vitamins-thiamin>0.05600</vitamins-thiamin>
    <vitamins-vitamin_a>30.00000</vitamins-vitamin_a>
    <vitamins-vitamin_b12>0.03000</vitamins-vitamin_b12>
    <vitamins-vitamin_b6>0.01600</vitamins-vitamin_b6>
    <vitamins-vitamin_c>1.30000</vitamins-vitamin_c>
    <vitamins-vitamin_d>0.00000</vitamins-vitamin_d>
    <vitamins-vitamin_e>0.03000</vitamins-vitamin_e>
    <vitamins-vitamin_k>0.20000</vitamins-vitamin_k>
</food>