<food xmlns:xsi="http://www.w3.org/2001/XMLSchema-instance" xsi:noNamespaceSchemaLocation="https://xjrga.github.io/schemas/food_v2.xsd">
    <food-id>03068</food-id>
    <food-name>Babyfood, dinner, chicken noodle, strained</food-name>
    <carbohydrates-carbs_by_diff>9.08000</carbohydrates-carbs_by_diff>
    <carbohydrates-fiber>2.10000</carbohydrates-fiber>
    <carbohydrates-glycemicindex>0.00000</carbohydrates-glycemicindex>
    <energy-gross>66.00000</energy-gross>
    <fats-cholesterol>16.00000</fats-cholesterol>
    <fats-dha>0.00200</fats-dha>
    <fats-epa>0.00100</fats-epa>
    <fats-lauric>0.00300</fats-lauric>
    <fats-linoleic>0.41800</fats-linoleic>
    <fats-linolenic>0.02700</fats-linolenic>
    <fats-monounsaturated>0.85400</fats-monounsaturated>
    <fats-myristic>0.01000</fats-myristic>
    <fats-palmitic>0.43000</fats-palmitic>
    <fats-polyunsaturated>0.46100</fats-polyunsaturated>
    <fats-saturated>0.59500</fats-saturated>
    <fats-stearic>0.11000</fats-stearic>
    <fats-total>2.06000</fats-total>
    <minerals-calcium>27.00000</minerals-calcium>
    <minerals-copper>0.07000</minerals-copper>
    <minerals-iron>0.64000</minerals-iron>
    <minerals-magnesium>14.00000</minerals-magnesium>
    <minerals-manganese>0.16000</minerals-manganese>
    <minerals-phosphorus>46.00000</minerals-phosphorus>
    <minerals-potassium>139.00000</minerals-potassium>
    <minerals-selenium>3.70000</minerals-selenium>
    <minerals-sodium>38.00000</minerals-sodium>
    <minerals-zinc>0.55000</minerals-zinc>
    <other-alcohol>0.00000</other-alcohol>
    <other-cost>0.0</other-cost>
    <other-water>85.64000</other-water>
    <other-weight>100.00000</other-weight>
    <protein-complete>0.00000</protein-complete>
    <protein-total>2.69000</protein-total>
    <vitamins-choline>10.50000</vitamins-choline>
    <vitamins-folate>13.00000</vitamins-folate>
    <vitamins-niacin>0.72300</vitamins-niacin>
    <vitamins-pantothenic_acid>0.19800</vitamins-pantothenic_acid>
    <vitamins-riboflavin>0.06100</vitamins-riboflavin>
    <vitamins-thiamin>0.04400</vitamins-thiamin>
    <vitamins-vitamin_a>110.00000</vitamins-vitamin_a>
    <vitamins-vitamin_b12>0.02000</vitamins-vitamin_b12>
    <vitamins-vitamin_b6>0.06400</vitamins-vitamin_b6>
    <vitamins-vitamin_c>0.10000</vitamins-vitamin_c>
    <vitamins-vitamin_d>0.10000</vitamins-vitamin_d>
    <vitamins-vitamin_e>0.21000</vitamins-vitamin_e>
    <vitamins-vitamin_k>1.90000</vitamins-vitamin_k>
</food>