<food xmlns:xsi="http://www.w3.org/2001/XMLSchema-instance" xsi:noNamespaceSchemaLocation="https://xjrga.github.io/schemas/food_v2.xsd">
    <food-id>03084</food-id>
    <food-name>Babyfood, dinner, vegetables and turkey, strained</food-name>
    <carbohydrates-carbs_by_diff>7.62000</carbohydrates-carbs_by_diff>
    <carbohydrates-fiber>1.50000</carbohydrates-fiber>
    <carbohydrates-glycemicindex>0.00000</carbohydrates-glycemicindex>
    <energy-gross>48.00000</energy-gross>
    <fats-cholesterol>4.00000</fats-cholesterol>
    <fats-dha>0.00200</fats-dha>
    <fats-epa>0.00000</fats-epa>
    <fats-lauric>0.00100</fats-lauric>
    <fats-linoleic>0.20700</fats-linoleic>
    <fats-linolenic>0.01500</fats-linolenic>
    <fats-monounsaturated>0.29400</fats-monounsaturated>
    <fats-myristic>0.00800</fats-myristic>
    <fats-palmitic>0.14000</fats-palmitic>
    <fats-polyunsaturated>0.24100</fats-polyunsaturated>
    <fats-saturated>0.23600</fats-saturated>
    <fats-stearic>0.05000</fats-stearic>
    <fats-total>0.90000</fats-total>
    <minerals-calcium>27.00000</minerals-calcium>
    <minerals-copper>0.09000</minerals-copper>
    <minerals-iron>0.37000</minerals-iron>
    <minerals-magnesium>13.00000</minerals-magnesium>
    <minerals-manganese>0.14000</minerals-manganese>
    <minerals-phosphorus>44.00000</minerals-phosphorus>
    <minerals-potassium>102.00000</minerals-potassium>
    <minerals-selenium>1.90000</minerals-selenium>
    <minerals-sodium>20.00000</minerals-sodium>
    <minerals-zinc>0.70000</minerals-zinc>
    <other-alcohol>0.00000</other-alcohol>
    <other-cost>0.0</other-cost>
    <other-water>88.82000</other-water>
    <other-weight>100.00000</other-weight>
    <protein-complete>0.00000</protein-complete>
    <protein-total>2.32000</protein-total>
    <vitamins-choline>6.70000</vitamins-choline>
    <vitamins-folate>10.00000</vitamins-folate>
    <vitamins-niacin>0.46600</vitamins-niacin>
    <vitamins-pantothenic_acid>0.22400</vitamins-pantothenic_acid>
    <vitamins-riboflavin>0.02400</vitamins-riboflavin>
    <vitamins-thiamin>0.02000</vitamins-thiamin>
    <vitamins-vitamin_a>220.00000</vitamins-vitamin_a>
    <vitamins-vitamin_b12>0.02000</vitamins-vitamin_b12>
    <vitamins-vitamin_b6>0.04400</vitamins-vitamin_b6>
    <vitamins-vitamin_c>0.70000</vitamins-vitamin_c>
    <vitamins-vitamin_d>0.00000</vitamins-vitamin_d>
    <vitamins-vitamin_e>0.30000</vitamins-vitamin_e>
    <vitamins-vitamin_k>3.90000</vitamins-vitamin_k>
</food>