<food xmlns:xsi="http://www.w3.org/2001/XMLSchema-instance" xsi:noNamespaceSchemaLocation="https://xjrga.github.io/schemas/food_v2.xsd">
    <food-id>03069</food-id>
    <food-name>Babyfood, dinner, chicken noodle, junior</food-name>
    <carbohydrates-carbs_by_diff>8.79000</carbohydrates-carbs_by_diff>
    <carbohydrates-fiber>0.90000</carbohydrates-fiber>
    <carbohydrates-glycemicindex>0.00000</carbohydrates-glycemicindex>
    <energy-gross>55.00000</energy-gross>
    <fats-cholesterol>9.00000</fats-cholesterol>
    <fats-dha>0.00200</fats-dha>
    <fats-epa>0.00100</fats-epa>
    <fats-lauric>0.00200</fats-lauric>
    <fats-linoleic>0.24100</fats-linoleic>
    <fats-linolenic>0.01700</fats-linolenic>
    <fats-monounsaturated>0.46700</fats-monounsaturated>
    <fats-myristic>0.01000</fats-myristic>
    <fats-palmitic>0.24000</fats-palmitic>
    <fats-polyunsaturated>0.27200</fats-polyunsaturated>
    <fats-saturated>0.33800</fats-saturated>
    <fats-stearic>0.06000</fats-stearic>
    <fats-total>1.18000</fats-total>
    <minerals-calcium>21.00000</minerals-calcium>
    <minerals-copper>0.03000</minerals-copper>
    <minerals-iron>0.38000</minerals-iron>
    <minerals-magnesium>7.00000</minerals-magnesium>
    <minerals-manganese>0.10000</minerals-manganese>
    <minerals-phosphorus>79.00000</minerals-phosphorus>
    <minerals-potassium>39.00000</minerals-potassium>
    <minerals-selenium>3.70000</minerals-selenium>
    <minerals-sodium>35.00000</minerals-sodium>
    <minerals-zinc>0.40000</minerals-zinc>
    <other-alcohol>0.00000</other-alcohol>
    <other-cost>0.0</other-cost>
    <other-water>87.25000</other-water>
    <other-weight>100.00000</other-weight>
    <protein-complete>0.00000</protein-complete>
    <protein-total>2.37000</protein-total>
    <vitamins-choline>7.70000</vitamins-choline>
    <vitamins-folate>8.00000</vitamins-folate>
    <vitamins-niacin>0.70300</vitamins-niacin>
    <vitamins-pantothenic_acid>0.17800</vitamins-pantothenic_acid>
    <vitamins-riboflavin>0.04000</vitamins-riboflavin>
    <vitamins-thiamin>0.03200</vitamins-thiamin>
    <vitamins-vitamin_a>87.00000</vitamins-vitamin_a>
    <vitamins-vitamin_b12>0.01000</vitamins-vitamin_b12>
    <vitamins-vitamin_b6>0.05200</vitamins-vitamin_b6>
    <vitamins-vitamin_c>0.10000</vitamins-vitamin_c>
    <vitamins-vitamin_d>0.00000</vitamins-vitamin_d>
    <vitamins-vitamin_e>0.15000</vitamins-vitamin_e>
    <vitamins-vitamin_k>1.60000</vitamins-vitamin_k>
</food>