<food xmlns:xsi="http://www.w3.org/2001/XMLSchema-instance" xsi:noNamespaceSchemaLocation="https://xjrga.github.io/schemas/food_v2.xsd">
    <food-id>03054</food-id>
    <food-name>Babyfood, dinner, vegetables and beef, junior</food-name>
    <carbohydrates-carbs_by_diff>8.84000</carbohydrates-carbs_by_diff>
    <carbohydrates-fiber>1.30000</carbohydrates-fiber>
    <carbohydrates-glycemicindex>0.00000</carbohydrates-glycemicindex>
    <energy-gross>77.00000</energy-gross>
    <fats-cholesterol>7.00000</fats-cholesterol>
    <fats-dha>0.00000</fats-dha>
    <fats-epa>0.00000</fats-epa>
    <fats-lauric>0.00000</fats-lauric>
    <fats-linoleic>0.14000</fats-linoleic>
    <fats-linolenic>0.03000</fats-linolenic>
    <fats-monounsaturated>1.28900</fats-monounsaturated>
    <fats-myristic>0.07000</fats-myristic>
    <fats-palmitic>0.47000</fats-palmitic>
    <fats-polyunsaturated>0.29800</fats-polyunsaturated>
    <fats-saturated>1.36700</fats-saturated>
    <fats-stearic>0.30000</fats-stearic>
    <fats-total>3.60000</fats-total>
    <minerals-calcium>17.00000</minerals-calcium>
    <minerals-copper>0.03000</minerals-copper>
    <minerals-iron>0.35000</minerals-iron>
    <minerals-magnesium>10.00000</minerals-magnesium>
    <minerals-manganese>0.10600</minerals-manganese>
    <minerals-phosphorus>33.00000</minerals-phosphorus>
    <minerals-potassium>145.00000</minerals-potassium>
    <minerals-selenium>2.20000</minerals-selenium>
    <minerals-sodium>31.00000</minerals-sodium>
    <minerals-zinc>0.38000</minerals-zinc>
    <other-alcohol>0.00000</other-alcohol>
    <other-cost>0.0</other-cost>
    <other-water>84.94000</other-water>
    <other-weight>100.00000</other-weight>
    <protein-complete>0.00000</protein-complete>
    <protein-total>2.21000</protein-total>
    <vitamins-choline>16.50000</vitamins-choline>
    <vitamins-folate>7.00000</vitamins-folate>
    <vitamins-niacin>0.78900</vitamins-niacin>
    <vitamins-pantothenic_acid>0.09900</vitamins-pantothenic_acid>
    <vitamins-riboflavin>0.04800</vitamins-riboflavin>
    <vitamins-thiamin>0.00800</vitamins-thiamin>
    <vitamins-vitamin_a>246.00000</vitamins-vitamin_a>
    <vitamins-vitamin_b12>0.33000</vitamins-vitamin_b12>
    <vitamins-vitamin_b6>0.06300</vitamins-vitamin_b6>
    <vitamins-vitamin_c>0.20000</vitamins-vitamin_c>
    <vitamins-vitamin_d>0.00000</vitamins-vitamin_d>
    <vitamins-vitamin_e>0.49000</vitamins-vitamin_e>
    <vitamins-vitamin_k>5.20000</vitamins-vitamin_k>
</food>