<food xmlns:xsi="http://www.w3.org/2001/XMLSchema-instance" xsi:noNamespaceSchemaLocation="https://xjrga.github.io/schemas/food_v2.xsd">
    <food-id>03044</food-id>
    <food-name>Babyfood, dinner, macaroni and tomato and beef, strained</food-name>
    <carbohydrates-carbs_by_diff>9.45000</carbohydrates-carbs_by_diff>
    <carbohydrates-fiber>1.20000</carbohydrates-fiber>
    <carbohydrates-glycemicindex>0.00000</carbohydrates-glycemicindex>
    <energy-gross>61.00000</energy-gross>
    <fats-cholesterol>7.00000</fats-cholesterol>
    <fats-dha>0.00000</fats-dha>
    <fats-epa>0.00000</fats-epa>
    <fats-lauric>0.00100</fats-lauric>
    <fats-linoleic>0.17000</fats-linoleic>
    <fats-linolenic>0.01700</fats-linolenic>
    <fats-monounsaturated>0.59400</fats-monounsaturated>
    <fats-myristic>0.03000</fats-myristic>
    <fats-palmitic>0.29000</fats-palmitic>
    <fats-polyunsaturated>0.19300</fats-polyunsaturated>
    <fats-saturated>0.48600</fats-saturated>
    <fats-stearic>0.14000</fats-stearic>
    <fats-total>1.47000</fats-total>
    <minerals-calcium>17.00000</minerals-calcium>
    <minerals-copper>0.05000</minerals-copper>
    <minerals-iron>0.46000</minerals-iron>
    <minerals-magnesium>12.00000</minerals-magnesium>
    <minerals-manganese>0.13000</minerals-manganese>
    <minerals-phosphorus>39.00000</minerals-phosphorus>
    <minerals-potassium>112.00000</minerals-potassium>
    <minerals-selenium>8.40000</minerals-selenium>
    <minerals-sodium>38.00000</minerals-sodium>
    <minerals-zinc>0.54000</minerals-zinc>
    <other-alcohol>0.00000</other-alcohol>
    <other-cost>0.0</other-cost>
    <other-water>86.34000</other-water>
    <other-weight>100.00000</other-weight>
    <protein-complete>0.00000</protein-complete>
    <protein-total>2.36000</protein-total>
    <vitamins-choline>10.40000</vitamins-choline>
    <vitamins-folate>12.00000</vitamins-folate>
    <vitamins-niacin>0.71500</vitamins-niacin>
    <vitamins-pantothenic_acid>0.14000</vitamins-pantothenic_acid>
    <vitamins-riboflavin>0.04300</vitamins-riboflavin>
    <vitamins-thiamin>0.03800</vitamins-thiamin>
    <vitamins-vitamin_a>44.00000</vitamins-vitamin_a>
    <vitamins-vitamin_b12>0.15000</vitamins-vitamin_b12>
    <vitamins-vitamin_b6>0.05600</vitamins-vitamin_b6>
    <vitamins-vitamin_c>0.30000</vitamins-vitamin_c>
    <vitamins-vitamin_d>0.00000</vitamins-vitamin_d>
    <vitamins-vitamin_e>2.62000</vitamins-vitamin_e>
    <vitamins-vitamin_k>29.30000</vitamins-vitamin_k>
</food>