<food xmlns:xsi="http://www.w3.org/2001/XMLSchema-instance" xsi:noNamespaceSchemaLocation="https://xjrga.github.io/schemas/food_v2.xsd">
    <food-id>03052</food-id>
    <food-name>Babyfood, dinner, beef stew, toddler</food-name>
    <carbohydrates-carbs_by_diff>5.50000</carbohydrates-carbs_by_diff>
    <carbohydrates-fiber>1.10000</carbohydrates-fiber>
    <carbohydrates-glycemicindex>0.00000</carbohydrates-glycemicindex>
    <energy-gross>51.00000</energy-gross>
    <fats-cholesterol>13.00000</fats-cholesterol>
    <fats-dha>0.00000</fats-dha>
    <fats-epa>0.00000</fats-epa>
    <fats-lauric>0.00000</fats-lauric>
    <fats-linoleic>0.09000</fats-linoleic>
    <fats-linolenic>0.01000</fats-linolenic>
    <fats-monounsaturated>0.44000</fats-monounsaturated>
    <fats-myristic>0.03000</fats-myristic>
    <fats-palmitic>0.28000</fats-palmitic>
    <fats-polyunsaturated>0.10000</fats-polyunsaturated>
    <fats-saturated>0.58000</fats-saturated>
    <fats-stearic>0.22000</fats-stearic>
    <fats-total>1.20000</fats-total>
    <minerals-calcium>9.00000</minerals-calcium>
    <minerals-copper>0.07200</minerals-copper>
    <minerals-iron>0.72000</minerals-iron>
    <minerals-magnesium>11.00000</minerals-magnesium>
    <minerals-manganese>0.00000</minerals-manganese>
    <minerals-phosphorus>44.00000</minerals-phosphorus>
    <minerals-potassium>142.00000</minerals-potassium>
    <minerals-selenium>4.50000</minerals-selenium>
    <minerals-sodium>106.00000</minerals-sodium>
    <minerals-zinc>0.87000</minerals-zinc>
    <other-alcohol>0.00000</other-alcohol>
    <other-cost>0.0</other-cost>
    <other-water>86.90000</other-water>
    <other-weight>100.00000</other-weight>
    <protein-complete>0.00000</protein-complete>
    <protein-total>5.10000</protein-total>
    <vitamins-choline>16.50000</vitamins-choline>
    <vitamins-folate>6.00000</vitamins-folate>
    <vitamins-niacin>1.31300</vitamins-niacin>
    <vitamins-pantothenic_acid>0.00000</vitamins-pantothenic_acid>
    <vitamins-riboflavin>0.06500</vitamins-riboflavin>
    <vitamins-thiamin>0.01400</vitamins-thiamin>
    <vitamins-vitamin_a>82.00000</vitamins-vitamin_a>
    <vitamins-vitamin_b12>0.51000</vitamins-vitamin_b12>
    <vitamins-vitamin_b6>0.07400</vitamins-vitamin_b6>
    <vitamins-vitamin_c>3.00000</vitamins-vitamin_c>
    <vitamins-vitamin_d>0.00000</vitamins-vitamin_d>
    <vitamins-vitamin_e>0.50000</vitamins-vitamin_e>
    <vitamins-vitamin_k>2.50000</vitamins-vitamin_k>
</food>