<food xmlns:xsi="http://www.w3.org/2001/XMLSchema-instance" xsi:noNamespaceSchemaLocation="https://xjrga.github.io/schemas/food_v2.xsd">
    <food-id>03093</food-id>
    <food-name>Babyfood, green beans, dices, toddler</food-name>
    <carbohydrates-carbs_by_diff>5.70000</carbohydrates-carbs_by_diff>
    <carbohydrates-fiber>1.30000</carbohydrates-fiber>
    <carbohydrates-glycemicindex>0.00000</carbohydrates-glycemicindex>
    <energy-gross>29.00000</energy-gross>
    <fats-cholesterol>0.00000</fats-cholesterol>
    <fats-dha>0.00000</fats-dha>
    <fats-epa>0.00000</fats-epa>
    <fats-lauric>0.00000</fats-lauric>
    <fats-linoleic>0.03800</fats-linoleic>
    <fats-linolenic>0.06200</fats-linolenic>
    <fats-monounsaturated>0.00800</fats-monounsaturated>
    <fats-myristic>0.00000</fats-myristic>
    <fats-palmitic>0.03000</fats-palmitic>
    <fats-polyunsaturated>0.10200</fats-polyunsaturated>
    <fats-saturated>0.04400</fats-saturated>
    <fats-stearic>0.00600</fats-stearic>
    <fats-total>0.20000</fats-total>
    <minerals-calcium>27.00000</minerals-calcium>
    <minerals-copper>0.03000</minerals-copper>
    <minerals-iron>0.40000</minerals-iron>
    <minerals-magnesium>19.00000</minerals-magnesium>
    <minerals-manganese>0.08000</minerals-manganese>
    <minerals-phosphorus>22.00000</minerals-phosphorus>
    <minerals-potassium>116.00000</minerals-potassium>
    <minerals-selenium>0.40000</minerals-selenium>
    <minerals-sodium>37.00000</minerals-sodium>
    <minerals-zinc>0.10000</minerals-zinc>
    <other-alcohol>0.00000</other-alcohol>
    <other-cost>0.0</other-cost>
    <other-water>92.60000</other-water>
    <other-weight>100.00000</other-weight>
    <protein-complete>0.00000</protein-complete>
    <protein-total>1.20000</protein-total>
    <vitamins-choline>22.60000</vitamins-choline>
    <vitamins-folate>32.00000</vitamins-folate>
    <vitamins-niacin>0.23000</vitamins-niacin>
    <vitamins-pantothenic_acid>0.05100</vitamins-pantothenic_acid>
    <vitamins-riboflavin>0.04000</vitamins-riboflavin>
    <vitamins-thiamin>0.02000</vitamins-thiamin>
    <vitamins-vitamin_a>24.00000</vitamins-vitamin_a>
    <vitamins-vitamin_b12>0.00000</vitamins-vitamin_b12>
    <vitamins-vitamin_b6>0.03000</vitamins-vitamin_b6>
    <vitamins-vitamin_c>1.70000</vitamins-vitamin_c>
    <vitamins-vitamin_d>0.00000</vitamins-vitamin_d>
    <vitamins-vitamin_e>0.31000</vitamins-vitamin_e>
    <vitamins-vitamin_k>11.00000</vitamins-vitamin_k>
</food>