<food xmlns:xsi="http://www.w3.org/2001/XMLSchema-instance" xsi:noNamespaceSchemaLocation="https://xjrga.github.io/schemas/food_v2.xsd">
    <food-id>03000</food-id>
    <food-name>Clif Z bar</food-name>
    <carbohydrates-carbs_by_diff>74.72000</carbohydrates-carbs_by_diff>
    <carbohydrates-fiber>8.30000</carbohydrates-fiber>
    <carbohydrates-glycemicindex>0.00000</carbohydrates-glycemicindex>
    <energy-gross>409.00000</energy-gross>
    <fats-cholesterol>0.00000</fats-cholesterol>
    <fats-dha>0.00000</fats-dha>
    <fats-epa>0.00000</fats-epa>
    <fats-lauric>0.00700</fats-lauric>
    <fats-linoleic>2.86000</fats-linoleic>
    <fats-linolenic>0.45500</fats-linolenic>
    <fats-monounsaturated>2.44700</fats-monounsaturated>
    <fats-myristic>0.01000</fats-myristic>
    <fats-palmitic>1.53000</fats-palmitic>
    <fats-polyunsaturated>3.31900</fats-polyunsaturated>
    <fats-saturated>2.72100</fats-saturated>
    <fats-stearic>1.15000</fats-stearic>
    <fats-total>9.72000</fats-total>
    <minerals-calcium>444.00000</minerals-calcium>
    <minerals-copper>0.18700</minerals-copper>
    <minerals-iron>2.70000</minerals-iron>
    <minerals-magnesium>82.00000</minerals-magnesium>
    <minerals-manganese>1.74800</minerals-manganese>
    <minerals-phosphorus>244.00000</minerals-phosphorus>
    <minerals-potassium>333.00000</minerals-potassium>
    <minerals-selenium>14.80000</minerals-selenium>
    <minerals-sodium>375.00000</minerals-sodium>
    <minerals-zinc>1.15000</minerals-zinc>
    <other-alcohol>0.00000</other-alcohol>
    <other-cost>0.0</other-cost>
    <other-water>7.74000</other-water>
    <other-weight>100.00000</other-weight>
    <protein-complete>0.00000</protein-complete>
    <protein-total>5.55000</protein-total>
    <vitamins-choline>22.50000</vitamins-choline>
    <vitamins-folate>31.00000</vitamins-folate>
    <vitamins-niacin>0.47800</vitamins-niacin>
    <vitamins-pantothenic_acid>0.58800</vitamins-pantothenic_acid>
    <vitamins-riboflavin>0.10000</vitamins-riboflavin>
    <vitamins-thiamin>0.41100</vitamins-thiamin>
    <vitamins-vitamin_a>0.00000</vitamins-vitamin_a>
    <vitamins-vitamin_b12>0.00000</vitamins-vitamin_b12>
    <vitamins-vitamin_b6>0.07300</vitamins-vitamin_b6>
    <vitamins-vitamin_c>39.10000</vitamins-vitamin_c>
    <vitamins-vitamin_d>0.00000</vitamins-vitamin_d>
    <vitamins-vitamin_e>0.98000</vitamins-vitamin_e>
    <vitamins-vitamin_k>8.70000</vitamins-vitamin_k>
</food>