<food xmlns:xsi="http://www.w3.org/2001/XMLSchema-instance" xsi:noNamespaceSchemaLocation="https://xjrga.github.io/schemas/food_v2.xsd">
    <food-id>03005</food-id>
    <food-name>Babyfood, meat, veal, strained</food-name>
    <carbohydrates-carbs_by_diff>1.51000</carbohydrates-carbs_by_diff>
    <carbohydrates-fiber>0.00000</carbohydrates-fiber>
    <carbohydrates-glycemicindex>0.00000</carbohydrates-glycemicindex>
    <energy-gross>81.00000</energy-gross>
    <fats-cholesterol>33.00000</fats-cholesterol>
    <fats-dha>0.00000</fats-dha>
    <fats-epa>0.00000</fats-epa>
    <fats-lauric>0.00900</fats-lauric>
    <fats-linoleic>0.10400</fats-linoleic>
    <fats-linolenic>0.01700</fats-linolenic>
    <fats-monounsaturated>1.05400</fats-monounsaturated>
    <fats-myristic>0.13000</fats-myristic>
    <fats-palmitic>0.57000</fats-palmitic>
    <fats-polyunsaturated>0.15700</fats-polyunsaturated>
    <fats-saturated>1.06300</fats-saturated>
    <fats-stearic>0.31000</fats-stearic>
    <fats-total>2.45000</fats-total>
    <minerals-calcium>6.00000</minerals-calcium>
    <minerals-copper>0.14800</minerals-copper>
    <minerals-iron>0.76000</minerals-iron>
    <minerals-magnesium>11.00000</minerals-magnesium>
    <minerals-manganese>0.03700</minerals-manganese>
    <minerals-phosphorus>98.00000</minerals-phosphorus>
    <minerals-potassium>170.00000</minerals-potassium>
    <minerals-selenium>3.50000</minerals-selenium>
    <minerals-sodium>39.00000</minerals-sodium>
    <minerals-zinc>2.50000</minerals-zinc>
    <other-alcohol>0.00000</other-alcohol>
    <other-cost>0.0</other-cost>
    <other-water>82.37000</other-water>
    <other-weight>100.00000</other-weight>
    <protein-complete>0.00000</protein-complete>
    <protein-total>13.12000</protein-total>
    <vitamins-choline>49.50000</vitamins-choline>
    <vitamins-folate>5.00000</vitamins-folate>
    <vitamins-niacin>2.85000</vitamins-niacin>
    <vitamins-pantothenic_acid>0.15500</vitamins-pantothenic_acid>
    <vitamins-riboflavin>0.11600</vitamins-riboflavin>
    <vitamins-thiamin>0.02300</vitamins-thiamin>
    <vitamins-vitamin_a>0.00000</vitamins-vitamin_a>
    <vitamins-vitamin_b12>1.65000</vitamins-vitamin_b12>
    <vitamins-vitamin_b6>0.04900</vitamins-vitamin_b6>
    <vitamins-vitamin_c>0.00000</vitamins-vitamin_c>
    <vitamins-vitamin_d>0.70000</vitamins-vitamin_d>
    <vitamins-vitamin_e>0.28000</vitamins-vitamin_e>
    <vitamins-vitamin_k>0.00000</vitamins-vitamin_k>
</food>