<food xmlns:xsi="http://www.w3.org/2001/XMLSchema-instance" xsi:noNamespaceSchemaLocation="https://xjrga.github.io/schemas/food_v2.xsd">
    <food-id>03046</food-id>
    <food-name>Babyfood, ravioli, cheese filled, with tomato sauce</food-name>
    <carbohydrates-carbs_by_diff>16.30000</carbohydrates-carbs_by_diff>
    <carbohydrates-fiber>0.10000</carbohydrates-fiber>
    <carbohydrates-glycemicindex>0.00000</carbohydrates-glycemicindex>
    <energy-gross>99.00000</energy-gross>
    <fats-cholesterol>7.00000</fats-cholesterol>
    <fats-dha>0.00100</fats-dha>
    <fats-epa>0.00000</fats-epa>
    <fats-lauric>0.02000</fats-lauric>
    <fats-linoleic>0.42400</fats-linoleic>
    <fats-linolenic>0.03500</fats-linolenic>
    <fats-monounsaturated>0.57000</fats-monounsaturated>
    <fats-myristic>0.13000</fats-myristic>
    <fats-palmitic>0.49000</fats-palmitic>
    <fats-polyunsaturated>0.48000</fats-polyunsaturated>
    <fats-saturated>0.96000</fats-saturated>
    <fats-stearic>0.15000</fats-stearic>
    <fats-total>2.20000</fats-total>
    <minerals-calcium>54.00000</minerals-calcium>
    <minerals-copper>0.04000</minerals-copper>
    <minerals-iron>0.80000</minerals-iron>
    <minerals-magnesium>7.00000</minerals-magnesium>
    <minerals-manganese>0.00000</minerals-manganese>
    <minerals-phosphorus>56.00000</minerals-phosphorus>
    <minerals-potassium>32.00000</minerals-potassium>
    <minerals-selenium>13.40000</minerals-selenium>
    <minerals-sodium>282.00000</minerals-sodium>
    <minerals-zinc>0.35000</minerals-zinc>
    <other-alcohol>0.00000</other-alcohol>
    <other-cost>0.0</other-cost>
    <other-water>76.50000</other-water>
    <other-weight>100.00000</other-weight>
    <protein-complete>0.00000</protein-complete>
    <protein-total>3.60000</protein-total>
    <vitamins-choline>8.00000</vitamins-choline>
    <vitamins-folate>36.00000</vitamins-folate>
    <vitamins-niacin>1.65000</vitamins-niacin>
    <vitamins-pantothenic_acid>0.00000</vitamins-pantothenic_acid>
    <vitamins-riboflavin>0.14000</vitamins-riboflavin>
    <vitamins-thiamin>0.12000</vitamins-thiamin>
    <vitamins-vitamin_a>51.00000</vitamins-vitamin_a>
    <vitamins-vitamin_b12>0.05000</vitamins-vitamin_b12>
    <vitamins-vitamin_b6>0.09000</vitamins-vitamin_b6>
    <vitamins-vitamin_c>0.10000</vitamins-vitamin_c>
    <vitamins-vitamin_d>0.00000</vitamins-vitamin_d>
    <vitamins-vitamin_e>0.42000</vitamins-vitamin_e>
    <vitamins-vitamin_k>9.40000</vitamins-vitamin_k>
</food>