<food xmlns:xsi="http://www.w3.org/2001/XMLSchema-instance" xsi:noNamespaceSchemaLocation="https://xjrga.github.io/schemas/food_v2.xsd">
    <food-id>03047</food-id>
    <food-name>Babyfood, dinner, beef noodle, strained</food-name>
    <carbohydrates-carbs_by_diff>8.18000</carbohydrates-carbs_by_diff>
    <carbohydrates-fiber>1.30000</carbohydrates-fiber>
    <carbohydrates-glycemicindex>0.00000</carbohydrates-glycemicindex>
    <energy-gross>63.00000</energy-gross>
    <fats-cholesterol>8.00000</fats-cholesterol>
    <fats-dha>0.00000</fats-dha>
    <fats-epa>0.00000</fats-epa>
    <fats-lauric>0.00800</fats-lauric>
    <fats-linoleic>0.11200</fats-linoleic>
    <fats-linolenic>0.01700</fats-linolenic>
    <fats-monounsaturated>0.94100</fats-monounsaturated>
    <fats-myristic>0.06000</fats-myristic>
    <fats-palmitic>0.52000</fats-palmitic>
    <fats-polyunsaturated>0.14100</fats-polyunsaturated>
    <fats-saturated>0.93700</fats-saturated>
    <fats-stearic>0.30000</fats-stearic>
    <fats-total>2.26000</fats-total>
    <minerals-calcium>10.00000</minerals-calcium>
    <minerals-copper>0.05000</minerals-copper>
    <minerals-iron>0.41000</minerals-iron>
    <minerals-magnesium>10.00000</minerals-magnesium>
    <minerals-manganese>0.12000</minerals-manganese>
    <minerals-phosphorus>38.00000</minerals-phosphorus>
    <minerals-potassium>87.00000</minerals-potassium>
    <minerals-selenium>3.60000</minerals-selenium>
    <minerals-sodium>15.00000</minerals-sodium>
    <minerals-zinc>0.60000</minerals-zinc>
    <other-alcohol>0.00000</other-alcohol>
    <other-cost>0.0</other-cost>
    <other-water>86.84000</other-water>
    <other-weight>100.00000</other-weight>
    <protein-complete>0.00000</protein-complete>
    <protein-total>2.44000</protein-total>
    <vitamins-choline>8.60000</vitamins-choline>
    <vitamins-folate>11.00000</vitamins-folate>
    <vitamins-niacin>0.61600</vitamins-niacin>
    <vitamins-pantothenic_acid>0.10100</vitamins-pantothenic_acid>
    <vitamins-riboflavin>0.03500</vitamins-riboflavin>
    <vitamins-thiamin>0.03500</vitamins-thiamin>
    <vitamins-vitamin_a>36.00000</vitamins-vitamin_a>
    <vitamins-vitamin_b12>0.19000</vitamins-vitamin_b12>
    <vitamins-vitamin_b6>0.03600</vitamins-vitamin_b6>
    <vitamins-vitamin_c>0.10000</vitamins-vitamin_c>
    <vitamins-vitamin_d>0.00000</vitamins-vitamin_d>
    <vitamins-vitamin_e>0.31000</vitamins-vitamin_e>
    <vitamins-vitamin_k>1.60000</vitamins-vitamin_k>
</food>