<food xmlns:xsi="http://www.w3.org/2001/XMLSchema-instance" xsi:noNamespaceSchemaLocation="https://xjrga.github.io/schemas/food_v2.xsd">
    <food-id>03017</food-id>
    <food-name>Babyfood, meat, turkey sticks, junior</food-name>
    <carbohydrates-carbs_by_diff>1.40000</carbohydrates-carbs_by_diff>
    <carbohydrates-fiber>0.20000</carbohydrates-fiber>
    <carbohydrates-glycemicindex>0.00000</carbohydrates-glycemicindex>
    <energy-gross>188.00000</energy-gross>
    <fats-cholesterol>65.00000</fats-cholesterol>
    <fats-dha>0.06100</fats-dha>
    <fats-epa>0.00000</fats-epa>
    <fats-lauric>0.02000</fats-lauric>
    <fats-linoleic>3.00600</fats-linoleic>
    <fats-linolenic>0.16300</fats-linolenic>
    <fats-monounsaturated>4.67100</fats-monounsaturated>
    <fats-myristic>0.10000</fats-myristic>
    <fats-palmitic>2.53000</fats-palmitic>
    <fats-polyunsaturated>3.61500</fats-polyunsaturated>
    <fats-saturated>4.14300</fats-saturated>
    <fats-stearic>1.01000</fats-stearic>
    <fats-total>14.20000</fats-total>
    <minerals-calcium>83.00000</minerals-calcium>
    <minerals-copper>0.14800</minerals-copper>
    <minerals-iron>0.92000</minerals-iron>
    <minerals-magnesium>10.00000</minerals-magnesium>
    <minerals-manganese>0.03700</minerals-manganese>
    <minerals-phosphorus>120.00000</minerals-phosphorus>
    <minerals-potassium>120.00000</minerals-potassium>
    <minerals-selenium>13.50000</minerals-selenium>
    <minerals-sodium>295.00000</minerals-sodium>
    <minerals-zinc>2.40000</minerals-zinc>
    <other-alcohol>0.00000</other-alcohol>
    <other-cost>0.0</other-cost>
    <other-water>69.80000</other-water>
    <other-weight>100.00000</other-weight>
    <protein-complete>0.00000</protein-complete>
    <protein-total>13.70000</protein-total>
    <vitamins-choline>53.30000</vitamins-choline>
    <vitamins-folate>11.00000</vitamins-folate>
    <vitamins-niacin>1.94000</vitamins-niacin>
    <vitamins-pantothenic_acid>0.38100</vitamins-pantothenic_acid>
    <vitamins-riboflavin>0.18100</vitamins-riboflavin>
    <vitamins-thiamin>0.00800</vitamins-thiamin>
    <vitamins-vitamin_a>6.00000</vitamins-vitamin_a>
    <vitamins-vitamin_b12>1.30000</vitamins-vitamin_b12>
    <vitamins-vitamin_b6>0.02300</vitamins-vitamin_b6>
    <vitamins-vitamin_c>1.50000</vitamins-vitamin_c>
    <vitamins-vitamin_d>0.40000</vitamins-vitamin_d>
    <vitamins-vitamin_e>0.12000</vitamins-vitamin_e>
    <vitamins-vitamin_k>0.00000</vitamins-vitamin_k>
</food>