<food xmlns:xsi="http://www.w3.org/2001/XMLSchema-instance" xsi:noNamespaceSchemaLocation="https://xjrga.github.io/schemas/food_v2.xsd">
    <food-id>03091</food-id>
    <food-name>Babyfood, vegetables, green beans, strained</food-name>
    <carbohydrates-carbs_by_diff>6.29000</carbohydrates-carbs_by_diff>
    <carbohydrates-fiber>2.20000</carbohydrates-fiber>
    <carbohydrates-glycemicindex>0.00000</carbohydrates-glycemicindex>
    <energy-gross>27.00000</energy-gross>
    <fats-cholesterol>0.00000</fats-cholesterol>
    <fats-dha>0.00000</fats-dha>
    <fats-epa>0.00000</fats-epa>
    <fats-lauric>0.00000</fats-lauric>
    <fats-linoleic>0.05800</fats-linoleic>
    <fats-linolenic>0.05800</fats-linolenic>
    <fats-monounsaturated>0.00000</fats-monounsaturated>
    <fats-myristic>0.00000</fats-myristic>
    <fats-palmitic>0.03000</fats-palmitic>
    <fats-polyunsaturated>0.11600</fats-polyunsaturated>
    <fats-saturated>0.03900</fats-saturated>
    <fats-stearic>0.00000</fats-stearic>
    <fats-total>0.17000</fats-total>
    <minerals-calcium>39.00000</minerals-calcium>
    <minerals-copper>0.03000</minerals-copper>
    <minerals-iron>0.67000</minerals-iron>
    <minerals-magnesium>20.00000</minerals-magnesium>
    <minerals-manganese>0.26500</minerals-manganese>
    <minerals-phosphorus>41.00000</minerals-phosphorus>
    <minerals-potassium>146.00000</minerals-potassium>
    <minerals-selenium>0.10000</minerals-selenium>
    <minerals-sodium>7.00000</minerals-sodium>
    <minerals-zinc>0.22000</minerals-zinc>
    <other-alcohol>0.00000</other-alcohol>
    <other-cost>0.0</other-cost>
    <other-water>91.85000</other-water>
    <other-weight>100.00000</other-weight>
    <protein-complete>0.00000</protein-complete>
    <protein-total>1.20000</protein-total>
    <vitamins-choline>22.60000</vitamins-choline>
    <vitamins-folate>24.00000</vitamins-folate>
    <vitamins-niacin>0.36100</vitamins-niacin>
    <vitamins-pantothenic_acid>0.04100</vitamins-pantothenic_acid>
    <vitamins-riboflavin>0.07900</vitamins-riboflavin>
    <vitamins-thiamin>0.02600</vitamins-thiamin>
    <vitamins-vitamin_a>18.00000</vitamins-vitamin_a>
    <vitamins-vitamin_b12>0.00000</vitamins-vitamin_b12>
    <vitamins-vitamin_b6>0.03800</vitamins-vitamin_b6>
    <vitamins-vitamin_c>0.30000</vitamins-vitamin_c>
    <vitamins-vitamin_d>0.00000</vitamins-vitamin_d>
    <vitamins-vitamin_e>0.07000</vitamins-vitamin_e>
    <vitamins-vitamin_k>42.40000</vitamins-vitamin_k>
</food>