<food xmlns:xsi="http://www.w3.org/2001/XMLSchema-instance" xsi:noNamespaceSchemaLocation="https://xjrga.github.io/schemas/food_v2.xsd">
    <food-id>03092</food-id>
    <food-name>Babyfood, vegetables, green beans, junior</food-name>
    <carbohydrates-carbs_by_diff>5.80000</carbohydrates-carbs_by_diff>
    <carbohydrates-fiber>1.90000</carbohydrates-fiber>
    <carbohydrates-glycemicindex>0.00000</carbohydrates-glycemicindex>
    <energy-gross>24.00000</energy-gross>
    <fats-cholesterol>0.00000</fats-cholesterol>
    <fats-dha>0.00000</fats-dha>
    <fats-epa>0.00000</fats-epa>
    <fats-lauric>0.00000</fats-lauric>
    <fats-linoleic>0.02000</fats-linoleic>
    <fats-linolenic>0.03200</fats-linolenic>
    <fats-monounsaturated>0.00400</fats-monounsaturated>
    <fats-myristic>0.00000</fats-myristic>
    <fats-palmitic>0.01000</fats-palmitic>
    <fats-polyunsaturated>0.05200</fats-polyunsaturated>
    <fats-saturated>0.02300</fats-saturated>
    <fats-stearic>0.00300</fats-stearic>
    <fats-total>0.10000</fats-total>
    <minerals-calcium>65.00000</minerals-calcium>
    <minerals-copper>0.04900</minerals-copper>
    <minerals-iron>1.08000</minerals-iron>
    <minerals-magnesium>22.00000</minerals-magnesium>
    <minerals-manganese>0.00000</minerals-manganese>
    <minerals-phosphorus>19.00000</minerals-phosphorus>
    <minerals-potassium>128.00000</minerals-potassium>
    <minerals-selenium>0.30000</minerals-selenium>
    <minerals-sodium>5.00000</minerals-sodium>
    <minerals-zinc>0.19000</minerals-zinc>
    <other-alcohol>0.00000</other-alcohol>
    <other-cost>0.0</other-cost>
    <other-water>92.50000</other-water>
    <other-weight>100.00000</other-weight>
    <protein-complete>0.00000</protein-complete>
    <protein-total>1.20000</protein-total>
    <vitamins-choline>22.60000</vitamins-choline>
    <vitamins-folate>33.00000</vitamins-folate>
    <vitamins-niacin>0.32100</vitamins-niacin>
    <vitamins-pantothenic_acid>0.15100</vitamins-pantothenic_acid>
    <vitamins-riboflavin>0.10200</vitamins-riboflavin>
    <vitamins-thiamin>0.02100</vitamins-thiamin>
    <vitamins-vitamin_a>24.00000</vitamins-vitamin_a>
    <vitamins-vitamin_b12>0.00000</vitamins-vitamin_b12>
    <vitamins-vitamin_b6>0.03500</vitamins-vitamin_b6>
    <vitamins-vitamin_c>8.40000</vitamins-vitamin_c>
    <vitamins-vitamin_d>0.00000</vitamins-vitamin_d>
    <vitamins-vitamin_e>0.32000</vitamins-vitamin_e>
    <vitamins-vitamin_k>11.10000</vitamins-vitamin_k>
</food>