<food xmlns:xsi="http://www.w3.org/2001/XMLSchema-instance" xsi:noNamespaceSchemaLocation="https://xjrga.github.io/schemas/food_v2.xsd">
    <food-id>03014</food-id>
    <food-name>Babyfood, meat, chicken sticks, junior</food-name>
    <carbohydrates-carbs_by_diff>1.50000</carbohydrates-carbs_by_diff>
    <carbohydrates-fiber>0.20000</carbohydrates-fiber>
    <carbohydrates-glycemicindex>0.00000</carbohydrates-glycemicindex>
    <energy-gross>188.00000</energy-gross>
    <fats-cholesterol>78.00000</fats-cholesterol>
    <fats-dha>0.00000</fats-dha>
    <fats-epa>0.00000</fats-epa>
    <fats-lauric>0.03000</fats-lauric>
    <fats-linoleic>2.76400</fats-linoleic>
    <fats-linolenic>0.11100</fats-linolenic>
    <fats-monounsaturated>6.26700</fats-monounsaturated>
    <fats-myristic>0.13000</fats-myristic>
    <fats-palmitic>3.04000</fats-palmitic>
    <fats-polyunsaturated>2.98600</fats-polyunsaturated>
    <fats-saturated>4.09400</fats-saturated>
    <fats-stearic>0.81000</fats-stearic>
    <fats-total>14.40000</fats-total>
    <minerals-calcium>73.00000</minerals-calcium>
    <minerals-copper>0.04500</minerals-copper>
    <minerals-iron>1.56000</minerals-iron>
    <minerals-magnesium>14.00000</minerals-magnesium>
    <minerals-manganese>0.00000</minerals-manganese>
    <minerals-phosphorus>121.00000</minerals-phosphorus>
    <minerals-potassium>106.00000</minerals-potassium>
    <minerals-selenium>10.30000</minerals-selenium>
    <minerals-sodium>267.00000</minerals-sodium>
    <minerals-zinc>1.01000</minerals-zinc>
    <other-alcohol>0.00000</other-alcohol>
    <other-cost>0.0</other-cost>
    <other-water>68.30000</other-water>
    <other-weight>100.00000</other-weight>
    <protein-complete>0.00000</protein-complete>
    <protein-total>14.60000</protein-total>
    <vitamins-choline>43.20000</vitamins-choline>
    <vitamins-folate>11.00000</vitamins-folate>
    <vitamins-niacin>2.00500</vitamins-niacin>
    <vitamins-pantothenic_acid>0.72600</vitamins-pantothenic_acid>
    <vitamins-riboflavin>0.19700</vitamins-riboflavin>
    <vitamins-thiamin>0.01700</vitamins-thiamin>
    <vitamins-vitamin_a>3.00000</vitamins-vitamin_a>
    <vitamins-vitamin_b12>0.40000</vitamins-vitamin_b12>
    <vitamins-vitamin_b6>0.10300</vitamins-vitamin_b6>
    <vitamins-vitamin_c>1.70000</vitamins-vitamin_c>
    <vitamins-vitamin_d>0.10000</vitamins-vitamin_d>
    <vitamins-vitamin_e>0.37000</vitamins-vitamin_e>
    <vitamins-vitamin_k>0.40000</vitamins-vitamin_k>
</food>