<food xmlns:xsi="http://www.w3.org/2001/XMLSchema-instance" xsi:noNamespaceSchemaLocation="https://xjrga.github.io/schemas/food_v2.xsd">
    <food-id>03021</food-id>
    <food-name>Babyfood, meat, meat sticks, junior</food-name>
    <carbohydrates-carbs_by_diff>1.10000</carbohydrates-carbs_by_diff>
    <carbohydrates-fiber>0.20000</carbohydrates-fiber>
    <carbohydrates-glycemicindex>0.00000</carbohydrates-glycemicindex>
    <energy-gross>184.00000</energy-gross>
    <fats-cholesterol>70.00000</fats-cholesterol>
    <fats-dha>0.00000</fats-dha>
    <fats-epa>0.00000</fats-epa>
    <fats-lauric>0.02000</fats-lauric>
    <fats-linoleic>1.46000</fats-linoleic>
    <fats-linolenic>0.07000</fats-linolenic>
    <fats-monounsaturated>6.48000</fats-monounsaturated>
    <fats-myristic>0.25000</fats-myristic>
    <fats-palmitic>3.57000</fats-palmitic>
    <fats-polyunsaturated>1.59000</fats-polyunsaturated>
    <fats-saturated>5.82000</fats-saturated>
    <fats-stearic>1.78000</fats-stearic>
    <fats-total>14.60000</fats-total>
    <minerals-calcium>34.00000</minerals-calcium>
    <minerals-copper>0.06800</minerals-copper>
    <minerals-iron>1.38000</minerals-iron>
    <minerals-magnesium>11.00000</minerals-magnesium>
    <minerals-manganese>0.00000</minerals-manganese>
    <minerals-phosphorus>103.00000</minerals-phosphorus>
    <minerals-potassium>114.00000</minerals-potassium>
    <minerals-selenium>13.30000</minerals-selenium>
    <minerals-sodium>267.00000</minerals-sodium>
    <minerals-zinc>1.90000</minerals-zinc>
    <other-alcohol>0.00000</other-alcohol>
    <other-cost>0.0</other-cost>
    <other-water>69.50000</other-water>
    <other-weight>100.00000</other-weight>
    <protein-complete>0.00000</protein-complete>
    <protein-total>13.40000</protein-total>
    <vitamins-choline>56.80000</vitamins-choline>
    <vitamins-folate>11.00000</vitamins-folate>
    <vitamins-niacin>1.48100</vitamins-niacin>
    <vitamins-pantothenic_acid>0.48100</vitamins-pantothenic_acid>
    <vitamins-riboflavin>0.17200</vitamins-riboflavin>
    <vitamins-thiamin>0.05900</vitamins-thiamin>
    <vitamins-vitamin_a>21.00000</vitamins-vitamin_a>
    <vitamins-vitamin_b12>0.29000</vitamins-vitamin_b12>
    <vitamins-vitamin_b6>0.08000</vitamins-vitamin_b6>
    <vitamins-vitamin_c>2.40000</vitamins-vitamin_c>
    <vitamins-vitamin_d>0.20000</vitamins-vitamin_d>
    <vitamins-vitamin_e>0.28000</vitamins-vitamin_e>
    <vitamins-vitamin_k>0.50000</vitamins-vitamin_k>
</food>