<food xmlns:xsi="http://www.w3.org/2001/XMLSchema-instance" xsi:noNamespaceSchemaLocation="https://xjrga.github.io/schemas/food_v2.xsd">
    <food-id>03013</food-id>
    <food-name>Babyfood, meat, chicken, junior</food-name>
    <carbohydrates-carbs_by_diff>0.00000</carbohydrates-carbs_by_diff>
    <carbohydrates-fiber>0.00000</carbohydrates-fiber>
    <carbohydrates-glycemicindex>0.00000</carbohydrates-glycemicindex>
    <energy-gross>146.00000</energy-gross>
    <fats-cholesterol>59.00000</fats-cholesterol>
    <fats-dha>0.00000</fats-dha>
    <fats-epa>0.00000</fats-epa>
    <fats-lauric>0.00000</fats-lauric>
    <fats-linoleic>2.25000</fats-linoleic>
    <fats-linolenic>0.05000</fats-linolenic>
    <fats-monounsaturated>4.33000</fats-monounsaturated>
    <fats-myristic>0.07000</fats-myristic>
    <fats-palmitic>1.80000</fats-palmitic>
    <fats-polyunsaturated>2.33000</fats-polyunsaturated>
    <fats-saturated>2.47000</fats-saturated>
    <fats-stearic>0.50000</fats-stearic>
    <fats-total>9.60000</fats-total>
    <minerals-calcium>55.00000</minerals-calcium>
    <minerals-copper>0.04500</minerals-copper>
    <minerals-iron>0.99000</minerals-iron>
    <minerals-magnesium>11.00000</minerals-magnesium>
    <minerals-manganese>0.00000</minerals-manganese>
    <minerals-phosphorus>90.00000</minerals-phosphorus>
    <minerals-potassium>122.00000</minerals-potassium>
    <minerals-selenium>10.30000</minerals-selenium>
    <minerals-sodium>49.00000</minerals-sodium>
    <minerals-zinc>1.01000</minerals-zinc>
    <other-alcohol>0.00000</other-alcohol>
    <other-cost>0.0</other-cost>
    <other-water>76.00000</other-water>
    <other-weight>100.00000</other-weight>
    <protein-complete>0.00000</protein-complete>
    <protein-total>14.00000</protein-total>
    <vitamins-choline>43.20000</vitamins-choline>
    <vitamins-folate>11.00000</vitamins-folate>
    <vitamins-niacin>3.42000</vitamins-niacin>
    <vitamins-pantothenic_acid>0.72600</vitamins-pantothenic_acid>
    <vitamins-riboflavin>0.16300</vitamins-riboflavin>
    <vitamins-thiamin>0.01400</vitamins-thiamin>
    <vitamins-vitamin_a>11.00000</vitamins-vitamin_a>
    <vitamins-vitamin_b12>0.40000</vitamins-vitamin_b12>
    <vitamins-vitamin_b6>0.18800</vitamins-vitamin_b6>
    <vitamins-vitamin_c>1.50000</vitamins-vitamin_c>
    <vitamins-vitamin_d>0.00000</vitamins-vitamin_d>
    <vitamins-vitamin_e>0.40000</vitamins-vitamin_e>
    <vitamins-vitamin_k>1.70000</vitamins-vitamin_k>
</food>