<food xmlns:xsi="http://www.w3.org/2001/XMLSchema-instance" xsi:noNamespaceSchemaLocation="https://xjrga.github.io/schemas/food_v2.xsd">
    <food-id>03050</food-id>
    <food-name>Babyfood, dinner, spaghetti and tomato and meat, junior</food-name>
    <carbohydrates-carbs_by_diff>11.42000</carbohydrates-carbs_by_diff>
    <carbohydrates-fiber>1.10000</carbohydrates-fiber>
    <carbohydrates-glycemicindex>0.00000</carbohydrates-glycemicindex>
    <energy-gross>68.00000</energy-gross>
    <fats-cholesterol>5.00000</fats-cholesterol>
    <fats-dha>0.00000</fats-dha>
    <fats-epa>0.00000</fats-epa>
    <fats-lauric>0.01000</fats-lauric>
    <fats-linoleic>0.16500</fats-linoleic>
    <fats-linolenic>0.01900</fats-linolenic>
    <fats-monounsaturated>0.49700</fats-monounsaturated>
    <fats-myristic>0.04000</fats-myristic>
    <fats-palmitic>0.30000</fats-palmitic>
    <fats-polyunsaturated>0.18500</fats-polyunsaturated>
    <fats-saturated>0.54300</fats-saturated>
    <fats-stearic>0.14000</fats-stearic>
    <fats-total>1.37000</fats-total>
    <minerals-calcium>15.00000</minerals-calcium>
    <minerals-copper>0.03000</minerals-copper>
    <minerals-iron>0.53000</minerals-iron>
    <minerals-magnesium>11.00000</minerals-magnesium>
    <minerals-manganese>0.12000</minerals-manganese>
    <minerals-phosphorus>35.00000</minerals-phosphorus>
    <minerals-potassium>122.00000</minerals-potassium>
    <minerals-selenium>8.40000</minerals-selenium>
    <minerals-sodium>30.00000</minerals-sodium>
    <minerals-zinc>0.53000</minerals-zinc>
    <other-alcohol>0.00000</other-alcohol>
    <other-cost>0.0</other-cost>
    <other-water>84.17000</other-water>
    <other-weight>100.00000</other-weight>
    <protein-complete>0.00000</protein-complete>
    <protein-total>2.57000</protein-total>
    <vitamins-choline>7.70000</vitamins-choline>
    <vitamins-folate>44.00000</vitamins-folate>
    <vitamins-niacin>0.96700</vitamins-niacin>
    <vitamins-pantothenic_acid>0.08600</vitamins-pantothenic_acid>
    <vitamins-riboflavin>0.06800</vitamins-riboflavin>
    <vitamins-thiamin>0.04800</vitamins-thiamin>
    <vitamins-vitamin_a>63.00000</vitamins-vitamin_a>
    <vitamins-vitamin_b12>0.03000</vitamins-vitamin_b12>
    <vitamins-vitamin_b6>0.06400</vitamins-vitamin_b6>
    <vitamins-vitamin_c>0.20000</vitamins-vitamin_c>
    <vitamins-vitamin_d>0.00000</vitamins-vitamin_d>
    <vitamins-vitamin_e>0.07000</vitamins-vitamin_e>
    <vitamins-vitamin_k>0.80000</vitamins-vitamin_k>
</food>