<food xmlns:xsi="http://www.w3.org/2001/XMLSchema-instance" xsi:noNamespaceSchemaLocation="https://xjrga.github.io/schemas/food_v2.xsd">
    <food-id>03098</food-id>
    <food-name>Babyfood, vegetables, beets, strained</food-name>
    <carbohydrates-carbs_by_diff>7.70000</carbohydrates-carbs_by_diff>
    <carbohydrates-fiber>1.90000</carbohydrates-fiber>
    <carbohydrates-glycemicindex>0.00000</carbohydrates-glycemicindex>
    <energy-gross>34.00000</energy-gross>
    <fats-cholesterol>0.00000</fats-cholesterol>
    <fats-dha>0.00000</fats-dha>
    <fats-epa>0.00000</fats-epa>
    <fats-lauric>0.00000</fats-lauric>
    <fats-linoleic>0.03300</fats-linoleic>
    <fats-linolenic>0.00300</fats-linolenic>
    <fats-monounsaturated>0.01900</fats-monounsaturated>
    <fats-myristic>0.00000</fats-myristic>
    <fats-palmitic>0.01000</fats-palmitic>
    <fats-polyunsaturated>0.03600</fats-polyunsaturated>
    <fats-saturated>0.01600</fats-saturated>
    <fats-stearic>0.00000</fats-stearic>
    <fats-total>0.10000</fats-total>
    <minerals-calcium>14.00000</minerals-calcium>
    <minerals-copper>0.07000</minerals-copper>
    <minerals-iron>0.32000</minerals-iron>
    <minerals-magnesium>14.00000</minerals-magnesium>
    <minerals-manganese>0.00000</minerals-manganese>
    <minerals-phosphorus>14.00000</minerals-phosphorus>
    <minerals-potassium>182.00000</minerals-potassium>
    <minerals-selenium>0.10000</minerals-selenium>
    <minerals-sodium>83.00000</minerals-sodium>
    <minerals-zinc>0.12000</minerals-zinc>
    <other-alcohol>0.00000</other-alcohol>
    <other-cost>0.0</other-cost>
    <other-water>90.10000</other-water>
    <other-weight>100.00000</other-weight>
    <protein-complete>0.00000</protein-complete>
    <protein-total>1.30000</protein-total>
    <vitamins-choline>4.80000</vitamins-choline>
    <vitamins-folate>31.00000</vitamins-folate>
    <vitamins-niacin>0.13200</vitamins-niacin>
    <vitamins-pantothenic_acid>0.10000</vitamins-pantothenic_acid>
    <vitamins-riboflavin>0.04300</vitamins-riboflavin>
    <vitamins-thiamin>0.01100</vitamins-thiamin>
    <vitamins-vitamin_a>1.00000</vitamins-vitamin_a>
    <vitamins-vitamin_b12>0.00000</vitamins-vitamin_b12>
    <vitamins-vitamin_b6>0.02400</vitamins-vitamin_b6>
    <vitamins-vitamin_c>2.40000</vitamins-vitamin_c>
    <vitamins-vitamin_d>0.00000</vitamins-vitamin_d>
    <vitamins-vitamin_e>0.03000</vitamins-vitamin_e>
    <vitamins-vitamin_k>0.20000</vitamins-vitamin_k>
</food>