<food xmlns:xsi="http://www.w3.org/2001/XMLSchema-instance" xsi:noNamespaceSchemaLocation="https://xjrga.github.io/schemas/food_v2.xsd">
    <food-id>03073</food-id>
    <food-name>Babyfood, dinner, vegetables chicken, strained</food-name>
    <carbohydrates-carbs_by_diff>8.42000</carbohydrates-carbs_by_diff>
    <carbohydrates-fiber>2.10000</carbohydrates-fiber>
    <carbohydrates-glycemicindex>0.00000</carbohydrates-glycemicindex>
    <energy-gross>59.00000</energy-gross>
    <fats-cholesterol>11.00000</fats-cholesterol>
    <fats-dha>0.00100</fats-dha>
    <fats-epa>0.00000</fats-epa>
    <fats-lauric>0.00200</fats-lauric>
    <fats-linoleic>0.33400</fats-linoleic>
    <fats-linolenic>0.02100</fats-linolenic>
    <fats-monounsaturated>0.71200</fats-monounsaturated>
    <fats-myristic>0.01000</fats-myristic>
    <fats-palmitic>0.35000</fats-palmitic>
    <fats-polyunsaturated>0.37400</fats-polyunsaturated>
    <fats-saturated>0.49600</fats-saturated>
    <fats-stearic>0.09000</fats-stearic>
    <fats-total>1.73000</fats-total>
    <minerals-calcium>27.00000</minerals-calcium>
    <minerals-copper>0.07000</minerals-copper>
    <minerals-iron>0.53000</minerals-iron>
    <minerals-magnesium>14.00000</minerals-magnesium>
    <minerals-manganese>0.15000</minerals-manganese>
    <minerals-phosphorus>47.00000</minerals-phosphorus>
    <minerals-potassium>158.00000</minerals-potassium>
    <minerals-selenium>2.80000</minerals-selenium>
    <minerals-sodium>24.00000</minerals-sodium>
    <minerals-zinc>0.48000</minerals-zinc>
    <other-alcohol>0.00000</other-alcohol>
    <other-cost>0.0</other-cost>
    <other-water>86.90000</other-water>
    <other-weight>100.00000</other-weight>
    <protein-complete>0.00000</protein-complete>
    <protein-total>2.47000</protein-total>
    <vitamins-choline>9.70000</vitamins-choline>
    <vitamins-folate>5.00000</vitamins-folate>
    <vitamins-niacin>0.72000</vitamins-niacin>
    <vitamins-pantothenic_acid>0.10700</vitamins-pantothenic_acid>
    <vitamins-riboflavin>0.05200</vitamins-riboflavin>
    <vitamins-thiamin>0.03200</vitamins-thiamin>
    <vitamins-vitamin_a>207.00000</vitamins-vitamin_a>
    <vitamins-vitamin_b12>0.01000</vitamins-vitamin_b12>
    <vitamins-vitamin_b6>0.07200</vitamins-vitamin_b6>
    <vitamins-vitamin_c>0.10000</vitamins-vitamin_c>
    <vitamins-vitamin_d>0.10000</vitamins-vitamin_d>
    <vitamins-vitamin_e>0.32000</vitamins-vitamin_e>
    <vitamins-vitamin_k>3.40000</vitamins-vitamin_k>
</food>