<food xmlns:xsi="http://www.w3.org/2001/XMLSchema-instance" xsi:noNamespaceSchemaLocation="https://xjrga.github.io/schemas/food_v2.xsd">
    <food-id>03055</food-id>
    <food-name>Babyfood, dinner, beef with vegetables</food-name>
    <carbohydrates-carbs_by_diff>6.36000</carbohydrates-carbs_by_diff>
    <carbohydrates-fiber>1.80000</carbohydrates-fiber>
    <carbohydrates-glycemicindex>0.00000</carbohydrates-glycemicindex>
    <energy-gross>96.00000</energy-gross>
    <fats-cholesterol>12.00000</fats-cholesterol>
    <fats-dha>0.00000</fats-dha>
    <fats-epa>0.00000</fats-epa>
    <fats-lauric>0.05000</fats-lauric>
    <fats-linoleic>0.74700</fats-linoleic>
    <fats-linolenic>0.14900</fats-linolenic>
    <fats-monounsaturated>3.12000</fats-monounsaturated>
    <fats-myristic>0.21000</fats-myristic>
    <fats-palmitic>1.46000</fats-palmitic>
    <fats-polyunsaturated>0.90000</fats-polyunsaturated>
    <fats-saturated>2.84000</fats-saturated>
    <fats-stearic>1.11000</fats-stearic>
    <fats-total>6.93000</fats-total>
    <minerals-calcium>19.00000</minerals-calcium>
    <minerals-copper>0.03600</minerals-copper>
    <minerals-iron>0.33000</minerals-iron>
    <minerals-magnesium>15.00000</minerals-magnesium>
    <minerals-manganese>0.00600</minerals-manganese>
    <minerals-phosphorus>24.00000</minerals-phosphorus>
    <minerals-potassium>127.00000</minerals-potassium>
    <minerals-selenium>2.20000</minerals-selenium>
    <minerals-sodium>38.00000</minerals-sodium>
    <minerals-zinc>0.35000</minerals-zinc>
    <other-alcohol>0.00000</other-alcohol>
    <other-cost>0.0</other-cost>
    <other-water>84.30000</other-water>
    <other-weight>100.00000</other-weight>
    <protein-complete>0.00000</protein-complete>
    <protein-total>2.03000</protein-total>
    <vitamins-choline>9.90000</vitamins-choline>
    <vitamins-folate>11.00000</vitamins-folate>
    <vitamins-niacin>0.70000</vitamins-niacin>
    <vitamins-pantothenic_acid>0.25900</vitamins-pantothenic_acid>
    <vitamins-riboflavin>0.06000</vitamins-riboflavin>
    <vitamins-thiamin>0.03000</vitamins-thiamin>
    <vitamins-vitamin_a>222.00000</vitamins-vitamin_a>
    <vitamins-vitamin_b12>0.09000</vitamins-vitamin_b12>
    <vitamins-vitamin_b6>0.08300</vitamins-vitamin_b6>
    <vitamins-vitamin_c>0.00000</vitamins-vitamin_c>
    <vitamins-vitamin_d>0.00000</vitamins-vitamin_d>
    <vitamins-vitamin_e>0.57000</vitamins-vitamin_e>
    <vitamins-vitamin_k>11.60000</vitamins-vitamin_k>
</food>