<food xmlns:xsi="http://www.w3.org/2001/XMLSchema-instance" xsi:noNamespaceSchemaLocation="https://xjrga.github.io/schemas/food_v2.xsd">
    <food-id>03192</food-id>
    <food-name>Babyfood, cereal, oatmeal, with applesauce and bananas, junior, fortified</food-name>
    <carbohydrates-carbs_by_diff>16.03000</carbohydrates-carbs_by_diff>
    <carbohydrates-fiber>0.90000</carbohydrates-fiber>
    <carbohydrates-glycemicindex>0.00000</carbohydrates-glycemicindex>
    <energy-gross>76.00000</energy-gross>
    <fats-cholesterol>0.00000</fats-cholesterol>
    <fats-dha>0.00000</fats-dha>
    <fats-epa>0.00000</fats-epa>
    <fats-lauric>0.00200</fats-lauric>
    <fats-linoleic>0.24200</fats-linoleic>
    <fats-linolenic>0.00200</fats-linolenic>
    <fats-monounsaturated>0.21600</fats-monounsaturated>
    <fats-myristic>0.00100</fats-myristic>
    <fats-palmitic>0.10000</fats-palmitic>
    <fats-polyunsaturated>0.25300</fats-polyunsaturated>
    <fats-saturated>0.12600</fats-saturated>
    <fats-stearic>0.00700</fats-stearic>
    <fats-total>0.89000</fats-total>
    <minerals-calcium>6.00000</minerals-calcium>
    <minerals-copper>0.07500</minerals-copper>
    <minerals-iron>7.50000</minerals-iron>
    <minerals-magnesium>11.00000</minerals-magnesium>
    <minerals-manganese>0.00000</minerals-manganese>
    <minerals-phosphorus>41.00000</minerals-phosphorus>
    <minerals-potassium>97.00000</minerals-potassium>
    <minerals-selenium>3.00000</minerals-selenium>
    <minerals-sodium>4.00000</minerals-sodium>
    <minerals-zinc>7.50000</minerals-zinc>
    <other-alcohol>0.00000</other-alcohol>
    <other-cost>0.0</other-cost>
    <other-water>81.80000</other-water>
    <other-weight>100.00000</other-weight>
    <protein-complete>0.00000</protein-complete>
    <protein-total>0.89000</protein-total>
    <vitamins-choline>4.10000</vitamins-choline>
    <vitamins-folate>38.00000</vitamins-folate>
    <vitamins-niacin>1.77000</vitamins-niacin>
    <vitamins-pantothenic_acid>0.22700</vitamins-pantothenic_acid>
    <vitamins-riboflavin>0.13300</vitamins-riboflavin>
    <vitamins-thiamin>0.11100</vitamins-thiamin>
    <vitamins-vitamin_a>0.00000</vitamins-vitamin_a>
    <vitamins-vitamin_b12>0.44000</vitamins-vitamin_b12>
    <vitamins-vitamin_b6>0.08900</vitamins-vitamin_b6>
    <vitamins-vitamin_c>13.90000</vitamins-vitamin_c>
    <vitamins-vitamin_d>0.00000</vitamins-vitamin_d>
    <vitamins-vitamin_e>0.59000</vitamins-vitamin_e>
    <vitamins-vitamin_k>0.60000</vitamins-vitamin_k>
</food>