<food xmlns:xsi="http://www.w3.org/2001/XMLSchema-instance" xsi:noNamespaceSchemaLocation="https://xjrga.github.io/schemas/food_v2.xsd">
    <food-id>03122</food-id>
    <food-name>Babyfood, peas, dices, toddler</food-name>
    <carbohydrates-carbs_by_diff>10.30000</carbohydrates-carbs_by_diff>
    <carbohydrates-fiber>3.90000</carbohydrates-fiber>
    <carbohydrates-glycemicindex>0.00000</carbohydrates-glycemicindex>
    <energy-gross>64.00000</energy-gross>
    <fats-cholesterol>0.00000</fats-cholesterol>
    <fats-dha>0.00000</fats-dha>
    <fats-epa>0.00000</fats-epa>
    <fats-lauric>0.00000</fats-lauric>
    <fats-linoleic>0.30100</fats-linoleic>
    <fats-linolenic>0.07100</fats-linolenic>
    <fats-monounsaturated>0.07000</fats-monounsaturated>
    <fats-myristic>0.00000</fats-myristic>
    <fats-palmitic>0.12000</fats-palmitic>
    <fats-polyunsaturated>0.37000</fats-polyunsaturated>
    <fats-saturated>0.14000</fats-saturated>
    <fats-stearic>0.01000</fats-stearic>
    <fats-total>0.80000</fats-total>
    <minerals-calcium>21.00000</minerals-calcium>
    <minerals-copper>0.08000</minerals-copper>
    <minerals-iron>1.00000</minerals-iron>
    <minerals-magnesium>19.00000</minerals-magnesium>
    <minerals-manganese>0.15000</minerals-manganese>
    <minerals-phosphorus>67.00000</minerals-phosphorus>
    <minerals-potassium>81.00000</minerals-potassium>
    <minerals-selenium>0.10000</minerals-selenium>
    <minerals-sodium>48.00000</minerals-sodium>
    <minerals-zinc>0.50000</minerals-zinc>
    <other-alcohol>0.00000</other-alcohol>
    <other-cost>0.0</other-cost>
    <other-water>84.60000</other-water>
    <other-weight>100.00000</other-weight>
    <protein-complete>0.00000</protein-complete>
    <protein-total>3.90000</protein-total>
    <vitamins-choline>14.70000</vitamins-choline>
    <vitamins-folate>35.00000</vitamins-folate>
    <vitamins-niacin>0.85000</vitamins-niacin>
    <vitamins-pantothenic_acid>0.34500</vitamins-pantothenic_acid>
    <vitamins-riboflavin>0.06000</vitamins-riboflavin>
    <vitamins-thiamin>0.10000</vitamins-thiamin>
    <vitamins-vitamin_a>15.00000</vitamins-vitamin_a>
    <vitamins-vitamin_b12>0.00000</vitamins-vitamin_b12>
    <vitamins-vitamin_b6>0.06000</vitamins-vitamin_b6>
    <vitamins-vitamin_c>6.00000</vitamins-vitamin_c>
    <vitamins-vitamin_d>0.00000</vitamins-vitamin_d>
    <vitamins-vitamin_e>0.45000</vitamins-vitamin_e>
    <vitamins-vitamin_k>18.00000</vitamins-vitamin_k>
</food>