<food xmlns:xsi="http://www.w3.org/2001/XMLSchema-instance" xsi:noNamespaceSchemaLocation="https://xjrga.github.io/schemas/food_v2.xsd">
    <food-id>03152</food-id>
    <food-name>Babyfood, fruit, apple and raspberry, strained</food-name>
    <carbohydrates-carbs_by_diff>15.60000</carbohydrates-carbs_by_diff>
    <carbohydrates-fiber>2.10000</carbohydrates-fiber>
    <carbohydrates-glycemicindex>0.00000</carbohydrates-glycemicindex>
    <energy-gross>58.00000</energy-gross>
    <fats-cholesterol>0.00000</fats-cholesterol>
    <fats-dha>0.00000</fats-dha>
    <fats-epa>0.00000</fats-epa>
    <fats-lauric>0.00100</fats-lauric>
    <fats-linoleic>0.05100</fats-linoleic>
    <fats-linolenic>0.01100</fats-linolenic>
    <fats-monounsaturated>0.00800</fats-monounsaturated>
    <fats-myristic>0.00100</fats-myristic>
    <fats-palmitic>0.02000</fats-palmitic>
    <fats-polyunsaturated>0.06200</fats-polyunsaturated>
    <fats-saturated>0.03300</fats-saturated>
    <fats-stearic>0.00400</fats-stearic>
    <fats-total>0.20000</fats-total>
    <minerals-calcium>5.00000</minerals-calcium>
    <minerals-copper>0.05400</minerals-copper>
    <minerals-iron>0.22000</minerals-iron>
    <minerals-magnesium>4.00000</minerals-magnesium>
    <minerals-manganese>0.00000</minerals-manganese>
    <minerals-phosphorus>8.00000</minerals-phosphorus>
    <minerals-potassium>80.00000</minerals-potassium>
    <minerals-selenium>0.30000</minerals-selenium>
    <minerals-sodium>0.00000</minerals-sodium>
    <minerals-zinc>0.03000</minerals-zinc>
    <other-alcohol>0.00000</other-alcohol>
    <other-cost>0.0</other-cost>
    <other-water>83.80000</other-water>
    <other-weight>100.00000</other-weight>
    <protein-complete>0.00000</protein-complete>
    <protein-total>0.20000</protein-total>
    <vitamins-choline>3.50000</vitamins-choline>
    <vitamins-folate>1.00000</vitamins-folate>
    <vitamins-niacin>0.10600</vitamins-niacin>
    <vitamins-pantothenic_acid>0.09000</vitamins-pantothenic_acid>
    <vitamins-riboflavin>0.02800</vitamins-riboflavin>
    <vitamins-thiamin>0.01400</vitamins-thiamin>
    <vitamins-vitamin_a>1.00000</vitamins-vitamin_a>
    <vitamins-vitamin_b12>0.00000</vitamins-vitamin_b12>
    <vitamins-vitamin_b6>0.03400</vitamins-vitamin_b6>
    <vitamins-vitamin_c>26.80000</vitamins-vitamin_c>
    <vitamins-vitamin_d>0.00000</vitamins-vitamin_d>
    <vitamins-vitamin_e>0.21000</vitamins-vitamin_e>
    <vitamins-vitamin_k>0.80000</vitamins-vitamin_k>
</food>