<food xmlns:xsi="http://www.w3.org/2001/XMLSchema-instance" xsi:noNamespaceSchemaLocation="https://xjrga.github.io/schemas/food_v2.xsd">
    <food-id>03199</food-id>
    <food-name>Babyfood, cereal, with eggs, strained</food-name>
    <carbohydrates-carbs_by_diff>8.00000</carbohydrates-carbs_by_diff>
    <carbohydrates-fiber>0.00000</carbohydrates-fiber>
    <carbohydrates-glycemicindex>0.00000</carbohydrates-glycemicindex>
    <energy-gross>58.00000</energy-gross>
    <fats-cholesterol>51.00000</fats-cholesterol>
    <fats-dha>0.00000</fats-dha>
    <fats-epa>0.00000</fats-epa>
    <fats-lauric>0.00000</fats-lauric>
    <fats-linoleic>0.29000</fats-linoleic>
    <fats-linolenic>0.02000</fats-linolenic>
    <fats-monounsaturated>0.61000</fats-monounsaturated>
    <fats-myristic>0.01000</fats-myristic>
    <fats-palmitic>0.35000</fats-palmitic>
    <fats-polyunsaturated>0.33000</fats-polyunsaturated>
    <fats-saturated>0.49000</fats-saturated>
    <fats-stearic>0.12000</fats-stearic>
    <fats-total>1.50000</fats-total>
    <minerals-calcium>27.00000</minerals-calcium>
    <minerals-copper>0.02500</minerals-copper>
    <minerals-iron>0.54000</minerals-iron>
    <minerals-magnesium>3.00000</minerals-magnesium>
    <minerals-manganese>0.00000</minerals-manganese>
    <minerals-phosphorus>46.00000</minerals-phosphorus>
    <minerals-potassium>44.00000</minerals-potassium>
    <minerals-selenium>0.00000</minerals-selenium>
    <minerals-sodium>38.00000</minerals-sodium>
    <minerals-zinc>0.33000</minerals-zinc>
    <other-alcohol>0.00000</other-alcohol>
    <other-cost>0.0</other-cost>
    <other-water>87.20000</other-water>
    <other-weight>100.00000</other-weight>
    <protein-complete>0.00000</protein-complete>
    <protein-total>2.20000</protein-total>
    <vitamins-choline>0.00000</vitamins-choline>
    <vitamins-folate>9.00000</vitamins-folate>
    <vitamins-niacin>0.05600</vitamins-niacin>
    <vitamins-pantothenic_acid>1.00300</vitamins-pantothenic_acid>
    <vitamins-riboflavin>0.05000</vitamins-riboflavin>
    <vitamins-thiamin>0.01000</vitamins-thiamin>
    <vitamins-vitamin_a>0.00000</vitamins-vitamin_a>
    <vitamins-vitamin_b12>0.08000</vitamins-vitamin_b12>
    <vitamins-vitamin_b6>0.02400</vitamins-vitamin_b6>
    <vitamins-vitamin_c>0.80000</vitamins-vitamin_c>
    <vitamins-vitamin_d>0.00000</vitamins-vitamin_d>
    <vitamins-vitamin_e>0.00000</vitamins-vitamin_e>
    <vitamins-vitamin_k>0.00000</vitamins-vitamin_k>
</food>