<food xmlns:xsi="http://www.w3.org/2001/XMLSchema-instance" xsi:noNamespaceSchemaLocation="https://xjrga.github.io/schemas/food_v2.xsd">
    <food-id>03109</food-id>
    <food-name>Babyfood, vegetables, sweet potatoes, junior</food-name>
    <carbohydrates-carbs_by_diff>14.00000</carbohydrates-carbs_by_diff>
    <carbohydrates-fiber>1.50000</carbohydrates-fiber>
    <carbohydrates-glycemicindex>0.00000</carbohydrates-glycemicindex>
    <energy-gross>60.00000</energy-gross>
    <fats-cholesterol>0.00000</fats-cholesterol>
    <fats-dha>0.00000</fats-dha>
    <fats-epa>0.00000</fats-epa>
    <fats-lauric>0.00000</fats-lauric>
    <fats-linoleic>0.03700</fats-linoleic>
    <fats-linolenic>0.00700</fats-linolenic>
    <fats-monounsaturated>0.00400</fats-monounsaturated>
    <fats-myristic>0.00000</fats-myristic>
    <fats-palmitic>0.01000</fats-palmitic>
    <fats-polyunsaturated>0.04400</fats-polyunsaturated>
    <fats-saturated>0.02100</fats-saturated>
    <fats-stearic>0.00200</fats-stearic>
    <fats-total>0.10000</fats-total>
    <minerals-calcium>16.00000</minerals-calcium>
    <minerals-copper>0.10000</minerals-copper>
    <minerals-iron>0.39000</minerals-iron>
    <minerals-magnesium>12.00000</minerals-magnesium>
    <minerals-manganese>0.00000</minerals-manganese>
    <minerals-phosphorus>24.00000</minerals-phosphorus>
    <minerals-potassium>243.00000</minerals-potassium>
    <minerals-selenium>0.70000</minerals-selenium>
    <minerals-sodium>18.00000</minerals-sodium>
    <minerals-zinc>0.11000</minerals-zinc>
    <other-alcohol>0.00000</other-alcohol>
    <other-cost>0.0</other-cost>
    <other-water>84.10000</other-water>
    <other-weight>100.00000</other-weight>
    <protein-complete>0.00000</protein-complete>
    <protein-total>1.10000</protein-total>
    <vitamins-choline>13.10000</vitamins-choline>
    <vitamins-folate>10.00000</vitamins-folate>
    <vitamins-niacin>0.38400</vitamins-niacin>
    <vitamins-pantothenic_acid>0.40800</vitamins-pantothenic_acid>
    <vitamins-riboflavin>0.03400</vitamins-riboflavin>
    <vitamins-thiamin>0.02600</vitamins-thiamin>
    <vitamins-vitamin_a>332.00000</vitamins-vitamin_a>
    <vitamins-vitamin_b12>0.00000</vitamins-vitamin_b12>
    <vitamins-vitamin_b6>0.11300</vitamins-vitamin_b6>
    <vitamins-vitamin_c>9.60000</vitamins-vitamin_c>
    <vitamins-vitamin_d>0.00000</vitamins-vitamin_d>
    <vitamins-vitamin_e>0.52000</vitamins-vitamin_e>
    <vitamins-vitamin_k>1.50000</vitamins-vitamin_k>
</food>