<food xmlns:xsi="http://www.w3.org/2001/XMLSchema-instance" xsi:noNamespaceSchemaLocation="https://xjrga.github.io/schemas/food_v2.xsd">
    <food-id>03137</food-id>
    <food-name>Babyfood, fruit, prunes with tapioca, without ascorbic acid, junior</food-name>
    <carbohydrates-carbs_by_diff>18.70000</carbohydrates-carbs_by_diff>
    <carbohydrates-fiber>2.70000</carbohydrates-fiber>
    <carbohydrates-glycemicindex>0.00000</carbohydrates-glycemicindex>
    <energy-gross>70.00000</energy-gross>
    <fats-cholesterol>0.00000</fats-cholesterol>
    <fats-dha>0.00000</fats-dha>
    <fats-epa>0.00000</fats-epa>
    <fats-lauric>0.00000</fats-lauric>
    <fats-linoleic>0.02200</fats-linoleic>
    <fats-linolenic>0.00000</fats-linolenic>
    <fats-monounsaturated>0.06600</fats-monounsaturated>
    <fats-myristic>0.00000</fats-myristic>
    <fats-palmitic>0.00700</fats-palmitic>
    <fats-polyunsaturated>0.02200</fats-polyunsaturated>
    <fats-saturated>0.00800</fats-saturated>
    <fats-stearic>0.00100</fats-stearic>
    <fats-total>0.10000</fats-total>
    <minerals-calcium>15.00000</minerals-calcium>
    <minerals-copper>0.06200</minerals-copper>
    <minerals-iron>0.33000</minerals-iron>
    <minerals-magnesium>10.00000</minerals-magnesium>
    <minerals-manganese>0.00000</minerals-manganese>
    <minerals-phosphorus>15.00000</minerals-phosphorus>
    <minerals-potassium>162.00000</minerals-potassium>
    <minerals-selenium>0.50000</minerals-selenium>
    <minerals-sodium>2.00000</minerals-sodium>
    <minerals-zinc>0.10000</minerals-zinc>
    <other-alcohol>0.00000</other-alcohol>
    <other-cost>0.0</other-cost>
    <other-water>80.10000</other-water>
    <other-weight>100.00000</other-weight>
    <protein-complete>0.00000</protein-complete>
    <protein-total>0.60000</protein-total>
    <vitamins-choline>0.00000</vitamins-choline>
    <vitamins-folate>1.00000</vitamins-folate>
    <vitamins-niacin>0.52600</vitamins-niacin>
    <vitamins-pantothenic_acid>0.14100</vitamins-pantothenic_acid>
    <vitamins-riboflavin>0.08300</vitamins-riboflavin>
    <vitamins-thiamin>0.02200</vitamins-thiamin>
    <vitamins-vitamin_a>10.00000</vitamins-vitamin_a>
    <vitamins-vitamin_b12>0.00000</vitamins-vitamin_b12>
    <vitamins-vitamin_b6>0.08600</vitamins-vitamin_b6>
    <vitamins-vitamin_c>0.80000</vitamins-vitamin_c>
    <vitamins-vitamin_d>0.00000</vitamins-vitamin_d>
    <vitamins-vitamin_e>0.11000</vitamins-vitamin_e>
    <vitamins-vitamin_k>15.80000</vitamins-vitamin_k>
</food>