<food xmlns:xsi="http://www.w3.org/2001/XMLSchema-instance" xsi:noNamespaceSchemaLocation="https://xjrga.github.io/schemas/food_v2.xsd">
    <food-id>03112</food-id>
    <food-name>Babyfood, potatoes, toddler</food-name>
    <carbohydrates-carbs_by_diff>11.73000</carbohydrates-carbs_by_diff>
    <carbohydrates-fiber>0.90000</carbohydrates-fiber>
    <carbohydrates-glycemicindex>0.00000</carbohydrates-glycemicindex>
    <energy-gross>52.00000</energy-gross>
    <fats-cholesterol>0.00000</fats-cholesterol>
    <fats-dha>0.00000</fats-dha>
    <fats-epa>0.00000</fats-epa>
    <fats-lauric>0.00200</fats-lauric>
    <fats-linoleic>0.01900</fats-linoleic>
    <fats-linolenic>0.00600</fats-linolenic>
    <fats-monounsaturated>0.00200</fats-monounsaturated>
    <fats-myristic>0.00100</fats-myristic>
    <fats-palmitic>0.00900</fats-palmitic>
    <fats-polyunsaturated>0.02500</fats-polyunsaturated>
    <fats-saturated>0.01500</fats-saturated>
    <fats-stearic>0.00200</fats-stearic>
    <fats-total>0.10000</fats-total>
    <minerals-calcium>4.00000</minerals-calcium>
    <minerals-copper>0.07000</minerals-copper>
    <minerals-iron>0.20000</minerals-iron>
    <minerals-magnesium>15.00000</minerals-magnesium>
    <minerals-manganese>0.07000</minerals-manganese>
    <minerals-phosphorus>23.00000</minerals-phosphorus>
    <minerals-potassium>110.00000</minerals-potassium>
    <minerals-selenium>0.80000</minerals-selenium>
    <minerals-sodium>57.00000</minerals-sodium>
    <minerals-zinc>0.17000</minerals-zinc>
    <other-alcohol>0.00000</other-alcohol>
    <other-cost>0.0</other-cost>
    <other-water>86.80000</other-water>
    <other-weight>100.00000</other-weight>
    <protein-complete>0.00000</protein-complete>
    <protein-total>1.00000</protein-total>
    <vitamins-choline>13.20000</vitamins-choline>
    <vitamins-folate>6.00000</vitamins-folate>
    <vitamins-niacin>0.35000</vitamins-niacin>
    <vitamins-pantothenic_acid>0.30500</vitamins-pantothenic_acid>
    <vitamins-riboflavin>0.01000</vitamins-riboflavin>
    <vitamins-thiamin>0.02000</vitamins-thiamin>
    <vitamins-vitamin_a>0.00000</vitamins-vitamin_a>
    <vitamins-vitamin_b12>0.00000</vitamins-vitamin_b12>
    <vitamins-vitamin_b6>0.07000</vitamins-vitamin_b6>
    <vitamins-vitamin_c>10.50000</vitamins-vitamin_c>
    <vitamins-vitamin_d>0.00000</vitamins-vitamin_d>
    <vitamins-vitamin_e>0.02000</vitamins-vitamin_e>
    <vitamins-vitamin_k>0.20000</vitamins-vitamin_k>
</food>