<food xmlns:xsi="http://www.w3.org/2001/XMLSchema-instance" xsi:noNamespaceSchemaLocation="https://xjrga.github.io/schemas/food_v2.xsd">
    <food-id>03120</food-id>
    <food-name>Babyfood, vegetables, corn, creamed, junior</food-name>
    <carbohydrates-carbs_by_diff>16.25000</carbohydrates-carbs_by_diff>
    <carbohydrates-fiber>2.10000</carbohydrates-fiber>
    <carbohydrates-glycemicindex>0.00000</carbohydrates-glycemicindex>
    <energy-gross>65.00000</energy-gross>
    <fats-cholesterol>1.00000</fats-cholesterol>
    <fats-dha>0.00000</fats-dha>
    <fats-epa>0.00000</fats-epa>
    <fats-lauric>0.00000</fats-lauric>
    <fats-linoleic>0.17300</fats-linoleic>
    <fats-linolenic>0.00600</fats-linolenic>
    <fats-monounsaturated>0.11600</fats-monounsaturated>
    <fats-myristic>0.00200</fats-myristic>
    <fats-palmitic>0.06000</fats-palmitic>
    <fats-polyunsaturated>0.17800</fats-polyunsaturated>
    <fats-saturated>0.07400</fats-saturated>
    <fats-stearic>0.00600</fats-stearic>
    <fats-total>0.40000</fats-total>
    <minerals-calcium>4.00000</minerals-calcium>
    <minerals-copper>0.03800</minerals-copper>
    <minerals-iron>0.27000</minerals-iron>
    <minerals-magnesium>8.00000</minerals-magnesium>
    <minerals-manganese>0.00000</minerals-manganese>
    <minerals-phosphorus>33.00000</minerals-phosphorus>
    <minerals-potassium>81.00000</minerals-potassium>
    <minerals-selenium>1.30000</minerals-selenium>
    <minerals-sodium>52.00000</minerals-sodium>
    <minerals-zinc>0.23000</minerals-zinc>
    <other-alcohol>0.00000</other-alcohol>
    <other-cost>0.0</other-cost>
    <other-water>81.40000</other-water>
    <other-weight>100.00000</other-weight>
    <protein-complete>0.00000</protein-complete>
    <protein-total>1.40000</protein-total>
    <vitamins-choline>8.60000</vitamins-choline>
    <vitamins-folate>20.00000</vitamins-folate>
    <vitamins-niacin>0.50400</vitamins-niacin>
    <vitamins-pantothenic_acid>0.32700</vitamins-pantothenic_acid>
    <vitamins-riboflavin>0.04800</vitamins-riboflavin>
    <vitamins-thiamin>0.01300</vitamins-thiamin>
    <vitamins-vitamin_a>2.00000</vitamins-vitamin_a>
    <vitamins-vitamin_b12>0.02000</vitamins-vitamin_b12>
    <vitamins-vitamin_b6>0.04100</vitamins-vitamin_b6>
    <vitamins-vitamin_c>2.20000</vitamins-vitamin_c>
    <vitamins-vitamin_d>0.00000</vitamins-vitamin_d>
    <vitamins-vitamin_e>0.04000</vitamins-vitamin_e>
    <vitamins-vitamin_k>0.00000</vitamins-vitamin_k>
</food>