<food xmlns:xsi="http://www.w3.org/2001/XMLSchema-instance" xsi:noNamespaceSchemaLocation="https://xjrga.github.io/schemas/food_v2.xsd">
    <food-id>03193</food-id>
    <food-name>Babyfood, cereal, oatmeal, with honey, dry</food-name>
    <carbohydrates-carbs_by_diff>69.30000</carbohydrates-carbs_by_diff>
    <carbohydrates-fiber>0.00000</carbohydrates-fiber>
    <carbohydrates-glycemicindex>0.00000</carbohydrates-glycemicindex>
    <energy-gross>391.00000</energy-gross>
    <fats-cholesterol>0.00000</fats-cholesterol>
    <fats-dha>0.00000</fats-dha>
    <fats-epa>0.00000</fats-epa>
    <fats-lauric>0.00000</fats-lauric>
    <fats-linoleic>0.00000</fats-linoleic>
    <fats-linolenic>0.00000</fats-linolenic>
    <fats-monounsaturated>0.00000</fats-monounsaturated>
    <fats-myristic>0.00000</fats-myristic>
    <fats-palmitic>0.00000</fats-palmitic>
    <fats-polyunsaturated>0.00000</fats-polyunsaturated>
    <fats-saturated>0.00000</fats-saturated>
    <fats-stearic>0.00000</fats-stearic>
    <fats-total>7.00000</fats-total>
    <minerals-calcium>1154.00000</minerals-calcium>
    <minerals-copper>0.52900</minerals-copper>
    <minerals-iron>67.23000</minerals-iron>
    <minerals-magnesium>146.00000</minerals-magnesium>
    <minerals-manganese>0.00000</minerals-manganese>
    <minerals-phosphorus>733.00000</minerals-phosphorus>
    <minerals-potassium>259.00000</minerals-potassium>
    <minerals-selenium>36.40000</minerals-selenium>
    <minerals-sodium>47.00000</minerals-sodium>
    <minerals-zinc>3.70000</minerals-zinc>
    <other-alcohol>0.00000</other-alcohol>
    <other-cost>0.0</other-cost>
    <other-water>5.80000</other-water>
    <other-weight>100.00000</other-weight>
    <protein-complete>0.00000</protein-complete>
    <protein-total>13.50000</protein-total>
    <vitamins-choline>0.00000</vitamins-choline>
    <vitamins-folate>35.00000</vitamins-folate>
    <vitamins-niacin>36.29200</vitamins-niacin>
    <vitamins-pantothenic_acid>1.54000</vitamins-pantothenic_acid>
    <vitamins-riboflavin>2.84200</vitamins-riboflavin>
    <vitamins-thiamin>2.77100</vitamins-thiamin>
    <vitamins-vitamin_a>1.00000</vitamins-vitamin_a>
    <vitamins-vitamin_b12>0.00000</vitamins-vitamin_b12>
    <vitamins-vitamin_b6>0.15400</vitamins-vitamin_b6>
    <vitamins-vitamin_c>0.00000</vitamins-vitamin_c>
    <vitamins-vitamin_d>0.00000</vitamins-vitamin_d>
    <vitamins-vitamin_e>0.00000</vitamins-vitamin_e>
    <vitamins-vitamin_k>0.00000</vitamins-vitamin_k>
</food>