<food xmlns:xsi="http://www.w3.org/2001/XMLSchema-instance" xsi:noNamespaceSchemaLocation="https://xjrga.github.io/schemas/food_v2.xsd">
    <food-id>03163</food-id>
    <food-name>Babyfood, fruit, bananas with apples and pears, strained</food-name>
    <carbohydrates-carbs_by_diff>19.31000</carbohydrates-carbs_by_diff>
    <carbohydrates-fiber>1.40000</carbohydrates-fiber>
    <carbohydrates-glycemicindex>0.00000</carbohydrates-glycemicindex>
    <energy-gross>83.00000</energy-gross>
    <fats-cholesterol>0.00000</fats-cholesterol>
    <fats-dha>0.00000</fats-dha>
    <fats-epa>0.00000</fats-epa>
    <fats-lauric>0.00100</fats-lauric>
    <fats-linoleic>0.06300</fats-linoleic>
    <fats-linolenic>0.02200</fats-linolenic>
    <fats-monounsaturated>0.02800</fats-monounsaturated>
    <fats-myristic>0.00200</fats-myristic>
    <fats-palmitic>0.07000</fats-palmitic>
    <fats-polyunsaturated>0.08500</fats-polyunsaturated>
    <fats-saturated>0.10600</fats-saturated>
    <fats-stearic>0.00500</fats-stearic>
    <fats-total>0.22000</fats-total>
    <minerals-calcium>5.00000</minerals-calcium>
    <minerals-copper>0.08000</minerals-copper>
    <minerals-iron>0.30000</minerals-iron>
    <minerals-magnesium>25.00000</minerals-magnesium>
    <minerals-manganese>0.08200</minerals-manganese>
    <minerals-phosphorus>19.00000</minerals-phosphorus>
    <minerals-potassium>233.00000</minerals-potassium>
    <minerals-selenium>0.60000</minerals-selenium>
    <minerals-sodium>2.00000</minerals-sodium>
    <minerals-zinc>0.10000</minerals-zinc>
    <other-alcohol>0.00000</other-alcohol>
    <other-cost>0.0</other-cost>
    <other-water>79.00000</other-water>
    <other-weight>100.00000</other-weight>
    <protein-complete>0.00000</protein-complete>
    <protein-total>0.90000</protein-total>
    <vitamins-choline>7.10000</vitamins-choline>
    <vitamins-folate>5.00000</vitamins-folate>
    <vitamins-niacin>0.55000</vitamins-niacin>
    <vitamins-pantothenic_acid>0.14500</vitamins-pantothenic_acid>
    <vitamins-riboflavin>0.03000</vitamins-riboflavin>
    <vitamins-thiamin>0.01000</vitamins-thiamin>
    <vitamins-vitamin_a>3.00000</vitamins-vitamin_a>
    <vitamins-vitamin_b12>0.00000</vitamins-vitamin_b12>
    <vitamins-vitamin_b6>0.29000</vitamins-vitamin_b6>
    <vitamins-vitamin_c>13.90000</vitamins-vitamin_c>
    <vitamins-vitamin_d>0.00000</vitamins-vitamin_d>
    <vitamins-vitamin_e>0.08000</vitamins-vitamin_e>
    <vitamins-vitamin_k>0.60000</vitamins-vitamin_k>
</food>