<food xmlns:xsi="http://www.w3.org/2001/XMLSchema-instance" xsi:noNamespaceSchemaLocation="https://xjrga.github.io/schemas/food_v2.xsd">
    <food-id>03154</food-id>
    <food-name>Babyfood, fruit and vegetable, apple and sweet potato</food-name>
    <carbohydrates-carbs_by_diff>15.30000</carbohydrates-carbs_by_diff>
    <carbohydrates-fiber>1.40000</carbohydrates-fiber>
    <carbohydrates-glycemicindex>0.00000</carbohydrates-glycemicindex>
    <energy-gross>64.00000</energy-gross>
    <fats-cholesterol>0.00000</fats-cholesterol>
    <fats-dha>0.00000</fats-dha>
    <fats-epa>0.00000</fats-epa>
    <fats-lauric>0.00100</fats-lauric>
    <fats-linoleic>0.06600</fats-linoleic>
    <fats-linolenic>0.01300</fats-linolenic>
    <fats-monounsaturated>0.00800</fats-monounsaturated>
    <fats-myristic>0.00100</fats-myristic>
    <fats-palmitic>0.03000</fats-palmitic>
    <fats-polyunsaturated>0.07900</fats-polyunsaturated>
    <fats-saturated>0.04100</fats-saturated>
    <fats-stearic>0.00400</fats-stearic>
    <fats-total>0.22000</fats-total>
    <minerals-calcium>8.00000</minerals-calcium>
    <minerals-copper>0.09000</minerals-copper>
    <minerals-iron>0.20000</minerals-iron>
    <minerals-magnesium>6.00000</minerals-magnesium>
    <minerals-manganese>0.06000</minerals-manganese>
    <minerals-phosphorus>17.00000</minerals-phosphorus>
    <minerals-potassium>149.00000</minerals-potassium>
    <minerals-selenium>0.30000</minerals-selenium>
    <minerals-sodium>3.00000</minerals-sodium>
    <minerals-zinc>0.10000</minerals-zinc>
    <other-alcohol>0.00000</other-alcohol>
    <other-cost>0.0</other-cost>
    <other-water>84.00000</other-water>
    <other-weight>100.00000</other-weight>
    <protein-complete>0.00000</protein-complete>
    <protein-total>0.30000</protein-total>
    <vitamins-choline>4.40000</vitamins-choline>
    <vitamins-folate>2.00000</vitamins-folate>
    <vitamins-niacin>0.10000</vitamins-niacin>
    <vitamins-pantothenic_acid>0.10300</vitamins-pantothenic_acid>
    <vitamins-riboflavin>0.02000</vitamins-riboflavin>
    <vitamins-thiamin>0.01000</vitamins-thiamin>
    <vitamins-vitamin_a>103.00000</vitamins-vitamin_a>
    <vitamins-vitamin_b12>0.00000</vitamins-vitamin_b12>
    <vitamins-vitamin_b6>0.05000</vitamins-vitamin_b6>
    <vitamins-vitamin_c>6.40000</vitamins-vitamin_c>
    <vitamins-vitamin_d>0.00000</vitamins-vitamin_d>
    <vitamins-vitamin_e>0.16000</vitamins-vitamin_e>
    <vitamins-vitamin_k>0.80000</vitamins-vitamin_k>
</food>