<food xmlns:xsi="http://www.w3.org/2001/XMLSchema-instance" xsi:noNamespaceSchemaLocation="https://xjrga.github.io/schemas/food_v2.xsd">
    <food-id>03197</food-id>
    <food-name>Babyfood, cereal, with egg yolks, strained</food-name>
    <carbohydrates-carbs_by_diff>7.00000</carbohydrates-carbs_by_diff>
    <carbohydrates-fiber>0.90000</carbohydrates-fiber>
    <carbohydrates-glycemicindex>0.00000</carbohydrates-glycemicindex>
    <energy-gross>51.00000</energy-gross>
    <fats-cholesterol>63.00000</fats-cholesterol>
    <fats-dha>0.00000</fats-dha>
    <fats-epa>0.00000</fats-epa>
    <fats-lauric>0.00000</fats-lauric>
    <fats-linoleic>0.26000</fats-linoleic>
    <fats-linolenic>0.01000</fats-linolenic>
    <fats-monounsaturated>0.79000</fats-monounsaturated>
    <fats-myristic>0.01000</fats-myristic>
    <fats-palmitic>0.44000</fats-palmitic>
    <fats-polyunsaturated>0.30000</fats-polyunsaturated>
    <fats-saturated>0.61000</fats-saturated>
    <fats-stearic>0.15000</fats-stearic>
    <fats-total>1.80000</fats-total>
    <minerals-calcium>24.00000</minerals-calcium>
    <minerals-copper>0.02200</minerals-copper>
    <minerals-iron>0.47000</minerals-iron>
    <minerals-magnesium>3.00000</minerals-magnesium>
    <minerals-manganese>0.00000</minerals-manganese>
    <minerals-phosphorus>40.00000</minerals-phosphorus>
    <minerals-potassium>39.00000</minerals-potassium>
    <minerals-selenium>0.00000</minerals-selenium>
    <minerals-sodium>33.00000</minerals-sodium>
    <minerals-zinc>0.29000</minerals-zinc>
    <other-alcohol>0.00000</other-alcohol>
    <other-cost>0.0</other-cost>
    <other-water>88.80000</other-water>
    <other-weight>100.00000</other-weight>
    <protein-complete>0.00000</protein-complete>
    <protein-total>1.90000</protein-total>
    <vitamins-choline>0.00000</vitamins-choline>
    <vitamins-folate>3.00000</vitamins-folate>
    <vitamins-niacin>0.04900</vitamins-niacin>
    <vitamins-pantothenic_acid>0.87800</vitamins-pantothenic_acid>
    <vitamins-riboflavin>0.04400</vitamins-riboflavin>
    <vitamins-thiamin>0.00900</vitamins-thiamin>
    <vitamins-vitamin_a>40.00000</vitamins-vitamin_a>
    <vitamins-vitamin_b12>0.07000</vitamins-vitamin_b12>
    <vitamins-vitamin_b6>0.02100</vitamins-vitamin_b6>
    <vitamins-vitamin_c>0.70000</vitamins-vitamin_c>
    <vitamins-vitamin_d>0.00000</vitamins-vitamin_d>
    <vitamins-vitamin_e>0.00000</vitamins-vitamin_e>
    <vitamins-vitamin_k>0.00000</vitamins-vitamin_k>
</food>