<food xmlns:xsi="http://www.w3.org/2001/XMLSchema-instance" xsi:noNamespaceSchemaLocation="https://xjrga.github.io/schemas/food_v2.xsd">
    <food-id>03159</food-id>
    <food-name>Babyfood, fruit, pears and pineapple, junior</food-name>
    <carbohydrates-carbs_by_diff>11.40000</carbohydrates-carbs_by_diff>
    <carbohydrates-fiber>2.60000</carbohydrates-fiber>
    <carbohydrates-glycemicindex>0.00000</carbohydrates-glycemicindex>
    <energy-gross>44.00000</energy-gross>
    <fats-cholesterol>0.00000</fats-cholesterol>
    <fats-dha>0.00000</fats-dha>
    <fats-epa>0.00000</fats-epa>
    <fats-lauric>0.00000</fats-lauric>
    <fats-linoleic>0.04300</fats-linoleic>
    <fats-linolenic>0.01600</fats-linolenic>
    <fats-monounsaturated>0.03100</fats-monounsaturated>
    <fats-myristic>0.00000</fats-myristic>
    <fats-palmitic>0.00900</fats-palmitic>
    <fats-polyunsaturated>0.05800</fats-polyunsaturated>
    <fats-saturated>0.01300</fats-saturated>
    <fats-stearic>0.00400</fats-stearic>
    <fats-total>0.20000</fats-total>
    <minerals-calcium>10.00000</minerals-calcium>
    <minerals-copper>0.10500</minerals-copper>
    <minerals-iron>0.21000</minerals-iron>
    <minerals-magnesium>7.00000</minerals-magnesium>
    <minerals-manganese>0.00000</minerals-manganese>
    <minerals-phosphorus>10.00000</minerals-phosphorus>
    <minerals-potassium>118.00000</minerals-potassium>
    <minerals-selenium>0.40000</minerals-selenium>
    <minerals-sodium>0.00000</minerals-sodium>
    <minerals-zinc>0.13000</minerals-zinc>
    <other-alcohol>0.00000</other-alcohol>
    <other-cost>0.0</other-cost>
    <other-water>87.80000</other-water>
    <other-weight>100.00000</other-weight>
    <protein-complete>0.00000</protein-complete>
    <protein-total>0.30000</protein-total>
    <vitamins-choline>3.20000</vitamins-choline>
    <vitamins-folate>3.00000</vitamins-folate>
    <vitamins-niacin>0.18300</vitamins-niacin>
    <vitamins-pantothenic_acid>0.09500</vitamins-pantothenic_acid>
    <vitamins-riboflavin>0.02300</vitamins-riboflavin>
    <vitamins-thiamin>0.02400</vitamins-thiamin>
    <vitamins-vitamin_a>2.00000</vitamins-vitamin_a>
    <vitamins-vitamin_b12>0.00000</vitamins-vitamin_b12>
    <vitamins-vitamin_b6>0.01300</vitamins-vitamin_b6>
    <vitamins-vitamin_c>16.80000</vitamins-vitamin_c>
    <vitamins-vitamin_d>0.00000</vitamins-vitamin_d>
    <vitamins-vitamin_e>0.08000</vitamins-vitamin_e>
    <vitamins-vitamin_k>3.00000</vitamins-vitamin_k>
</food>