<food xmlns:xsi="http://www.w3.org/2001/XMLSchema-instance" xsi:noNamespaceSchemaLocation="https://xjrga.github.io/schemas/food_v2.xsd">
    <food-id>03132</food-id>
    <food-name>Babyfood, fruit, pears, strained</food-name>
    <carbohydrates-carbs_by_diff>10.80000</carbohydrates-carbs_by_diff>
    <carbohydrates-fiber>2.80000</carbohydrates-fiber>
    <carbohydrates-glycemicindex>0.00000</carbohydrates-glycemicindex>
    <energy-gross>42.00000</energy-gross>
    <fats-cholesterol>0.00000</fats-cholesterol>
    <fats-dha>0.00000</fats-dha>
    <fats-epa>0.00000</fats-epa>
    <fats-lauric>0.00000</fats-lauric>
    <fats-linoleic>0.04600</fats-linoleic>
    <fats-linolenic>0.00000</fats-linolenic>
    <fats-monounsaturated>0.04200</fats-monounsaturated>
    <fats-myristic>0.00000</fats-myristic>
    <fats-palmitic>0.00800</fats-palmitic>
    <fats-polyunsaturated>0.04600</fats-polyunsaturated>
    <fats-saturated>0.01200</fats-saturated>
    <fats-stearic>0.00200</fats-stearic>
    <fats-total>0.20000</fats-total>
    <minerals-calcium>8.00000</minerals-calcium>
    <minerals-copper>0.06500</minerals-copper>
    <minerals-iron>0.24000</minerals-iron>
    <minerals-magnesium>8.00000</minerals-magnesium>
    <minerals-manganese>0.00000</minerals-manganese>
    <minerals-phosphorus>12.00000</minerals-phosphorus>
    <minerals-potassium>130.00000</minerals-potassium>
    <minerals-selenium>0.40000</minerals-selenium>
    <minerals-sodium>1.00000</minerals-sodium>
    <minerals-zinc>0.08000</minerals-zinc>
    <other-alcohol>0.00000</other-alcohol>
    <other-cost>0.0</other-cost>
    <other-water>88.40000</other-water>
    <other-weight>100.00000</other-weight>
    <protein-complete>0.00000</protein-complete>
    <protein-total>0.30000</protein-total>
    <vitamins-choline>3.60000</vitamins-choline>
    <vitamins-folate>4.00000</vitamins-folate>
    <vitamins-niacin>0.18900</vitamins-niacin>
    <vitamins-pantothenic_acid>0.09000</vitamins-pantothenic_acid>
    <vitamins-riboflavin>0.02800</vitamins-riboflavin>
    <vitamins-thiamin>0.01300</vitamins-thiamin>
    <vitamins-vitamin_a>1.00000</vitamins-vitamin_a>
    <vitamins-vitamin_b12>0.00000</vitamins-vitamin_b12>
    <vitamins-vitamin_b6>0.00800</vitamins-vitamin_b6>
    <vitamins-vitamin_c>24.50000</vitamins-vitamin_c>
    <vitamins-vitamin_d>0.00000</vitamins-vitamin_d>
    <vitamins-vitamin_e>0.09000</vitamins-vitamin_e>
    <vitamins-vitamin_k>3.20000</vitamins-vitamin_k>
</food>