<food xmlns:xsi="http://www.w3.org/2001/XMLSchema-instance" xsi:noNamespaceSchemaLocation="https://xjrga.github.io/schemas/food_v2.xsd">
    <food-id>03188</food-id>
    <food-name>Babyfood, cereal, mixed, with applesauce and bananas, junior, fortified</food-name>
    <carbohydrates-carbs_by_diff>18.79000</carbohydrates-carbs_by_diff>
    <carbohydrates-fiber>1.00000</carbohydrates-fiber>
    <carbohydrates-glycemicindex>0.00000</carbohydrates-glycemicindex>
    <energy-gross>84.00000</energy-gross>
    <fats-cholesterol>0.00000</fats-cholesterol>
    <fats-dha>0.00000</fats-dha>
    <fats-epa>0.00000</fats-epa>
    <fats-lauric>0.00100</fats-lauric>
    <fats-linoleic>0.14500</fats-linoleic>
    <fats-linolenic>0.00400</fats-linolenic>
    <fats-monounsaturated>0.10800</fats-monounsaturated>
    <fats-myristic>0.00100</fats-myristic>
    <fats-palmitic>0.06000</fats-palmitic>
    <fats-polyunsaturated>0.15200</fats-polyunsaturated>
    <fats-saturated>0.07200</fats-saturated>
    <fats-stearic>0.00400</fats-stearic>
    <fats-total>0.51000</fats-total>
    <minerals-calcium>91.00000</minerals-calcium>
    <minerals-copper>0.05500</minerals-copper>
    <minerals-iron>6.81000</minerals-iron>
    <minerals-magnesium>7.00000</minerals-magnesium>
    <minerals-manganese>0.00000</minerals-manganese>
    <minerals-phosphorus>29.00000</minerals-phosphorus>
    <minerals-potassium>111.00000</minerals-potassium>
    <minerals-selenium>2.60000</minerals-selenium>
    <minerals-sodium>5.00000</minerals-sodium>
    <minerals-zinc>1.01000</minerals-zinc>
    <other-alcohol>0.00000</other-alcohol>
    <other-cost>0.0</other-cost>
    <other-water>79.60000</other-water>
    <other-weight>100.00000</other-weight>
    <protein-complete>0.00000</protein-complete>
    <protein-total>0.71000</protein-total>
    <vitamins-choline>3.50000</vitamins-choline>
    <vitamins-folate>43.00000</vitamins-folate>
    <vitamins-niacin>2.02000</vitamins-niacin>
    <vitamins-pantothenic_acid>0.19500</vitamins-pantothenic_acid>
    <vitamins-riboflavin>0.15600</vitamins-riboflavin>
    <vitamins-thiamin>0.12600</vitamins-thiamin>
    <vitamins-vitamin_a>0.00000</vitamins-vitamin_a>
    <vitamins-vitamin_b12>0.51000</vitamins-vitamin_b12>
    <vitamins-vitamin_b6>0.10100</vitamins-vitamin_b6>
    <vitamins-vitamin_c>15.90000</vitamins-vitamin_c>
    <vitamins-vitamin_d>0.00000</vitamins-vitamin_d>
    <vitamins-vitamin_e>0.68000</vitamins-vitamin_e>
    <vitamins-vitamin_k>0.30000</vitamins-vitamin_k>
</food>