<food xmlns:xsi="http://www.w3.org/2001/XMLSchema-instance" xsi:noNamespaceSchemaLocation="https://xjrga.github.io/schemas/food_v2.xsd">
    <food-id>03190</food-id>
    <food-name>Babyfood, cereal, oatmeal, with bananas, dry</food-name>
    <carbohydrates-carbs_by_diff>78.07000</carbohydrates-carbs_by_diff>
    <carbohydrates-fiber>5.20000</carbohydrates-fiber>
    <carbohydrates-glycemicindex>0.00000</carbohydrates-glycemicindex>
    <energy-gross>399.00000</energy-gross>
    <fats-cholesterol>0.00000</fats-cholesterol>
    <fats-dha>0.00000</fats-dha>
    <fats-epa>0.00000</fats-epa>
    <fats-lauric>0.01000</fats-lauric>
    <fats-linoleic>1.97000</fats-linoleic>
    <fats-linolenic>0.16600</fats-linolenic>
    <fats-monounsaturated>1.42900</fats-monounsaturated>
    <fats-myristic>0.01000</fats-myristic>
    <fats-palmitic>0.97000</fats-palmitic>
    <fats-polyunsaturated>2.18600</fats-polyunsaturated>
    <fats-saturated>1.26700</fats-saturated>
    <fats-stearic>0.09000</fats-stearic>
    <fats-total>6.67000</fats-total>
    <minerals-calcium>800.00000</minerals-calcium>
    <minerals-copper>0.39100</minerals-copper>
    <minerals-iron>45.00000</minerals-iron>
    <minerals-magnesium>118.00000</minerals-magnesium>
    <minerals-manganese>0.00000</minerals-manganese>
    <minerals-phosphorus>267.00000</minerals-phosphorus>
    <minerals-potassium>600.00000</minerals-potassium>
    <minerals-selenium>20.50000</minerals-selenium>
    <minerals-sodium>33.00000</minerals-sodium>
    <minerals-zinc>1.90000</minerals-zinc>
    <other-alcohol>0.00000</other-alcohol>
    <other-cost>0.0</other-cost>
    <other-water>4.70000</other-water>
    <other-weight>100.00000</other-weight>
    <protein-complete>0.00000</protein-complete>
    <protein-total>6.67000</protein-total>
    <vitamins-choline>28.70000</vitamins-choline>
    <vitamins-folate>259.00000</vitamins-folate>
    <vitamins-niacin>13.00000</vitamins-niacin>
    <vitamins-pantothenic_acid>0.00000</vitamins-pantothenic_acid>
    <vitamins-riboflavin>1.00000</vitamins-riboflavin>
    <vitamins-thiamin>0.83300</vitamins-thiamin>
    <vitamins-vitamin_a>0.00000</vitamins-vitamin_a>
    <vitamins-vitamin_b12>3.33000</vitamins-vitamin_b12>
    <vitamins-vitamin_b6>0.66000</vitamins-vitamin_b6>
    <vitamins-vitamin_c>58.30000</vitamins-vitamin_c>
    <vitamins-vitamin_d>0.00000</vitamins-vitamin_d>
    <vitamins-vitamin_e>5.00000</vitamins-vitamin_e>
    <vitamins-vitamin_k>3.00000</vitamins-vitamin_k>
</food>