<food xmlns:xsi="http://www.w3.org/2001/XMLSchema-instance" xsi:noNamespaceSchemaLocation="https://xjrga.github.io/schemas/food_v2.xsd">
    <food-id>03128</food-id>
    <food-name>Babyfood, fruit, apricot with tapioca, junior</food-name>
    <carbohydrates-carbs_by_diff>17.30000</carbohydrates-carbs_by_diff>
    <carbohydrates-fiber>1.50000</carbohydrates-fiber>
    <carbohydrates-glycemicindex>0.00000</carbohydrates-glycemicindex>
    <energy-gross>63.00000</energy-gross>
    <fats-cholesterol>0.00000</fats-cholesterol>
    <fats-dha>0.00000</fats-dha>
    <fats-epa>0.00000</fats-epa>
    <fats-lauric>0.00000</fats-lauric>
    <fats-linoleic>0.00000</fats-linoleic>
    <fats-linolenic>0.00000</fats-linolenic>
    <fats-monounsaturated>0.00000</fats-monounsaturated>
    <fats-myristic>0.00000</fats-myristic>
    <fats-palmitic>0.00000</fats-palmitic>
    <fats-polyunsaturated>0.00000</fats-polyunsaturated>
    <fats-saturated>0.00000</fats-saturated>
    <fats-stearic>0.00000</fats-stearic>
    <fats-total>0.00000</fats-total>
    <minerals-calcium>8.00000</minerals-calcium>
    <minerals-copper>0.03600</minerals-copper>
    <minerals-iron>0.27000</minerals-iron>
    <minerals-magnesium>4.00000</minerals-magnesium>
    <minerals-manganese>0.00000</minerals-manganese>
    <minerals-phosphorus>10.00000</minerals-phosphorus>
    <minerals-potassium>125.00000</minerals-potassium>
    <minerals-selenium>0.30000</minerals-selenium>
    <minerals-sodium>0.00000</minerals-sodium>
    <minerals-zinc>0.04000</minerals-zinc>
    <other-alcohol>0.00000</other-alcohol>
    <other-cost>0.0</other-cost>
    <other-water>82.10000</other-water>
    <other-weight>100.00000</other-weight>
    <protein-complete>0.00000</protein-complete>
    <protein-total>0.30000</protein-total>
    <vitamins-choline>1.20000</vitamins-choline>
    <vitamins-folate>2.00000</vitamins-folate>
    <vitamins-niacin>0.19600</vitamins-niacin>
    <vitamins-pantothenic_acid>0.13800</vitamins-pantothenic_acid>
    <vitamins-riboflavin>0.01300</vitamins-riboflavin>
    <vitamins-thiamin>0.00800</vitamins-thiamin>
    <vitamins-vitamin_a>36.00000</vitamins-vitamin_a>
    <vitamins-vitamin_b12>0.00000</vitamins-vitamin_b12>
    <vitamins-vitamin_b6>0.02800</vitamins-vitamin_b6>
    <vitamins-vitamin_c>17.90000</vitamins-vitamin_c>
    <vitamins-vitamin_d>0.00000</vitamins-vitamin_d>
    <vitamins-vitamin_e>0.60000</vitamins-vitamin_e>
    <vitamins-vitamin_k>0.40000</vitamins-vitamin_k>
</food>