<food xmlns:xsi="http://www.w3.org/2001/XMLSchema-instance" xsi:noNamespaceSchemaLocation="https://xjrga.github.io/schemas/food_v2.xsd">
    <food-id>03185</food-id>
    <food-name>Babyfood, cereal, mixed, dry fortified</food-name>
    <carbohydrates-carbs_by_diff>78.21000</carbohydrates-carbs_by_diff>
    <carbohydrates-fiber>6.70000</carbohydrates-fiber>
    <carbohydrates-glycemicindex>0.00000</carbohydrates-glycemicindex>
    <energy-gross>399.00000</energy-gross>
    <fats-cholesterol>0.00000</fats-cholesterol>
    <fats-dha>0.00000</fats-dha>
    <fats-epa>0.00000</fats-epa>
    <fats-lauric>0.00900</fats-lauric>
    <fats-linoleic>1.61600</fats-linoleic>
    <fats-linolenic>0.04000</fats-linolenic>
    <fats-monounsaturated>1.20600</fats-monounsaturated>
    <fats-myristic>0.00700</fats-myristic>
    <fats-palmitic>0.65000</fats-palmitic>
    <fats-polyunsaturated>1.69700</fats-polyunsaturated>
    <fats-saturated>0.76900</fats-saturated>
    <fats-stearic>0.04000</fats-stearic>
    <fats-total>6.66000</fats-total>
    <minerals-calcium>800.00000</minerals-calcium>
    <minerals-copper>0.33400</minerals-copper>
    <minerals-iron>30.00000</minerals-iron>
    <minerals-magnesium>100.00000</minerals-magnesium>
    <minerals-manganese>0.00000</minerals-manganese>
    <minerals-phosphorus>333.00000</minerals-phosphorus>
    <minerals-potassium>467.00000</minerals-potassium>
    <minerals-selenium>25.90000</minerals-selenium>
    <minerals-sodium>33.00000</minerals-sodium>
    <minerals-zinc>10.66000</minerals-zinc>
    <other-alcohol>0.00000</other-alcohol>
    <other-cost>0.0</other-cost>
    <other-water>6.70000</other-water>
    <other-weight>100.00000</other-weight>
    <protein-complete>0.00000</protein-complete>
    <protein-total>6.66000</protein-total>
    <vitamins-choline>23.20000</vitamins-choline>
    <vitamins-folate>259.00000</vitamins-folate>
    <vitamins-niacin>15.00000</vitamins-niacin>
    <vitamins-pantothenic_acid>1.07400</vitamins-pantothenic_acid>
    <vitamins-riboflavin>1.33300</vitamins-riboflavin>
    <vitamins-thiamin>1.16600</vitamins-thiamin>
    <vitamins-vitamin_a>0.00000</vitamins-vitamin_a>
    <vitamins-vitamin_b12>5.00000</vitamins-vitamin_b12>
    <vitamins-vitamin_b6>1.16600</vitamins-vitamin_b6>
    <vitamins-vitamin_c>58.30000</vitamins-vitamin_c>
    <vitamins-vitamin_d>0.00000</vitamins-vitamin_d>
    <vitamins-vitamin_e>4.21000</vitamins-vitamin_e>
    <vitamins-vitamin_k>1.50000</vitamins-vitamin_k>
</food>