<food xmlns:xsi="http://www.w3.org/2001/XMLSchema-instance" xsi:noNamespaceSchemaLocation="https://xjrga.github.io/schemas/food_v2.xsd">
    <food-id>03287</food-id>
    <food-name>Babyfood, dinner, beef noodle, junior</food-name>
    <carbohydrates-carbs_by_diff>7.30000</carbohydrates-carbs_by_diff>
    <carbohydrates-fiber>1.10000</carbohydrates-fiber>
    <carbohydrates-glycemicindex>0.00000</carbohydrates-glycemicindex>
    <energy-gross>57.00000</energy-gross>
    <fats-cholesterol>8.00000</fats-cholesterol>
    <fats-dha>0.00000</fats-dha>
    <fats-epa>0.00000</fats-epa>
    <fats-lauric>0.00500</fats-lauric>
    <fats-linoleic>0.06600</fats-linoleic>
    <fats-linolenic>0.02300</fats-linolenic>
    <fats-monounsaturated>0.83800</fats-monounsaturated>
    <fats-myristic>0.05000</fats-myristic>
    <fats-palmitic>0.45000</fats-palmitic>
    <fats-polyunsaturated>0.09400</fats-polyunsaturated>
    <fats-saturated>0.76600</fats-saturated>
    <fats-stearic>0.21000</fats-stearic>
    <fats-total>1.90000</fats-total>
    <minerals-calcium>8.00000</minerals-calcium>
    <minerals-copper>0.03200</minerals-copper>
    <minerals-iron>0.43000</minerals-iron>
    <minerals-magnesium>7.00000</minerals-magnesium>
    <minerals-manganese>0.00000</minerals-manganese>
    <minerals-phosphorus>30.00000</minerals-phosphorus>
    <minerals-potassium>46.00000</minerals-potassium>
    <minerals-selenium>5.70000</minerals-selenium>
    <minerals-sodium>26.00000</minerals-sodium>
    <minerals-zinc>0.40000</minerals-zinc>
    <other-alcohol>0.00000</other-alcohol>
    <other-cost>0.0</other-cost>
    <other-water>87.80000</other-water>
    <other-weight>100.00000</other-weight>
    <protein-complete>0.00000</protein-complete>
    <protein-total>2.50000</protein-total>
    <vitamins-choline>12.10000</vitamins-choline>
    <vitamins-folate>17.00000</vitamins-folate>
    <vitamins-niacin>0.58200</vitamins-niacin>
    <vitamins-pantothenic_acid>0.23000</vitamins-pantothenic_acid>
    <vitamins-riboflavin>0.03600</vitamins-riboflavin>
    <vitamins-thiamin>0.02800</vitamins-thiamin>
    <vitamins-vitamin_a>33.00000</vitamins-vitamin_a>
    <vitamins-vitamin_b12>0.10000</vitamins-vitamin_b12>
    <vitamins-vitamin_b6>0.03100</vitamins-vitamin_b6>
    <vitamins-vitamin_c>1.40000</vitamins-vitamin_c>
    <vitamins-vitamin_d>0.00000</vitamins-vitamin_d>
    <vitamins-vitamin_e>0.47000</vitamins-vitamin_e>
    <vitamins-vitamin_k>4.60000</vitamins-vitamin_k>
</food>