<food xmlns:xsi="http://www.w3.org/2001/XMLSchema-instance" xsi:noNamespaceSchemaLocation="https://xjrga.github.io/schemas/food_v2.xsd">
    <food-id>03212</food-id>
    <food-name>Babyfood, cereal, rice, with bananas, dry</food-name>
    <carbohydrates-carbs_by_diff>79.90000</carbohydrates-carbs_by_diff>
    <carbohydrates-fiber>1.00000</carbohydrates-fiber>
    <carbohydrates-glycemicindex>0.00000</carbohydrates-glycemicindex>
    <energy-gross>404.00000</energy-gross>
    <fats-cholesterol>0.00000</fats-cholesterol>
    <fats-dha>0.00000</fats-dha>
    <fats-epa>0.00000</fats-epa>
    <fats-lauric>0.00200</fats-lauric>
    <fats-linoleic>1.28800</fats-linoleic>
    <fats-linolenic>0.21400</fats-linolenic>
    <fats-monounsaturated>0.98600</fats-monounsaturated>
    <fats-myristic>0.01000</fats-myristic>
    <fats-palmitic>0.79000</fats-palmitic>
    <fats-polyunsaturated>1.50300</fats-polyunsaturated>
    <fats-saturated>0.97800</fats-saturated>
    <fats-stearic>0.09000</fats-stearic>
    <fats-total>4.20000</fats-total>
    <minerals-calcium>691.00000</minerals-calcium>
    <minerals-copper>0.25400</minerals-copper>
    <minerals-iron>47.50000</minerals-iron>
    <minerals-magnesium>141.00000</minerals-magnesium>
    <minerals-manganese>0.00000</minerals-manganese>
    <minerals-phosphorus>410.00000</minerals-phosphorus>
    <minerals-potassium>769.00000</minerals-potassium>
    <minerals-selenium>11.60000</minerals-selenium>
    <minerals-sodium>0.00000</minerals-sodium>
    <minerals-zinc>1.50000</minerals-zinc>
    <other-alcohol>0.00000</other-alcohol>
    <other-cost>0.0</other-cost>
    <other-water>4.70000</other-water>
    <other-weight>100.00000</other-weight>
    <protein-complete>0.00000</protein-complete>
    <protein-total>8.70000</protein-total>
    <vitamins-choline>25.80000</vitamins-choline>
    <vitamins-folate>12.00000</vitamins-folate>
    <vitamins-niacin>23.32000</vitamins-niacin>
    <vitamins-pantothenic_acid>0.00000</vitamins-pantothenic_acid>
    <vitamins-riboflavin>3.80000</vitamins-riboflavin>
    <vitamins-thiamin>3.97000</vitamins-thiamin>
    <vitamins-vitamin_a>1.00000</vitamins-vitamin_a>
    <vitamins-vitamin_b12>0.00000</vitamins-vitamin_b12>
    <vitamins-vitamin_b6>0.68600</vitamins-vitamin_b6>
    <vitamins-vitamin_c>2.00000</vitamins-vitamin_c>
    <vitamins-vitamin_d>0.00000</vitamins-vitamin_d>
    <vitamins-vitamin_e>0.37000</vitamins-vitamin_e>
    <vitamins-vitamin_k>3.80000</vitamins-vitamin_k>
</food>