<food xmlns:xsi="http://www.w3.org/2001/XMLSchema-instance" xsi:noNamespaceSchemaLocation="https://xjrga.github.io/schemas/food_v2.xsd">
    <food-id>03205</food-id>
    <food-name>Babyfood, oatmeal cereal with fruit, dry, instant, toddler fortified</food-name>
    <carbohydrates-carbs_by_diff>74.10000</carbohydrates-carbs_by_diff>
    <carbohydrates-fiber>7.80000</carbohydrates-fiber>
    <carbohydrates-glycemicindex>0.00000</carbohydrates-glycemicindex>
    <energy-gross>402.00000</energy-gross>
    <fats-cholesterol>0.00000</fats-cholesterol>
    <fats-dha>0.00000</fats-dha>
    <fats-epa>0.00000</fats-epa>
    <fats-lauric>0.02000</fats-lauric>
    <fats-linoleic>2.19700</fats-linoleic>
    <fats-linolenic>0.09300</fats-linolenic>
    <fats-monounsaturated>3.00800</fats-monounsaturated>
    <fats-myristic>0.01000</fats-myristic>
    <fats-palmitic>1.33000</fats-palmitic>
    <fats-polyunsaturated>2.29000</fats-polyunsaturated>
    <fats-saturated>1.57200</fats-saturated>
    <fats-stearic>0.19000</fats-stearic>
    <fats-total>7.05000</fats-total>
    <minerals-calcium>286.00000</minerals-calcium>
    <minerals-copper>0.34000</minerals-copper>
    <minerals-iron>14.30000</minerals-iron>
    <minerals-magnesium>107.00000</minerals-magnesium>
    <minerals-manganese>2.80000</minerals-manganese>
    <minerals-phosphorus>429.00000</minerals-phosphorus>
    <minerals-potassium>346.00000</minerals-potassium>
    <minerals-selenium>20.50000</minerals-selenium>
    <minerals-sodium>0.00000</minerals-sodium>
    <minerals-zinc>5.70000</minerals-zinc>
    <other-alcohol>0.00000</other-alcohol>
    <other-cost>0.0</other-cost>
    <other-water>5.40000</other-water>
    <other-weight>100.00000</other-weight>
    <protein-complete>0.00000</protein-complete>
    <protein-total>10.50000</protein-total>
    <vitamins-choline>31.60000</vitamins-choline>
    <vitamins-folate>374.00000</vitamins-folate>
    <vitamins-niacin>9.60000</vitamins-niacin>
    <vitamins-pantothenic_acid>0.00000</vitamins-pantothenic_acid>
    <vitamins-riboflavin>0.86000</vitamins-riboflavin>
    <vitamins-thiamin>0.75000</vitamins-thiamin>
    <vitamins-vitamin_a>4.00000</vitamins-vitamin_a>
    <vitamins-vitamin_b12>0.00000</vitamins-vitamin_b12>
    <vitamins-vitamin_b6>0.38000</vitamins-vitamin_b6>
    <vitamins-vitamin_c>2.70000</vitamins-vitamin_c>
    <vitamins-vitamin_d>0.00000</vitamins-vitamin_d>
    <vitamins-vitamin_e>2.48000</vitamins-vitamin_e>
    <vitamins-vitamin_k>7.50000</vitamins-vitamin_k>
</food>