<food xmlns:xsi="http://www.w3.org/2001/XMLSchema-instance" xsi:noNamespaceSchemaLocation="https://xjrga.github.io/schemas/food_v2.xsd">
    <food-id>03274</food-id>
    <food-name>Babyfood, dinner, vegetables and chicken, junior</food-name>
    <carbohydrates-carbs_by_diff>8.66000</carbohydrates-carbs_by_diff>
    <carbohydrates-fiber>1.10000</carbohydrates-fiber>
    <carbohydrates-glycemicindex>0.00000</carbohydrates-glycemicindex>
    <energy-gross>53.00000</energy-gross>
    <fats-cholesterol>7.00000</fats-cholesterol>
    <fats-dha>0.00200</fats-dha>
    <fats-epa>0.00000</fats-epa>
    <fats-lauric>0.00000</fats-lauric>
    <fats-linoleic>0.23800</fats-linoleic>
    <fats-linolenic>0.01300</fats-linolenic>
    <fats-monounsaturated>0.40200</fats-monounsaturated>
    <fats-myristic>0.01000</fats-myristic>
    <fats-palmitic>0.19000</fats-palmitic>
    <fats-polyunsaturated>0.26900</fats-polyunsaturated>
    <fats-saturated>0.30200</fats-saturated>
    <fats-stearic>0.07000</fats-stearic>
    <fats-total>1.12000</fats-total>
    <minerals-calcium>27.00000</minerals-calcium>
    <minerals-copper>0.02000</minerals-copper>
    <minerals-iron>0.33000</minerals-iron>
    <minerals-magnesium>8.00000</minerals-magnesium>
    <minerals-manganese>0.11000</minerals-manganese>
    <minerals-phosphorus>32.00000</minerals-phosphorus>
    <minerals-potassium>83.00000</minerals-potassium>
    <minerals-selenium>2.10000</minerals-selenium>
    <minerals-sodium>34.00000</minerals-sodium>
    <minerals-zinc>0.30000</minerals-zinc>
    <other-alcohol>0.00000</other-alcohol>
    <other-cost>0.0</other-cost>
    <other-water>87.76000</other-water>
    <other-weight>100.00000</other-weight>
    <protein-complete>0.00000</protein-complete>
    <protein-total>2.04000</protein-total>
    <vitamins-choline>9.40000</vitamins-choline>
    <vitamins-folate>3.00000</vitamins-folate>
    <vitamins-niacin>0.62800</vitamins-niacin>
    <vitamins-pantothenic_acid>0.12700</vitamins-pantothenic_acid>
    <vitamins-riboflavin>0.04600</vitamins-riboflavin>
    <vitamins-thiamin>0.02500</vitamins-thiamin>
    <vitamins-vitamin_a>131.00000</vitamins-vitamin_a>
    <vitamins-vitamin_b12>0.02000</vitamins-vitamin_b12>
    <vitamins-vitamin_b6>0.04600</vitamins-vitamin_b6>
    <vitamins-vitamin_c>0.20000</vitamins-vitamin_c>
    <vitamins-vitamin_d>0.00000</vitamins-vitamin_d>
    <vitamins-vitamin_e>0.16000</vitamins-vitamin_e>
    <vitamins-vitamin_k>2.10000</vitamins-vitamin_k>
</food>