<food xmlns:xsi="http://www.w3.org/2001/XMLSchema-instance" xsi:noNamespaceSchemaLocation="https://xjrga.github.io/schemas/food_v2.xsd">
    <food-id>03269</food-id>
    <food-name>Babyfood, juice, apple, with calcium</food-name>
    <carbohydrates-carbs_by_diff>11.10000</carbohydrates-carbs_by_diff>
    <carbohydrates-fiber>0.40000</carbohydrates-fiber>
    <carbohydrates-glycemicindex>0.00000</carbohydrates-glycemicindex>
    <energy-gross>46.00000</energy-gross>
    <fats-cholesterol>0.00000</fats-cholesterol>
    <fats-dha>0.00000</fats-dha>
    <fats-epa>0.00000</fats-epa>
    <fats-lauric>0.00000</fats-lauric>
    <fats-linoleic>0.02700</fats-linoleic>
    <fats-linolenic>0.00600</fats-linolenic>
    <fats-monounsaturated>0.00500</fats-monounsaturated>
    <fats-myristic>0.00100</fats-myristic>
    <fats-palmitic>0.01000</fats-palmitic>
    <fats-polyunsaturated>0.03200</fats-polyunsaturated>
    <fats-saturated>0.01800</fats-saturated>
    <fats-stearic>0.00200</fats-stearic>
    <fats-total>0.10000</fats-total>
    <minerals-calcium>127.00000</minerals-calcium>
    <minerals-copper>0.01000</minerals-copper>
    <minerals-iron>0.20000</minerals-iron>
    <minerals-magnesium>6.00000</minerals-magnesium>
    <minerals-manganese>0.29000</minerals-manganese>
    <minerals-phosphorus>8.00000</minerals-phosphorus>
    <minerals-potassium>92.00000</minerals-potassium>
    <minerals-selenium>0.10000</minerals-selenium>
    <minerals-sodium>3.00000</minerals-sodium>
    <minerals-zinc>0.03000</minerals-zinc>
    <other-alcohol>0.00000</other-alcohol>
    <other-cost>0.0</other-cost>
    <other-water>88.30000</other-water>
    <other-weight>100.00000</other-weight>
    <protein-complete>0.00000</protein-complete>
    <protein-total>0.06000</protein-total>
    <vitamins-choline>1.80000</vitamins-choline>
    <vitamins-folate>0.00000</vitamins-folate>
    <vitamins-niacin>0.08000</vitamins-niacin>
    <vitamins-pantothenic_acid>0.06000</vitamins-pantothenic_acid>
    <vitamins-riboflavin>0.02000</vitamins-riboflavin>
    <vitamins-thiamin>0.02000</vitamins-thiamin>
    <vitamins-vitamin_a>0.00000</vitamins-vitamin_a>
    <vitamins-vitamin_b12>0.00000</vitamins-vitamin_b12>
    <vitamins-vitamin_b6>0.03000</vitamins-vitamin_b6>
    <vitamins-vitamin_c>21.20000</vitamins-vitamin_c>
    <vitamins-vitamin_d>0.00000</vitamins-vitamin_d>
    <vitamins-vitamin_e>0.00000</vitamins-vitamin_e>
    <vitamins-vitamin_k>0.00000</vitamins-vitamin_k>
</food>