<food xmlns:xsi="http://www.w3.org/2001/XMLSchema-instance" xsi:noNamespaceSchemaLocation="https://xjrga.github.io/schemas/food_v2.xsd">
    <food-id>03297</food-id>
    <food-name>Babyfood, dinner, apples and chicken, strained</food-name>
    <carbohydrates-carbs_by_diff>10.88000</carbohydrates-carbs_by_diff>
    <carbohydrates-fiber>1.80000</carbohydrates-fiber>
    <carbohydrates-glycemicindex>0.00000</carbohydrates-glycemicindex>
    <energy-gross>65.00000</energy-gross>
    <fats-cholesterol>5.00000</fats-cholesterol>
    <fats-dha>0.00200</fats-dha>
    <fats-epa>0.00000</fats-epa>
    <fats-lauric>0.00100</fats-lauric>
    <fats-linoleic>0.30400</fats-linoleic>
    <fats-linolenic>0.02700</fats-linolenic>
    <fats-monounsaturated>0.41100</fats-monounsaturated>
    <fats-myristic>0.01000</fats-myristic>
    <fats-palmitic>0.22000</fats-palmitic>
    <fats-polyunsaturated>0.35000</fats-polyunsaturated>
    <fats-saturated>0.34700</fats-saturated>
    <fats-stearic>0.07000</fats-stearic>
    <fats-total>1.38000</fats-total>
    <minerals-calcium>18.00000</minerals-calcium>
    <minerals-copper>0.04000</minerals-copper>
    <minerals-iron>0.38000</minerals-iron>
    <minerals-magnesium>6.00000</minerals-magnesium>
    <minerals-manganese>0.03000</minerals-manganese>
    <minerals-phosphorus>32.00000</minerals-phosphorus>
    <minerals-potassium>95.00000</minerals-potassium>
    <minerals-selenium>2.50000</minerals-selenium>
    <minerals-sodium>12.00000</minerals-sodium>
    <minerals-zinc>0.36000</minerals-zinc>
    <other-alcohol>0.00000</other-alcohol>
    <other-cost>0.0</other-cost>
    <other-water>85.40000</other-water>
    <other-weight>100.00000</other-weight>
    <protein-complete>0.00000</protein-complete>
    <protein-total>2.16000</protein-total>
    <vitamins-choline>9.10000</vitamins-choline>
    <vitamins-folate>1.00000</vitamins-folate>
    <vitamins-niacin>0.57700</vitamins-niacin>
    <vitamins-pantothenic_acid>0.09800</vitamins-pantothenic_acid>
    <vitamins-riboflavin>0.05700</vitamins-riboflavin>
    <vitamins-thiamin>0.02000</vitamins-thiamin>
    <vitamins-vitamin_a>2.00000</vitamins-vitamin_a>
    <vitamins-vitamin_b12>0.02000</vitamins-vitamin_b12>
    <vitamins-vitamin_b6>0.08300</vitamins-vitamin_b6>
    <vitamins-vitamin_c>0.20000</vitamins-vitamin_c>
    <vitamins-vitamin_d>0.00000</vitamins-vitamin_d>
    <vitamins-vitamin_e>0.07000</vitamins-vitamin_e>
    <vitamins-vitamin_k>0.60000</vitamins-vitamin_k>
</food>