<food xmlns:xsi="http://www.w3.org/2001/XMLSchema-instance" xsi:noNamespaceSchemaLocation="https://xjrga.github.io/schemas/food_v2.xsd">
    <food-id>03216</food-id>
    <food-name>Babyfood, teething biscuits</food-name>
    <carbohydrates-carbs_by_diff>76.40000</carbohydrates-carbs_by_diff>
    <carbohydrates-fiber>1.40000</carbohydrates-fiber>
    <carbohydrates-glycemicindex>0.00000</carbohydrates-glycemicindex>
    <energy-gross>392.00000</energy-gross>
    <fats-cholesterol>7.00000</fats-cholesterol>
    <fats-dha>0.00000</fats-dha>
    <fats-epa>0.00000</fats-epa>
    <fats-lauric>0.03000</fats-lauric>
    <fats-linoleic>0.97000</fats-linoleic>
    <fats-linolenic>0.02800</fats-linolenic>
    <fats-monounsaturated>1.70200</fats-monounsaturated>
    <fats-myristic>0.16000</fats-myristic>
    <fats-palmitic>0.63000</fats-palmitic>
    <fats-polyunsaturated>0.99800</fats-polyunsaturated>
    <fats-saturated>1.20600</fats-saturated>
    <fats-stearic>0.24000</fats-stearic>
    <fats-total>4.20000</fats-total>
    <minerals-calcium>263.00000</minerals-calcium>
    <minerals-copper>0.14200</minerals-copper>
    <minerals-iron>3.55000</minerals-iron>
    <minerals-magnesium>35.00000</minerals-magnesium>
    <minerals-manganese>0.00000</minerals-manganese>
    <minerals-phosphorus>164.00000</minerals-phosphorus>
    <minerals-potassium>323.00000</minerals-potassium>
    <minerals-selenium>23.50000</minerals-selenium>
    <minerals-sodium>285.00000</minerals-sodium>
    <minerals-zinc>0.93000</minerals-zinc>
    <other-alcohol>0.00000</other-alcohol>
    <other-cost>0.0</other-cost>
    <other-water>6.40000</other-water>
    <other-weight>100.00000</other-weight>
    <protein-complete>0.00000</protein-complete>
    <protein-total>10.70000</protein-total>
    <vitamins-choline>33.80000</vitamins-choline>
    <vitamins-folate>69.00000</vitamins-folate>
    <vitamins-niacin>4.33000</vitamins-niacin>
    <vitamins-pantothenic_acid>0.52600</vitamins-pantothenic_acid>
    <vitamins-riboflavin>0.53700</vitamins-riboflavin>
    <vitamins-thiamin>0.23300</vitamins-thiamin>
    <vitamins-vitamin_a>28.00000</vitamins-vitamin_a>
    <vitamins-vitamin_b12>0.07000</vitamins-vitamin_b12>
    <vitamins-vitamin_b6>0.11100</vitamins-vitamin_b6>
    <vitamins-vitamin_c>9.10000</vitamins-vitamin_c>
    <vitamins-vitamin_d>0.50000</vitamins-vitamin_d>
    <vitamins-vitamin_e>1.10000</vitamins-vitamin_e>
    <vitamins-vitamin_k>0.50000</vitamins-vitamin_k>
</food>