<food xmlns:xsi="http://www.w3.org/2001/XMLSchema-instance" xsi:noNamespaceSchemaLocation="https://xjrga.github.io/schemas/food_v2.xsd">
    <food-id>03213</food-id>
    <food-name>Babyfood, cookies</food-name>
    <carbohydrates-carbs_by_diff>67.10000</carbohydrates-carbs_by_diff>
    <carbohydrates-fiber>0.20000</carbohydrates-fiber>
    <carbohydrates-glycemicindex>0.00000</carbohydrates-glycemicindex>
    <energy-gross>433.00000</energy-gross>
    <fats-cholesterol>12.00000</fats-cholesterol>
    <fats-dha>0.00000</fats-dha>
    <fats-epa>0.00000</fats-epa>
    <fats-lauric>0.05000</fats-lauric>
    <fats-linoleic>2.84700</fats-linoleic>
    <fats-linolenic>0.03100</fats-linolenic>
    <fats-monounsaturated>5.99000</fats-monounsaturated>
    <fats-myristic>0.26000</fats-myristic>
    <fats-palmitic>1.14000</fats-palmitic>
    <fats-polyunsaturated>2.87800</fats-polyunsaturated>
    <fats-saturated>2.35200</fats-saturated>
    <fats-stearic>0.59000</fats-stearic>
    <fats-total>13.20000</fats-total>
    <minerals-calcium>101.00000</minerals-calcium>
    <minerals-copper>0.07400</minerals-copper>
    <minerals-iron>4.18000</minerals-iron>
    <minerals-magnesium>49.00000</minerals-magnesium>
    <minerals-manganese>0.34800</minerals-manganese>
    <minerals-phosphorus>179.00000</minerals-phosphorus>
    <minerals-potassium>501.00000</minerals-potassium>
    <minerals-selenium>17.20000</minerals-selenium>
    <minerals-sodium>300.00000</minerals-sodium>
    <minerals-zinc>1.10000</minerals-zinc>
    <other-alcohol>0.00000</other-alcohol>
    <other-cost>0.0</other-cost>
    <other-water>5.90000</other-water>
    <other-weight>100.00000</other-weight>
    <protein-complete>0.00000</protein-complete>
    <protein-total>11.80000</protein-total>
    <vitamins-choline>28.30000</vitamins-choline>
    <vitamins-folate>145.00000</vitamins-folate>
    <vitamins-niacin>15.96600</vitamins-niacin>
    <vitamins-pantothenic_acid>0.52900</vitamins-pantothenic_acid>
    <vitamins-riboflavin>3.22900</vitamins-riboflavin>
    <vitamins-thiamin>1.45900</vitamins-thiamin>
    <vitamins-vitamin_a>6.00000</vitamins-vitamin_a>
    <vitamins-vitamin_b12>0.46000</vitamins-vitamin_b12>
    <vitamins-vitamin_b6>5.89900</vitamins-vitamin_b6>
    <vitamins-vitamin_c>7.00000</vitamins-vitamin_c>
    <vitamins-vitamin_d>0.00000</vitamins-vitamin_d>
    <vitamins-vitamin_e>0.46000</vitamins-vitamin_e>
    <vitamins-vitamin_k>1.10000</vitamins-vitamin_k>
</food>