<food xmlns:xsi="http://www.w3.org/2001/XMLSchema-instance" xsi:noNamespaceSchemaLocation="https://xjrga.github.io/schemas/food_v2.xsd">
    <food-id>03296</food-id>
    <food-name>Babyfood, dinner, turkey, rice, and vegetables, toddler</food-name>
    <carbohydrates-carbs_by_diff>7.50000</carbohydrates-carbs_by_diff>
    <carbohydrates-fiber>0.80000</carbohydrates-fiber>
    <carbohydrates-glycemicindex>0.00000</carbohydrates-glycemicindex>
    <energy-gross>60.00000</energy-gross>
    <fats-cholesterol>7.00000</fats-cholesterol>
    <fats-dha>0.00000</fats-dha>
    <fats-epa>0.00000</fats-epa>
    <fats-lauric>0.00000</fats-lauric>
    <fats-linoleic>0.29900</fats-linoleic>
    <fats-linolenic>0.01000</fats-linolenic>
    <fats-monounsaturated>0.55500</fats-monounsaturated>
    <fats-myristic>0.00700</fats-myristic>
    <fats-palmitic>0.31000</fats-palmitic>
    <fats-polyunsaturated>0.30900</fats-polyunsaturated>
    <fats-saturated>0.50000</fats-saturated>
    <fats-stearic>0.07000</fats-stearic>
    <fats-total>1.60000</fats-total>
    <minerals-calcium>11.00000</minerals-calcium>
    <minerals-copper>0.10000</minerals-copper>
    <minerals-iron>0.40000</minerals-iron>
    <minerals-magnesium>14.00000</minerals-magnesium>
    <minerals-manganese>0.23000</minerals-manganese>
    <minerals-phosphorus>63.00000</minerals-phosphorus>
    <minerals-potassium>107.00000</minerals-potassium>
    <minerals-selenium>3.30000</minerals-selenium>
    <minerals-sodium>183.00000</minerals-sodium>
    <minerals-zinc>0.61000</minerals-zinc>
    <other-alcohol>0.00000</other-alcohol>
    <other-cost>0.0</other-cost>
    <other-water>86.30000</other-water>
    <other-weight>100.00000</other-weight>
    <protein-complete>0.00000</protein-complete>
    <protein-total>3.80000</protein-total>
    <vitamins-choline>13.70000</vitamins-choline>
    <vitamins-folate>3.00000</vitamins-folate>
    <vitamins-niacin>2.11000</vitamins-niacin>
    <vitamins-pantothenic_acid>0.26400</vitamins-pantothenic_acid>
    <vitamins-riboflavin>0.07000</vitamins-riboflavin>
    <vitamins-thiamin>0.07000</vitamins-thiamin>
    <vitamins-vitamin_a>113.00000</vitamins-vitamin_a>
    <vitamins-vitamin_b12>0.10000</vitamins-vitamin_b12>
    <vitamins-vitamin_b6>0.13000</vitamins-vitamin_b6>
    <vitamins-vitamin_c>0.30000</vitamins-vitamin_c>
    <vitamins-vitamin_d>0.00000</vitamins-vitamin_d>
    <vitamins-vitamin_e>0.15000</vitamins-vitamin_e>
    <vitamins-vitamin_k>2.50000</vitamins-vitamin_k>
</food>