<food xmlns:xsi="http://www.w3.org/2001/XMLSchema-instance" xsi:noNamespaceSchemaLocation="https://xjrga.github.io/schemas/food_v2.xsd">
    <food-id>03279</food-id>
    <food-name>Babyfood, dinner, mixed vegetable, junior</food-name>
    <carbohydrates-carbs_by_diff>7.88000</carbohydrates-carbs_by_diff>
    <carbohydrates-fiber>1.00000</carbohydrates-fiber>
    <carbohydrates-glycemicindex>0.00000</carbohydrates-glycemicindex>
    <energy-gross>34.00000</energy-gross>
    <fats-cholesterol>0.00000</fats-cholesterol>
    <fats-dha>0.00000</fats-dha>
    <fats-epa>0.00000</fats-epa>
    <fats-lauric>0.00000</fats-lauric>
    <fats-linoleic>0.00000</fats-linoleic>
    <fats-linolenic>0.00000</fats-linolenic>
    <fats-monounsaturated>0.00000</fats-monounsaturated>
    <fats-myristic>0.00000</fats-myristic>
    <fats-palmitic>0.00000</fats-palmitic>
    <fats-polyunsaturated>0.00000</fats-polyunsaturated>
    <fats-saturated>0.00000</fats-saturated>
    <fats-stearic>0.00000</fats-stearic>
    <fats-total>0.11000</fats-total>
    <minerals-calcium>17.00000</minerals-calcium>
    <minerals-copper>0.03600</minerals-copper>
    <minerals-iron>0.31000</minerals-iron>
    <minerals-magnesium>13.00000</minerals-magnesium>
    <minerals-manganese>0.14400</minerals-manganese>
    <minerals-phosphorus>30.00000</minerals-phosphorus>
    <minerals-potassium>112.00000</minerals-potassium>
    <minerals-selenium>0.30000</minerals-selenium>
    <minerals-sodium>40.00000</minerals-sodium>
    <minerals-zinc>0.24000</minerals-zinc>
    <other-alcohol>0.00000</other-alcohol>
    <other-cost>0.0</other-cost>
    <other-water>90.60000</other-water>
    <other-weight>100.00000</other-weight>
    <protein-complete>0.00000</protein-complete>
    <protein-total>1.01000</protein-total>
    <vitamins-choline>7.90000</vitamins-choline>
    <vitamins-folate>11.00000</vitamins-folate>
    <vitamins-niacin>0.56600</vitamins-niacin>
    <vitamins-pantothenic_acid>0.34800</vitamins-pantothenic_acid>
    <vitamins-riboflavin>0.04200</vitamins-riboflavin>
    <vitamins-thiamin>0.01400</vitamins-thiamin>
    <vitamins-vitamin_a>462.00000</vitamins-vitamin_a>
    <vitamins-vitamin_b12>0.00000</vitamins-vitamin_b12>
    <vitamins-vitamin_b6>0.11400</vitamins-vitamin_b6>
    <vitamins-vitamin_c>3.30000</vitamins-vitamin_c>
    <vitamins-vitamin_d>0.00000</vitamins-vitamin_d>
    <vitamins-vitamin_e>0.30000</vitamins-vitamin_e>
    <vitamins-vitamin_k>5.70000</vitamins-vitamin_k>
</food>