<food xmlns:xsi="http://www.w3.org/2001/XMLSchema-instance" xsi:noNamespaceSchemaLocation="https://xjrga.github.io/schemas/food_v2.xsd">
    <food-id>03209</food-id>
    <food-name>Babyfood, crackers, vegetable</food-name>
    <carbohydrates-carbs_by_diff>66.85000</carbohydrates-carbs_by_diff>
    <carbohydrates-fiber>4.00000</carbohydrates-fiber>
    <carbohydrates-glycemicindex>0.00000</carbohydrates-glycemicindex>
    <energy-gross>477.00000</energy-gross>
    <fats-cholesterol>0.00000</fats-cholesterol>
    <fats-dha>0.00000</fats-dha>
    <fats-epa>0.00000</fats-epa>
    <fats-lauric>0.00100</fats-lauric>
    <fats-linoleic>0.96600</fats-linoleic>
    <fats-linolenic>0.05600</fats-linolenic>
    <fats-monounsaturated>15.77900</fats-monounsaturated>
    <fats-myristic>0.01000</fats-myristic>
    <fats-palmitic>0.80000</fats-palmitic>
    <fats-polyunsaturated>1.02200</fats-polyunsaturated>
    <fats-saturated>1.96600</fats-saturated>
    <fats-stearic>0.81000</fats-stearic>
    <fats-total>19.60000</fats-total>
    <minerals-calcium>41.00000</minerals-calcium>
    <minerals-copper>0.13000</minerals-copper>
    <minerals-iron>4.20000</minerals-iron>
    <minerals-magnesium>37.00000</minerals-magnesium>
    <minerals-manganese>0.77000</minerals-manganese>
    <minerals-phosphorus>198.00000</minerals-phosphorus>
    <minerals-potassium>245.00000</minerals-potassium>
    <minerals-selenium>13.70000</minerals-selenium>
    <minerals-sodium>571.00000</minerals-sodium>
    <minerals-zinc>0.90000</minerals-zinc>
    <other-alcohol>0.00000</other-alcohol>
    <other-cost>0.0</other-cost>
    <other-water>2.00000</other-water>
    <other-weight>100.00000</other-weight>
    <protein-complete>0.00000</protein-complete>
    <protein-total>8.40000</protein-total>
    <vitamins-choline>10.40000</vitamins-choline>
    <vitamins-folate>135.00000</vitamins-folate>
    <vitamins-niacin>4.05000</vitamins-niacin>
    <vitamins-pantothenic_acid>0.46600</vitamins-pantothenic_acid>
    <vitamins-riboflavin>0.33000</vitamins-riboflavin>
    <vitamins-thiamin>0.35000</vitamins-thiamin>
    <vitamins-vitamin_a>179.00000</vitamins-vitamin_a>
    <vitamins-vitamin_b12>0.00000</vitamins-vitamin_b12>
    <vitamins-vitamin_b6>0.12000</vitamins-vitamin_b6>
    <vitamins-vitamin_c>50.50000</vitamins-vitamin_c>
    <vitamins-vitamin_d>0.00000</vitamins-vitamin_d>
    <vitamins-vitamin_e>8.05000</vitamins-vitamin_e>
    <vitamins-vitamin_k>7.10000</vitamins-vitamin_k>
</food>