<food xmlns:xsi="http://www.w3.org/2001/XMLSchema-instance" xsi:noNamespaceSchemaLocation="https://xjrga.github.io/schemas/food_v2.xsd">
    <food-id>03290</food-id>
    <food-name>Babyfood, carrots and beef, strained</food-name>
    <carbohydrates-carbs_by_diff>5.70000</carbohydrates-carbs_by_diff>
    <carbohydrates-fiber>2.60000</carbohydrates-fiber>
    <carbohydrates-glycemicindex>0.00000</carbohydrates-glycemicindex>
    <energy-gross>59.00000</energy-gross>
    <fats-cholesterol>8.00000</fats-cholesterol>
    <fats-dha>0.00000</fats-dha>
    <fats-epa>0.00000</fats-epa>
    <fats-lauric>0.00200</fats-lauric>
    <fats-linoleic>0.06700</fats-linoleic>
    <fats-linolenic>0.01000</fats-linolenic>
    <fats-monounsaturated>1.06000</fats-monounsaturated>
    <fats-myristic>0.06000</fats-myristic>
    <fats-palmitic>0.54000</fats-palmitic>
    <fats-polyunsaturated>0.13000</fats-polyunsaturated>
    <fats-saturated>0.96000</fats-saturated>
    <fats-stearic>0.28000</fats-stearic>
    <fats-total>2.50000</fats-total>
    <minerals-calcium>22.00000</minerals-calcium>
    <minerals-copper>0.05400</minerals-copper>
    <minerals-iron>0.50000</minerals-iron>
    <minerals-magnesium>13.00000</minerals-magnesium>
    <minerals-manganese>0.14000</minerals-manganese>
    <minerals-phosphorus>45.00000</minerals-phosphorus>
    <minerals-potassium>226.00000</minerals-potassium>
    <minerals-selenium>2.80000</minerals-selenium>
    <minerals-sodium>69.00000</minerals-sodium>
    <minerals-zinc>0.80000</minerals-zinc>
    <other-alcohol>0.00000</other-alcohol>
    <other-cost>0.0</other-cost>
    <other-water>87.30000</other-water>
    <other-weight>100.00000</other-weight>
    <protein-complete>0.00000</protein-complete>
    <protein-total>3.40000</protein-total>
    <vitamins-choline>15.90000</vitamins-choline>
    <vitamins-folate>17.00000</vitamins-folate>
    <vitamins-niacin>0.93000</vitamins-niacin>
    <vitamins-pantothenic_acid>0.00000</vitamins-pantothenic_acid>
    <vitamins-riboflavin>0.06000</vitamins-riboflavin>
    <vitamins-thiamin>0.02000</vitamins-thiamin>
    <vitamins-vitamin_a>723.00000</vitamins-vitamin_a>
    <vitamins-vitamin_b12>0.30000</vitamins-vitamin_b12>
    <vitamins-vitamin_b6>0.10000</vitamins-vitamin_b6>
    <vitamins-vitamin_c>0.80000</vitamins-vitamin_c>
    <vitamins-vitamin_d>0.00000</vitamins-vitamin_d>
    <vitamins-vitamin_e>0.65000</vitamins-vitamin_e>
    <vitamins-vitamin_k>7.40000</vitamins-vitamin_k>
</food>