<food xmlns:xsi="http://www.w3.org/2001/XMLSchema-instance" xsi:noNamespaceSchemaLocation="https://xjrga.github.io/schemas/food_v2.xsd">
    <food-id>03246</food-id>
    <food-name>Babyfood, dessert, custard pudding, vanilla, junior</food-name>
    <carbohydrates-carbs_by_diff>17.58000</carbohydrates-carbs_by_diff>
    <carbohydrates-fiber>0.20000</carbohydrates-fiber>
    <carbohydrates-glycemicindex>0.00000</carbohydrates-glycemicindex>
    <energy-gross>86.00000</energy-gross>
    <fats-cholesterol>38.00000</fats-cholesterol>
    <fats-dha>0.00300</fats-dha>
    <fats-epa>0.00000</fats-epa>
    <fats-lauric>0.00100</fats-lauric>
    <fats-linoleic>0.10800</fats-linoleic>
    <fats-linolenic>0.00400</fats-linolenic>
    <fats-monounsaturated>0.36400</fats-monounsaturated>
    <fats-myristic>0.00900</fats-myristic>
    <fats-palmitic>0.22000</fats-palmitic>
    <fats-polyunsaturated>0.12800</fats-polyunsaturated>
    <fats-saturated>0.32500</fats-saturated>
    <fats-stearic>0.07000</fats-stearic>
    <fats-total>0.98000</fats-total>
    <minerals-calcium>54.00000</minerals-calcium>
    <minerals-copper>0.01000</minerals-copper>
    <minerals-iron>0.22000</minerals-iron>
    <minerals-magnesium>5.00000</minerals-magnesium>
    <minerals-manganese>0.01000</minerals-manganese>
    <minerals-phosphorus>55.00000</minerals-phosphorus>
    <minerals-potassium>68.00000</minerals-potassium>
    <minerals-selenium>2.40000</minerals-selenium>
    <minerals-sodium>26.00000</minerals-sodium>
    <minerals-zinc>0.30000</minerals-zinc>
    <other-alcohol>0.00000</other-alcohol>
    <other-cost>0.0</other-cost>
    <other-water>79.31000</other-water>
    <other-weight>100.00000</other-weight>
    <protein-complete>0.00000</protein-complete>
    <protein-total>1.76000</protein-total>
    <vitamins-choline>29.90000</vitamins-choline>
    <vitamins-folate>6.00000</vitamins-folate>
    <vitamins-niacin>0.07600</vitamins-niacin>
    <vitamins-pantothenic_acid>0.23200</vitamins-pantothenic_acid>
    <vitamins-riboflavin>0.05400</vitamins-riboflavin>
    <vitamins-thiamin>0.01200</vitamins-thiamin>
    <vitamins-vitamin_a>13.00000</vitamins-vitamin_a>
    <vitamins-vitamin_b12>0.23000</vitamins-vitamin_b12>
    <vitamins-vitamin_b6>0.03000</vitamins-vitamin_b6>
    <vitamins-vitamin_c>0.40000</vitamins-vitamin_c>
    <vitamins-vitamin_d>0.50000</vitamins-vitamin_d>
    <vitamins-vitamin_e>0.09000</vitamins-vitamin_e>
    <vitamins-vitamin_k>0.00000</vitamins-vitamin_k>
</food>