<food xmlns:xsi="http://www.w3.org/2001/XMLSchema-instance" xsi:noNamespaceSchemaLocation="https://xjrga.github.io/schemas/food_v2.xsd">
    <food-id>03298</food-id>
    <food-name>Babyfood, dinner, broccoli and chicken, junior</food-name>
    <carbohydrates-carbs_by_diff>6.34000</carbohydrates-carbs_by_diff>
    <carbohydrates-fiber>1.40000</carbohydrates-fiber>
    <carbohydrates-glycemicindex>0.00000</carbohydrates-glycemicindex>
    <energy-gross>62.00000</energy-gross>
    <fats-cholesterol>13.00000</fats-cholesterol>
    <fats-dha>0.00000</fats-dha>
    <fats-epa>0.00000</fats-epa>
    <fats-lauric>0.00000</fats-lauric>
    <fats-linoleic>0.32000</fats-linoleic>
    <fats-linolenic>0.10000</fats-linolenic>
    <fats-monounsaturated>0.77000</fats-monounsaturated>
    <fats-myristic>0.01000</fats-myristic>
    <fats-palmitic>0.41000</fats-palmitic>
    <fats-polyunsaturated>0.43000</fats-polyunsaturated>
    <fats-saturated>0.51000</fats-saturated>
    <fats-stearic>0.09000</fats-stearic>
    <fats-total>2.48000</fats-total>
    <minerals-calcium>37.00000</minerals-calcium>
    <minerals-copper>0.03000</minerals-copper>
    <minerals-iron>0.52000</minerals-iron>
    <minerals-magnesium>12.00000</minerals-magnesium>
    <minerals-manganese>0.12000</minerals-manganese>
    <minerals-phosphorus>58.00000</minerals-phosphorus>
    <minerals-potassium>170.00000</minerals-potassium>
    <minerals-selenium>2.20000</minerals-selenium>
    <minerals-sodium>17.00000</minerals-sodium>
    <minerals-zinc>0.39000</minerals-zinc>
    <other-alcohol>0.00000</other-alcohol>
    <other-cost>0.0</other-cost>
    <other-water>86.92000</other-water>
    <other-weight>100.00000</other-weight>
    <protein-complete>0.00000</protein-complete>
    <protein-total>3.59000</protein-total>
    <vitamins-choline>31.10000</vitamins-choline>
    <vitamins-folate>76.00000</vitamins-folate>
    <vitamins-niacin>0.96400</vitamins-niacin>
    <vitamins-pantothenic_acid>0.27300</vitamins-pantothenic_acid>
    <vitamins-riboflavin>0.09800</vitamins-riboflavin>
    <vitamins-thiamin>0.01900</vitamins-thiamin>
    <vitamins-vitamin_a>24.00000</vitamins-vitamin_a>
    <vitamins-vitamin_b12>0.33000</vitamins-vitamin_b12>
    <vitamins-vitamin_b6>0.05200</vitamins-vitamin_b6>
    <vitamins-vitamin_c>17.70000</vitamins-vitamin_c>
    <vitamins-vitamin_d>0.00000</vitamins-vitamin_d>
    <vitamins-vitamin_e>0.60000</vitamins-vitamin_e>
    <vitamins-vitamin_k>73.50000</vitamins-vitamin_k>
</food>