<food xmlns:xsi="http://www.w3.org/2001/XMLSchema-instance" xsi:noNamespaceSchemaLocation="https://xjrga.github.io/schemas/food_v2.xsd">
    <food-id>03206</food-id>
    <food-name>Babyfood, cookie, baby, fruit</food-name>
    <carbohydrates-carbs_by_diff>73.70000</carbohydrates-carbs_by_diff>
    <carbohydrates-fiber>3.40000</carbohydrates-fiber>
    <carbohydrates-glycemicindex>0.00000</carbohydrates-glycemicindex>
    <energy-gross>435.00000</energy-gross>
    <fats-cholesterol>4.00000</fats-cholesterol>
    <fats-dha>0.00000</fats-dha>
    <fats-epa>0.00000</fats-epa>
    <fats-lauric>0.01000</fats-lauric>
    <fats-linoleic>4.02000</fats-linoleic>
    <fats-linolenic>0.30000</fats-linolenic>
    <fats-monounsaturated>4.86500</fats-monounsaturated>
    <fats-myristic>0.06000</fats-myristic>
    <fats-palmitic>1.73000</fats-palmitic>
    <fats-polyunsaturated>4.33400</fats-polyunsaturated>
    <fats-saturated>2.70000</fats-saturated>
    <fats-stearic>0.84000</fats-stearic>
    <fats-total>12.60000</fats-total>
    <minerals-calcium>83.00000</minerals-calcium>
    <minerals-copper>0.04000</minerals-copper>
    <minerals-iron>2.90000</minerals-iron>
    <minerals-magnesium>30.00000</minerals-magnesium>
    <minerals-manganese>0.22000</minerals-manganese>
    <minerals-phosphorus>189.00000</minerals-phosphorus>
    <minerals-potassium>425.00000</minerals-potassium>
    <minerals-selenium>20.50000</minerals-selenium>
    <minerals-sodium>9.00000</minerals-sodium>
    <minerals-zinc>0.80000</minerals-zinc>
    <other-alcohol>0.00000</other-alcohol>
    <other-cost>0.0</other-cost>
    <other-water>5.70000</other-water>
    <other-weight>100.00000</other-weight>
    <protein-complete>0.00000</protein-complete>
    <protein-total>6.80000</protein-total>
    <vitamins-choline>12.00000</vitamins-choline>
    <vitamins-folate>167.00000</vitamins-folate>
    <vitamins-niacin>3.60000</vitamins-niacin>
    <vitamins-pantothenic_acid>0.38900</vitamins-pantothenic_acid>
    <vitamins-riboflavin>0.42000</vitamins-riboflavin>
    <vitamins-thiamin>0.44000</vitamins-thiamin>
    <vitamins-vitamin_a>117.00000</vitamins-vitamin_a>
    <vitamins-vitamin_b12>0.22000</vitamins-vitamin_b12>
    <vitamins-vitamin_b6>0.21000</vitamins-vitamin_b6>
    <vitamins-vitamin_c>1.50000</vitamins-vitamin_c>
    <vitamins-vitamin_d>0.00000</vitamins-vitamin_d>
    <vitamins-vitamin_e>1.48000</vitamins-vitamin_e>
    <vitamins-vitamin_k>3.20000</vitamins-vitamin_k>
</food>