<food xmlns:xsi="http://www.w3.org/2001/XMLSchema-instance" xsi:noNamespaceSchemaLocation="https://xjrga.github.io/schemas/food_v2.xsd">
    <food-id>03289</food-id>
    <food-name>Babyfood, apples with ham, strained</food-name>
    <carbohydrates-carbs_by_diff>10.90000</carbohydrates-carbs_by_diff>
    <carbohydrates-fiber>1.80000</carbohydrates-fiber>
    <carbohydrates-glycemicindex>0.00000</carbohydrates-glycemicindex>
    <energy-gross>62.00000</energy-gross>
    <fats-cholesterol>8.00000</fats-cholesterol>
    <fats-dha>0.00000</fats-dha>
    <fats-epa>0.00000</fats-epa>
    <fats-lauric>0.00100</fats-lauric>
    <fats-linoleic>0.10000</fats-linoleic>
    <fats-linolenic>0.00600</fats-linolenic>
    <fats-monounsaturated>0.36000</fats-monounsaturated>
    <fats-myristic>0.01000</fats-myristic>
    <fats-palmitic>0.16000</fats-palmitic>
    <fats-polyunsaturated>0.11100</fats-polyunsaturated>
    <fats-saturated>0.25000</fats-saturated>
    <fats-stearic>0.07000</fats-stearic>
    <fats-total>0.90000</fats-total>
    <minerals-calcium>4.00000</minerals-calcium>
    <minerals-copper>0.04000</minerals-copper>
    <minerals-iron>0.30000</minerals-iron>
    <minerals-magnesium>7.00000</minerals-magnesium>
    <minerals-manganese>0.02000</minerals-manganese>
    <minerals-phosphorus>34.00000</minerals-phosphorus>
    <minerals-potassium>120.00000</minerals-potassium>
    <minerals-selenium>4.60000</minerals-selenium>
    <minerals-sodium>9.00000</minerals-sodium>
    <minerals-zinc>0.40000</minerals-zinc>
    <other-alcohol>0.00000</other-alcohol>
    <other-cost>0.0</other-cost>
    <other-water>85.30000</other-water>
    <other-weight>100.00000</other-weight>
    <protein-complete>0.00000</protein-complete>
    <protein-total>2.60000</protein-total>
    <vitamins-choline>11.80000</vitamins-choline>
    <vitamins-folate>2.00000</vitamins-folate>
    <vitamins-niacin>0.73000</vitamins-niacin>
    <vitamins-pantothenic_acid>0.09700</vitamins-pantothenic_acid>
    <vitamins-riboflavin>0.06000</vitamins-riboflavin>
    <vitamins-thiamin>0.06000</vitamins-thiamin>
    <vitamins-vitamin_a>0.00000</vitamins-vitamin_a>
    <vitamins-vitamin_b12>0.02000</vitamins-vitamin_b12>
    <vitamins-vitamin_b6>0.07000</vitamins-vitamin_b6>
    <vitamins-vitamin_c>0.10000</vitamins-vitamin_c>
    <vitamins-vitamin_d>0.10000</vitamins-vitamin_d>
    <vitamins-vitamin_e>0.07000</vitamins-vitamin_e>
    <vitamins-vitamin_k>0.50000</vitamins-vitamin_k>
</food>