<food xmlns:xsi="http://www.w3.org/2001/XMLSchema-instance" xsi:noNamespaceSchemaLocation="https://xjrga.github.io/schemas/food_v2.xsd">
    <food-id>03201</food-id>
    <food-name>Babyfood, cereal, egg yolks and bacon, junior</food-name>
    <carbohydrates-carbs_by_diff>6.20000</carbohydrates-carbs_by_diff>
    <carbohydrates-fiber>0.90000</carbohydrates-fiber>
    <carbohydrates-glycemicindex>0.00000</carbohydrates-glycemicindex>
    <energy-gross>79.00000</energy-gross>
    <fats-cholesterol>94.00000</fats-cholesterol>
    <fats-dha>0.00000</fats-dha>
    <fats-epa>0.00000</fats-epa>
    <fats-lauric>0.00400</fats-lauric>
    <fats-linoleic>0.54600</fats-linoleic>
    <fats-linolenic>0.05100</fats-linolenic>
    <fats-monounsaturated>2.20700</fats-monounsaturated>
    <fats-myristic>0.04000</fats-myristic>
    <fats-palmitic>1.10000</fats-palmitic>
    <fats-polyunsaturated>0.64100</fats-polyunsaturated>
    <fats-saturated>1.64000</fats-saturated>
    <fats-stearic>0.48000</fats-stearic>
    <fats-total>5.00000</fats-total>
    <minerals-calcium>28.00000</minerals-calcium>
    <minerals-copper>0.02000</minerals-copper>
    <minerals-iron>0.47000</minerals-iron>
    <minerals-magnesium>5.00000</minerals-magnesium>
    <minerals-manganese>0.00000</minerals-manganese>
    <minerals-phosphorus>50.00000</minerals-phosphorus>
    <minerals-potassium>35.00000</minerals-potassium>
    <minerals-selenium>0.00000</minerals-selenium>
    <minerals-sodium>48.00000</minerals-sodium>
    <minerals-zinc>0.27000</minerals-zinc>
    <other-alcohol>0.00000</other-alcohol>
    <other-cost>0.0</other-cost>
    <other-water>85.90000</other-water>
    <other-weight>100.00000</other-weight>
    <protein-complete>0.00000</protein-complete>
    <protein-total>2.50000</protein-total>
    <vitamins-choline>0.00000</vitamins-choline>
    <vitamins-folate>4.00000</vitamins-folate>
    <vitamins-niacin>0.26600</vitamins-niacin>
    <vitamins-pantothenic_acid>1.10500</vitamins-pantothenic_acid>
    <vitamins-riboflavin>0.07700</vitamins-riboflavin>
    <vitamins-thiamin>0.05000</vitamins-thiamin>
    <vitamins-vitamin_a>28.00000</vitamins-vitamin_a>
    <vitamins-vitamin_b12>0.09000</vitamins-vitamin_b12>
    <vitamins-vitamin_b6>0.02600</vitamins-vitamin_b6>
    <vitamins-vitamin_c>0.90000</vitamins-vitamin_c>
    <vitamins-vitamin_d>0.00000</vitamins-vitamin_d>
    <vitamins-vitamin_e>0.00000</vitamins-vitamin_e>
    <vitamins-vitamin_k>0.00000</vitamins-vitamin_k>
</food>