<food xmlns:xsi="http://www.w3.org/2001/XMLSchema-instance" xsi:noNamespaceSchemaLocation="https://xjrga.github.io/schemas/food_v2.xsd">
    <food-id>03215</food-id>
    <food-name>Babyfood, pretzels</food-name>
    <carbohydrates-carbs_by_diff>82.20000</carbohydrates-carbs_by_diff>
    <carbohydrates-fiber>2.30000</carbohydrates-fiber>
    <carbohydrates-glycemicindex>0.00000</carbohydrates-glycemicindex>
    <energy-gross>397.00000</energy-gross>
    <fats-cholesterol>0.00000</fats-cholesterol>
    <fats-dha>0.00000</fats-dha>
    <fats-epa>0.00000</fats-epa>
    <fats-lauric>0.00000</fats-lauric>
    <fats-linoleic>0.99800</fats-linoleic>
    <fats-linolenic>0.05600</fats-linolenic>
    <fats-monounsaturated>0.23800</fats-monounsaturated>
    <fats-myristic>0.00000</fats-myristic>
    <fats-palmitic>0.37000</fats-palmitic>
    <fats-polyunsaturated>1.05400</fats-polyunsaturated>
    <fats-saturated>0.40000</fats-saturated>
    <fats-stearic>0.02000</fats-stearic>
    <fats-total>2.00000</fats-total>
    <minerals-calcium>25.00000</minerals-calcium>
    <minerals-copper>0.14500</minerals-copper>
    <minerals-iron>3.77000</minerals-iron>
    <minerals-magnesium>28.00000</minerals-magnesium>
    <minerals-manganese>0.00000</minerals-manganese>
    <minerals-phosphorus>110.00000</minerals-phosphorus>
    <minerals-potassium>137.00000</minerals-potassium>
    <minerals-selenium>7.60000</minerals-selenium>
    <minerals-sodium>269.00000</minerals-sodium>
    <minerals-zinc>0.78000</minerals-zinc>
    <other-alcohol>0.00000</other-alcohol>
    <other-cost>0.0</other-cost>
    <other-water>4.00000</other-water>
    <other-weight>100.00000</other-weight>
    <protein-complete>0.00000</protein-complete>
    <protein-total>10.80000</protein-total>
    <vitamins-choline>0.00000</vitamins-choline>
    <vitamins-folate>131.00000</vitamins-folate>
    <vitamins-niacin>3.56000</vitamins-niacin>
    <vitamins-pantothenic_acid>0.54000</vitamins-pantothenic_acid>
    <vitamins-riboflavin>0.35700</vitamins-riboflavin>
    <vitamins-thiamin>0.46300</vitamins-thiamin>
    <vitamins-vitamin_a>0.00000</vitamins-vitamin_a>
    <vitamins-vitamin_b12>0.00000</vitamins-vitamin_b12>
    <vitamins-vitamin_b6>0.08300</vitamins-vitamin_b6>
    <vitamins-vitamin_c>3.80000</vitamins-vitamin_c>
    <vitamins-vitamin_d>0.00000</vitamins-vitamin_d>
    <vitamins-vitamin_e>0.28000</vitamins-vitamin_e>
    <vitamins-vitamin_k>0.30000</vitamins-vitamin_k>
</food>