<food xmlns:xsi="http://www.w3.org/2001/XMLSchema-instance" xsi:noNamespaceSchemaLocation="https://xjrga.github.io/schemas/food_v2.xsd">
    <food-id>03286</food-id>
    <food-name>Babyfood, vegetables, mix vegetables strained</food-name>
    <carbohydrates-carbs_by_diff>8.25000</carbohydrates-carbs_by_diff>
    <carbohydrates-fiber>1.50000</carbohydrates-fiber>
    <carbohydrates-glycemicindex>0.00000</carbohydrates-glycemicindex>
    <energy-gross>36.00000</energy-gross>
    <fats-cholesterol>0.00000</fats-cholesterol>
    <fats-dha>0.00000</fats-dha>
    <fats-epa>0.00000</fats-epa>
    <fats-lauric>0.00300</fats-lauric>
    <fats-linoleic>0.18100</fats-linoleic>
    <fats-linolenic>0.00800</fats-linolenic>
    <fats-monounsaturated>0.11800</fats-monounsaturated>
    <fats-myristic>0.00100</fats-myristic>
    <fats-palmitic>0.07000</fats-palmitic>
    <fats-polyunsaturated>0.19400</fats-polyunsaturated>
    <fats-saturated>0.08900</fats-saturated>
    <fats-stearic>0.00600</fats-stearic>
    <fats-total>0.50000</fats-total>
    <minerals-calcium>13.00000</minerals-calcium>
    <minerals-copper>0.04000</minerals-copper>
    <minerals-iron>0.32000</minerals-iron>
    <minerals-magnesium>10.00000</minerals-magnesium>
    <minerals-manganese>0.00000</minerals-manganese>
    <minerals-phosphorus>22.00000</minerals-phosphorus>
    <minerals-potassium>127.00000</minerals-potassium>
    <minerals-selenium>0.70000</minerals-selenium>
    <minerals-sodium>0.00000</minerals-sodium>
    <minerals-zinc>0.15000</minerals-zinc>
    <other-alcohol>0.00000</other-alcohol>
    <other-cost>0.0</other-cost>
    <other-water>89.80000</other-water>
    <other-weight>100.00000</other-weight>
    <protein-complete>0.00000</protein-complete>
    <protein-total>1.00000</protein-total>
    <vitamins-choline>9.80000</vitamins-choline>
    <vitamins-folate>4.00000</vitamins-folate>
    <vitamins-niacin>0.32700</vitamins-niacin>
    <vitamins-pantothenic_acid>0.25000</vitamins-pantothenic_acid>
    <vitamins-riboflavin>0.02500</vitamins-riboflavin>
    <vitamins-thiamin>0.02200</vitamins-thiamin>
    <vitamins-vitamin_a>158.00000</vitamins-vitamin_a>
    <vitamins-vitamin_b12>0.00000</vitamins-vitamin_b12>
    <vitamins-vitamin_b6>0.05500</vitamins-vitamin_b6>
    <vitamins-vitamin_c>1.70000</vitamins-vitamin_c>
    <vitamins-vitamin_d>0.00000</vitamins-vitamin_d>
    <vitamins-vitamin_e>0.24000</vitamins-vitamin_e>
    <vitamins-vitamin_k>7.00000</vitamins-vitamin_k>
</food>