<food xmlns:xsi="http://www.w3.org/2001/XMLSchema-instance" xsi:noNamespaceSchemaLocation="https://xjrga.github.io/schemas/food_v2.xsd">
    <food-id>03303</food-id>
    <food-name>Babyfood, dinner, sweet potatoes and chicken, strained</food-name>
    <carbohydrates-carbs_by_diff>11.04000</carbohydrates-carbs_by_diff>
    <carbohydrates-fiber>1.30000</carbohydrates-fiber>
    <carbohydrates-glycemicindex>0.00000</carbohydrates-glycemicindex>
    <energy-gross>74.00000</energy-gross>
    <fats-cholesterol>11.00000</fats-cholesterol>
    <fats-dha>0.00000</fats-dha>
    <fats-epa>0.00000</fats-epa>
    <fats-lauric>0.00100</fats-lauric>
    <fats-linoleic>0.48700</fats-linoleic>
    <fats-linolenic>0.02400</fats-linolenic>
    <fats-monounsaturated>0.98000</fats-monounsaturated>
    <fats-myristic>0.01000</fats-myristic>
    <fats-palmitic>0.43000</fats-palmitic>
    <fats-polyunsaturated>0.48000</fats-polyunsaturated>
    <fats-saturated>0.57200</fats-saturated>
    <fats-stearic>0.11000</fats-stearic>
    <fats-total>2.17000</fats-total>
    <minerals-calcium>30.00000</minerals-calcium>
    <minerals-copper>0.08100</minerals-copper>
    <minerals-iron>0.45000</minerals-iron>
    <minerals-magnesium>13.00000</minerals-magnesium>
    <minerals-manganese>0.15300</minerals-manganese>
    <minerals-phosphorus>25.00000</minerals-phosphorus>
    <minerals-potassium>200.00000</minerals-potassium>
    <minerals-selenium>1.70000</minerals-selenium>
    <minerals-sodium>22.00000</minerals-sodium>
    <minerals-zinc>0.37000</minerals-zinc>
    <other-alcohol>0.00000</other-alcohol>
    <other-cost>0.0</other-cost>
    <other-water>83.70000</other-water>
    <other-weight>100.00000</other-weight>
    <protein-complete>0.00000</protein-complete>
    <protein-total>2.51000</protein-total>
    <vitamins-choline>11.80000</vitamins-choline>
    <vitamins-folate>6.00000</vitamins-folate>
    <vitamins-niacin>1.04000</vitamins-niacin>
    <vitamins-pantothenic_acid>0.32900</vitamins-pantothenic_acid>
    <vitamins-riboflavin>0.04000</vitamins-riboflavin>
    <vitamins-thiamin>0.02000</vitamins-thiamin>
    <vitamins-vitamin_a>216.00000</vitamins-vitamin_a>
    <vitamins-vitamin_b12>0.05000</vitamins-vitamin_b12>
    <vitamins-vitamin_b6>0.13700</vitamins-vitamin_b6>
    <vitamins-vitamin_c>0.00000</vitamins-vitamin_c>
    <vitamins-vitamin_d>0.10000</vitamins-vitamin_d>
    <vitamins-vitamin_e>0.58000</vitamins-vitamin_e>
    <vitamins-vitamin_k>1.30000</vitamins-vitamin_k>
</food>