<food xmlns:xsi="http://www.w3.org/2001/XMLSchema-instance" xsi:noNamespaceSchemaLocation="https://xjrga.github.io/schemas/food_v2.xsd">
    <food-id>03689</food-id>
    <food-name>Babyfood, cereal, oatmeal, prepared with whole milk</food-name>
    <carbohydrates-carbs_by_diff>15.30000</carbohydrates-carbs_by_diff>
    <carbohydrates-fiber>1.10000</carbohydrates-fiber>
    <carbohydrates-glycemicindex>0.00000</carbohydrates-glycemicindex>
    <energy-gross>116.00000</energy-gross>
    <fats-cholesterol>11.00000</fats-cholesterol>
    <fats-dha>0.00000</fats-dha>
    <fats-epa>0.00000</fats-epa>
    <fats-lauric>0.00000</fats-lauric>
    <fats-linoleic>0.00000</fats-linoleic>
    <fats-linolenic>0.00000</fats-linolenic>
    <fats-monounsaturated>0.00000</fats-monounsaturated>
    <fats-myristic>0.00000</fats-myristic>
    <fats-palmitic>0.00000</fats-palmitic>
    <fats-polyunsaturated>0.00000</fats-polyunsaturated>
    <fats-saturated>2.25800</fats-saturated>
    <fats-stearic>0.00000</fats-stearic>
    <fats-total>4.10000</fats-total>
    <minerals-calcium>220.00000</minerals-calcium>
    <minerals-copper>0.09400</minerals-copper>
    <minerals-iron>12.14000</minerals-iron>
    <minerals-magnesium>35.00000</minerals-magnesium>
    <minerals-manganese>0.00000</minerals-manganese>
    <minerals-phosphorus>160.00000</minerals-phosphorus>
    <minerals-potassium>204.00000</minerals-potassium>
    <minerals-selenium>0.00000</minerals-selenium>
    <minerals-sodium>46.00000</minerals-sodium>
    <minerals-zinc>0.92000</minerals-zinc>
    <other-alcohol>0.00000</other-alcohol>
    <other-cost>0.0</other-cost>
    <other-water>74.50000</other-water>
    <other-weight>100.00000</other-weight>
    <protein-complete>0.00000</protein-complete>
    <protein-total>5.00000</protein-total>
    <vitamins-choline>0.00000</vitamins-choline>
    <vitamins-folate>10.00000</vitamins-folate>
    <vitamins-niacin>5.98100</vitamins-niacin>
    <vitamins-pantothenic_acid>0.51400</vitamins-pantothenic_acid>
    <vitamins-riboflavin>0.56300</vitamins-riboflavin>
    <vitamins-thiamin>0.50600</vitamins-thiamin>
    <vitamins-vitamin_a>22.00000</vitamins-vitamin_a>
    <vitamins-vitamin_b12>0.30000</vitamins-vitamin_b12>
    <vitamins-vitamin_b6>0.06000</vitamins-vitamin_b6>
    <vitamins-vitamin_c>1.30000</vitamins-vitamin_c>
    <vitamins-vitamin_d>0.00000</vitamins-vitamin_d>
    <vitamins-vitamin_e>0.00000</vitamins-vitamin_e>
    <vitamins-vitamin_k>0.00000</vitamins-vitamin_k>
</food>