<food xmlns:xsi="http://www.w3.org/2001/XMLSchema-instance" xsi:noNamespaceSchemaLocation="https://xjrga.github.io/schemas/food_v2.xsd">
    <food-id>03681</food-id>
    <food-name>Babyfood, cereal, barley, prepared with whole milk</food-name>
    <carbohydrates-carbs_by_diff>9.94000</carbohydrates-carbs_by_diff>
    <carbohydrates-fiber>0.60000</carbohydrates-fiber>
    <carbohydrates-glycemicindex>0.00000</carbohydrates-glycemicindex>
    <energy-gross>84.00000</energy-gross>
    <fats-cholesterol>10.00000</fats-cholesterol>
    <fats-dha>0.00000</fats-dha>
    <fats-epa>0.00000</fats-epa>
    <fats-lauric>0.07000</fats-lauric>
    <fats-linoleic>0.22900</fats-linoleic>
    <fats-linolenic>0.08000</fats-linolenic>
    <fats-monounsaturated>0.80200</fats-monounsaturated>
    <fats-myristic>0.27000</fats-myristic>
    <fats-palmitic>0.78000</fats-palmitic>
    <fats-polyunsaturated>0.30900</fats-polyunsaturated>
    <fats-saturated>1.76000</fats-saturated>
    <fats-stearic>0.34000</fats-stearic>
    <fats-total>3.26000</fats-total>
    <minerals-calcium>162.00000</minerals-calcium>
    <minerals-copper>0.05700</minerals-copper>
    <minerals-iron>3.49000</minerals-iron>
    <minerals-magnesium>18.00000</minerals-magnesium>
    <minerals-manganese>0.00400</minerals-manganese>
    <minerals-phosphorus>110.00000</minerals-phosphorus>
    <minerals-potassium>151.00000</minerals-potassium>
    <minerals-selenium>5.60000</minerals-selenium>
    <minerals-sodium>43.00000</minerals-sodium>
    <minerals-zinc>0.57000</minerals-zinc>
    <other-alcohol>0.00000</other-alcohol>
    <other-cost>0.0</other-cost>
    <other-water>82.19000</other-water>
    <other-weight>100.00000</other-weight>
    <protein-complete>0.00000</protein-complete>
    <protein-total>3.73000</protein-total>
    <vitamins-choline>16.60000</vitamins-choline>
    <vitamins-folate>7.00000</vitamins-folate>
    <vitamins-niacin>2.70700</vitamins-niacin>
    <vitamins-pantothenic_acid>0.38400</vitamins-pantothenic_acid>
    <vitamins-riboflavin>0.35300</vitamins-riboflavin>
    <vitamins-thiamin>0.24200</vitamins-thiamin>
    <vitamins-vitamin_a>43.00000</vitamins-vitamin_a>
    <vitamins-vitamin_b12>0.42000</vitamins-vitamin_b12>
    <vitamins-vitamin_b6>0.06000</vitamins-vitamin_b6>
    <vitamins-vitamin_c>0.20000</vitamins-vitamin_c>
    <vitamins-vitamin_d>1.20000</vitamins-vitamin_d>
    <vitamins-vitamin_e>0.43000</vitamins-vitamin_e>
    <vitamins-vitamin_k>0.40000</vitamins-vitamin_k>
</food>