<food xmlns:xsi="http://www.w3.org/2001/XMLSchema-instance" xsi:noNamespaceSchemaLocation="https://xjrga.github.io/schemas/food_v2.xsd">
    <food-id>03859</food-id>
    <food-name>Infant formula, NESTLE, GOOD START SOY, with DHA and ARA, ready-to-feed</food-name>
    <carbohydrates-carbs_by_diff>7.13000</carbohydrates-carbs_by_diff>
    <carbohydrates-fiber>0.00000</carbohydrates-fiber>
    <carbohydrates-glycemicindex>0.00000</carbohydrates-glycemicindex>
    <energy-gross>64.00000</energy-gross>
    <fats-cholesterol>2.00000</fats-cholesterol>
    <fats-dha>0.00900</fats-dha>
    <fats-epa>0.00000</fats-epa>
    <fats-lauric>0.30000</fats-lauric>
    <fats-linoleic>0.60300</fats-linoleic>
    <fats-linolenic>0.06400</fats-linolenic>
    <fats-monounsaturated>1.18900</fats-monounsaturated>
    <fats-myristic>0.12000</fats-myristic>
    <fats-palmitic>0.74000</fats-palmitic>
    <fats-polyunsaturated>0.69500</fats-polyunsaturated>
    <fats-saturated>1.40000</fats-saturated>
    <fats-stearic>0.12000</fats-stearic>
    <fats-total>3.28000</fats-total>
    <minerals-calcium>67.00000</minerals-calcium>
    <minerals-copper>0.05100</minerals-copper>
    <minerals-iron>1.15000</minerals-iron>
    <minerals-magnesium>7.00000</minerals-magnesium>
    <minerals-manganese>0.00000</minerals-manganese>
    <minerals-phosphorus>41.00000</minerals-phosphorus>
    <minerals-potassium>74.00000</minerals-potassium>
    <minerals-selenium>1.90000</minerals-selenium>
    <minerals-sodium>26.00000</minerals-sodium>
    <minerals-zinc>0.58000</minerals-zinc>
    <other-alcohol>0.00000</other-alcohol>
    <other-cost>0.0</other-cost>
    <other-water>87.50000</other-water>
    <other-weight>100.00000</other-weight>
    <protein-complete>0.00000</protein-complete>
    <protein-total>1.60000</protein-total>
    <vitamins-choline>7.00000</vitamins-choline>
    <vitamins-folate>17.00000</vitamins-folate>
    <vitamins-niacin>0.86400</vitamins-niacin>
    <vitamins-pantothenic_acid>0.00000</vitamins-pantothenic_acid>
    <vitamins-riboflavin>0.06000</vitamins-riboflavin>
    <vitamins-thiamin>0.03900</vitamins-thiamin>
    <vitamins-vitamin_a>58.00000</vitamins-vitamin_a>
    <vitamins-vitamin_b12>0.19000</vitamins-vitamin_b12>
    <vitamins-vitamin_b6>0.03800</vitamins-vitamin_b6>
    <vitamins-vitamin_c>7.70000</vitamins-vitamin_c>
    <vitamins-vitamin_d>1.00000</vitamins-vitamin_d>
    <vitamins-vitamin_e>0.94000</vitamins-vitamin_e>
    <vitamins-vitamin_k>5.80000</vitamins-vitamin_k>
</food>