<food xmlns:xsi="http://www.w3.org/2001/XMLSchema-instance" xsi:noNamespaceSchemaLocation="https://xjrga.github.io/schemas/food_v2.xsd">
    <food-id>03852</food-id>
    <food-name>Infant formula, MEAD JOHNSON, ENFAMIL, PROSOBEE LIPIL, with iron, powder, not reconstituted, with ARA and DHA</food-name>
    <carbohydrates-carbs_by_diff>53.00000</carbohydrates-carbs_by_diff>
    <carbohydrates-fiber>0.00000</carbohydrates-fiber>
    <carbohydrates-glycemicindex>0.00000</carbohydrates-glycemicindex>
    <energy-gross>510.00000</energy-gross>
    <fats-cholesterol>0.00000</fats-cholesterol>
    <fats-dha>0.08500</fats-dha>
    <fats-epa>0.00000</fats-epa>
    <fats-lauric>2.50000</fats-lauric>
    <fats-linoleic>4.70000</fats-linoleic>
    <fats-linolenic>0.34000</fats-linolenic>
    <fats-monounsaturated>10.32000</fats-monounsaturated>
    <fats-myristic>1.11000</fats-myristic>
    <fats-palmitic>5.90000</fats-palmitic>
    <fats-polyunsaturated>5.20000</fats-polyunsaturated>
    <fats-saturated>11.37000</fats-saturated>
    <fats-stearic>1.08000</fats-stearic>
    <fats-total>27.00000</fats-total>
    <minerals-calcium>530.00000</minerals-calcium>
    <minerals-copper>0.38000</minerals-copper>
    <minerals-iron>9.50000</minerals-iron>
    <minerals-magnesium>55.00000</minerals-magnesium>
    <minerals-manganese>0.12500</minerals-manganese>
    <minerals-phosphorus>420.00000</minerals-phosphorus>
    <minerals-potassium>600.00000</minerals-potassium>
    <minerals-selenium>13.30000</minerals-selenium>
    <minerals-sodium>171.00000</minerals-sodium>
    <minerals-zinc>6.00000</minerals-zinc>
    <other-alcohol>0.00000</other-alcohol>
    <other-cost>0.0</other-cost>
    <other-water>3.50000</other-water>
    <other-weight>100.00000</other-weight>
    <protein-complete>0.00000</protein-complete>
    <protein-total>12.50000</protein-total>
    <vitamins-choline>60.00000</vitamins-choline>
    <vitamins-folate>136.00000</vitamins-folate>
    <vitamins-niacin>5.00000</vitamins-niacin>
    <vitamins-pantothenic_acid>0.00000</vitamins-pantothenic_acid>
    <vitamins-riboflavin>0.45000</vitamins-riboflavin>
    <vitamins-thiamin>0.40000</vitamins-thiamin>
    <vitamins-vitamin_a>430.00000</vitamins-vitamin_a>
    <vitamins-vitamin_b12>1.42000</vitamins-vitamin_b12>
    <vitamins-vitamin_b6>0.30000</vitamins-vitamin_b6>
    <vitamins-vitamin_c>60.00000</vitamins-vitamin_c>
    <vitamins-vitamin_d>7.50000</vitamins-vitamin_d>
    <vitamins-vitamin_e>6.40000</vitamins-vitamin_e>
    <vitamins-vitamin_k>40.00000</vitamins-vitamin_k>
</food>