<food xmlns:xsi="http://www.w3.org/2001/XMLSchema-instance" xsi:noNamespaceSchemaLocation="https://xjrga.github.io/schemas/food_v2.xsd">
    <food-id>03813</food-id>
    <food-name>Infant formula, MEAD JOHNSON, ENFAMIL, NUTRAMIGEN, with iron, ready-to-feed</food-name>
    <carbohydrates-carbs_by_diff>6.81000</carbohydrates-carbs_by_diff>
    <carbohydrates-fiber>0.00000</carbohydrates-fiber>
    <carbohydrates-glycemicindex>0.00000</carbohydrates-glycemicindex>
    <energy-gross>66.00000</energy-gross>
    <fats-cholesterol>0.00000</fats-cholesterol>
    <fats-dha>0.00000</fats-dha>
    <fats-epa>0.00000</fats-epa>
    <fats-lauric>0.29000</fats-lauric>
    <fats-linoleic>0.56100</fats-linoleic>
    <fats-linolenic>0.05600</fats-linolenic>
    <fats-monounsaturated>1.20600</fats-monounsaturated>
    <fats-myristic>0.13000</fats-myristic>
    <fats-palmitic>0.70000</fats-palmitic>
    <fats-polyunsaturated>0.61700</fats-polyunsaturated>
    <fats-saturated>1.36400</fats-saturated>
    <fats-stearic>0.13000</fats-stearic>
    <fats-total>3.50000</fats-total>
    <minerals-calcium>62.00000</minerals-calcium>
    <minerals-copper>0.05000</minerals-copper>
    <minerals-iron>1.18000</minerals-iron>
    <minerals-magnesium>7.00000</minerals-magnesium>
    <minerals-manganese>0.00000</minerals-manganese>
    <minerals-phosphorus>42.00000</minerals-phosphorus>
    <minerals-potassium>72.00000</minerals-potassium>
    <minerals-selenium>1.80000</minerals-selenium>
    <minerals-sodium>31.00000</minerals-sodium>
    <minerals-zinc>0.66000</minerals-zinc>
    <other-alcohol>0.00000</other-alcohol>
    <other-cost>0.0</other-cost>
    <other-water>87.38000</other-water>
    <other-weight>100.00000</other-weight>
    <protein-complete>0.00000</protein-complete>
    <protein-total>1.83000</protein-total>
    <vitamins-choline>8.20000</vitamins-choline>
    <vitamins-folate>18.00000</vitamins-folate>
    <vitamins-niacin>0.66000</vitamins-niacin>
    <vitamins-pantothenic_acid>0.00000</vitamins-pantothenic_acid>
    <vitamins-riboflavin>0.05900</vitamins-riboflavin>
    <vitamins-thiamin>0.05200</vitamins-thiamin>
    <vitamins-vitamin_a>58.00000</vitamins-vitamin_a>
    <vitamins-vitamin_b12>0.19000</vitamins-vitamin_b12>
    <vitamins-vitamin_b6>0.04000</vitamins-vitamin_b6>
    <vitamins-vitamin_c>7.90000</vitamins-vitamin_c>
    <vitamins-vitamin_d>0.80000</vitamins-vitamin_d>
    <vitamins-vitamin_e>0.87000</vitamins-vitamin_e>
    <vitamins-vitamin_k>5.20000</vitamins-vitamin_k>
</food>