<food xmlns:xsi="http://www.w3.org/2001/XMLSchema-instance" xsi:noNamespaceSchemaLocation="https://xjrga.github.io/schemas/food_v2.xsd">
    <food-id>03858</food-id>
    <food-name>Infant formula, ABBOTT NUTRITION, SIMILAC, low iron, powder, not reconstituted</food-name>
    <carbohydrates-carbs_by_diff>54.78000</carbohydrates-carbs_by_diff>
    <carbohydrates-fiber>0.00000</carbohydrates-fiber>
    <carbohydrates-glycemicindex>0.00000</carbohydrates-glycemicindex>
    <energy-gross>522.00000</energy-gross>
    <fats-cholesterol>14.00000</fats-cholesterol>
    <fats-dha>0.00000</fats-dha>
    <fats-epa>0.00000</fats-epa>
    <fats-lauric>3.87000</fats-lauric>
    <fats-linoleic>5.77800</fats-linoleic>
    <fats-linolenic>0.61800</fats-linolenic>
    <fats-monounsaturated>10.49100</fats-monounsaturated>
    <fats-myristic>1.45000</fats-myristic>
    <fats-palmitic>2.05000</fats-palmitic>
    <fats-polyunsaturated>6.39600</fats-polyunsaturated>
    <fats-saturated>9.87300</fats-saturated>
    <fats-stearic>0.91000</fats-stearic>
    <fats-total>28.87000</fats-total>
    <minerals-calcium>410.00000</minerals-calcium>
    <minerals-copper>0.47300</minerals-copper>
    <minerals-iron>3.68000</minerals-iron>
    <minerals-magnesium>32.00000</minerals-magnesium>
    <minerals-manganese>0.02600</minerals-manganese>
    <minerals-phosphorus>221.00000</minerals-phosphorus>
    <minerals-potassium>552.00000</minerals-potassium>
    <minerals-selenium>11.60000</minerals-selenium>
    <minerals-sodium>126.00000</minerals-sodium>
    <minerals-zinc>3.94000</minerals-zinc>
    <other-alcohol>0.00000</other-alcohol>
    <other-cost>0.0</other-cost>
    <other-water>2.25000</other-water>
    <other-weight>100.00000</other-weight>
    <protein-complete>0.00000</protein-complete>
    <protein-total>10.85000</protein-total>
    <vitamins-choline>88.90000</vitamins-choline>
    <vitamins-folate>134.00000</vitamins-folate>
    <vitamins-niacin>5.52200</vitamins-niacin>
    <vitamins-pantothenic_acid>2.36700</vitamins-pantothenic_acid>
    <vitamins-riboflavin>0.78900</vitamins-riboflavin>
    <vitamins-thiamin>0.52600</vitamins-thiamin>
    <vitamins-vitamin_a>473.00000</vitamins-vitamin_a>
    <vitamins-vitamin_b12>1.32000</vitamins-vitamin_b12>
    <vitamins-vitamin_b6>0.31600</vitamins-vitamin_b6>
    <vitamins-vitamin_c>47.30000</vitamins-vitamin_c>
    <vitamins-vitamin_d>7.90000</vitamins-vitamin_d>
    <vitamins-vitamin_e>5.29000</vitamins-vitamin_e>
    <vitamins-vitamin_k>42.10000</vitamins-vitamin_k>
</food>