<food xmlns:xsi="http://www.w3.org/2001/XMLSchema-instance" xsi:noNamespaceSchemaLocation="https://xjrga.github.io/schemas/food_v2.xsd">
    <food-id>03846</food-id>
    <food-name>Infant formula, ABBOTT NUTRITION, SIMILAC, ALIMENTUM, with iron, ready-to-feed</food-name>
    <carbohydrates-carbs_by_diff>6.77000</carbohydrates-carbs_by_diff>
    <carbohydrates-fiber>0.00000</carbohydrates-fiber>
    <carbohydrates-glycemicindex>0.00000</carbohydrates-glycemicindex>
    <energy-gross>66.00000</energy-gross>
    <fats-cholesterol>1.00000</fats-cholesterol>
    <fats-dha>0.00000</fats-dha>
    <fats-epa>0.00000</fats-epa>
    <fats-lauric>0.02000</fats-lauric>
    <fats-linoleic>1.05500</fats-linoleic>
    <fats-linolenic>0.05900</fats-linolenic>
    <fats-monounsaturated>0.29400</fats-monounsaturated>
    <fats-myristic>0.00700</fats-myristic>
    <fats-palmitic>0.13000</fats-palmitic>
    <fats-polyunsaturated>1.11300</fats-polyunsaturated>
    <fats-saturated>1.83800</fats-saturated>
    <fats-stearic>0.05000</fats-stearic>
    <fats-total>3.63000</fats-total>
    <minerals-calcium>69.00000</minerals-calcium>
    <minerals-copper>0.04900</minerals-copper>
    <minerals-iron>1.18000</minerals-iron>
    <minerals-magnesium>5.00000</minerals-magnesium>
    <minerals-manganese>0.00600</minerals-manganese>
    <minerals-phosphorus>49.00000</minerals-phosphorus>
    <minerals-potassium>77.00000</minerals-potassium>
    <minerals-selenium>1.20000</minerals-selenium>
    <minerals-sodium>29.00000</minerals-sodium>
    <minerals-zinc>0.49000</minerals-zinc>
    <other-alcohol>0.00000</other-alcohol>
    <other-cost>0.0</other-cost>
    <other-water>87.32000</other-water>
    <other-weight>100.00000</other-weight>
    <protein-complete>0.00000</protein-complete>
    <protein-total>1.80000</protein-total>
    <vitamins-choline>8.00000</vitamins-choline>
    <vitamins-folate>17.00000</vitamins-folate>
    <vitamins-niacin>0.88500</vitamins-niacin>
    <vitamins-pantothenic_acid>0.49100</vitamins-pantothenic_acid>
    <vitamins-riboflavin>0.05900</vitamins-riboflavin>
    <vitamins-thiamin>0.03900</vitamins-thiamin>
    <vitamins-vitamin_a>59.00000</vitamins-vitamin_a>
    <vitamins-vitamin_b12>0.30000</vitamins-vitamin_b12>
    <vitamins-vitamin_b6>0.03900</vitamins-vitamin_b6>
    <vitamins-vitamin_c>5.90000</vitamins-vitamin_c>
    <vitamins-vitamin_d>0.70000</vitamins-vitamin_d>
    <vitamins-vitamin_e>1.32000</vitamins-vitamin_e>
    <vitamins-vitamin_k>9.80000</vitamins-vitamin_k>
</food>