<food xmlns:xsi="http://www.w3.org/2001/XMLSchema-instance" xsi:noNamespaceSchemaLocation="https://xjrga.github.io/schemas/food_v2.xsd">
    <food-id>03870</food-id>
    <food-name>Child formula, ABBOTT NUTRITION, PEDIASURE, ready-to-feed, with iron and fiber</food-name>
    <carbohydrates-carbs_by_diff>11.28000</carbohydrates-carbs_by_diff>
    <carbohydrates-fiber>0.50000</carbohydrates-fiber>
    <carbohydrates-glycemicindex>0.00000</carbohydrates-glycemicindex>
    <energy-gross>99.00000</energy-gross>
    <fats-cholesterol>2.00000</fats-cholesterol>
    <fats-dha>0.00000</fats-dha>
    <fats-epa>0.00000</fats-epa>
    <fats-lauric>0.01000</fats-lauric>
    <fats-linoleic>0.97500</fats-linoleic>
    <fats-linolenic>0.09200</fats-linolenic>
    <fats-monounsaturated>1.93600</fats-monounsaturated>
    <fats-myristic>0.00900</fats-myristic>
    <fats-palmitic>0.26000</fats-palmitic>
    <fats-polyunsaturated>1.06700</fats-polyunsaturated>
    <fats-saturated>1.25600</fats-saturated>
    <fats-stearic>0.12000</fats-stearic>
    <fats-total>4.70000</fats-total>
    <minerals-calcium>92.00000</minerals-calcium>
    <minerals-copper>0.10600</minerals-copper>
    <minerals-iron>1.32000</minerals-iron>
    <minerals-magnesium>19.00000</minerals-magnesium>
    <minerals-manganese>0.14400</minerals-manganese>
    <minerals-phosphorus>80.00000</minerals-phosphorus>
    <minerals-potassium>124.00000</minerals-potassium>
    <minerals-selenium>3.00000</minerals-selenium>
    <minerals-sodium>36.00000</minerals-sodium>
    <minerals-zinc>0.56000</minerals-zinc>
    <other-alcohol>0.00000</other-alcohol>
    <other-cost>0.0</other-cost>
    <other-water>80.47000</other-water>
    <other-weight>100.00000</other-weight>
    <protein-complete>0.00000</protein-complete>
    <protein-total>2.80000</protein-total>
    <vitamins-choline>28.40000</vitamins-choline>
    <vitamins-folate>48.00000</vitamins-folate>
    <vitamins-niacin>0.96000</vitamins-niacin>
    <vitamins-pantothenic_acid>0.96000</vitamins-pantothenic_acid>
    <vitamins-riboflavin>0.20000</vitamins-riboflavin>
    <vitamins-thiamin>0.25600</vitamins-thiamin>
    <vitamins-vitamin_a>46.00000</vitamins-vitamin_a>
    <vitamins-vitamin_b12>0.56000</vitamins-vitamin_b12>
    <vitamins-vitamin_b6>0.24800</vitamins-vitamin_b6>
    <vitamins-vitamin_c>9.60000</vitamins-vitamin_c>
    <vitamins-vitamin_d>1.20000</vitamins-vitamin_d>
    <vitamins-vitamin_e>1.46000</vitamins-vitamin_e>
    <vitamins-vitamin_k>5.60000</vitamins-vitamin_k>
</food>