<food xmlns:xsi="http://www.w3.org/2001/XMLSchema-instance" xsi:noNamespaceSchemaLocation="https://xjrga.github.io/schemas/food_v2.xsd">
    <food-id>03819</food-id>
    <food-name>Child formula, MEAD JOHNSON, PORTAGEN, with iron, powder, not reconstituted</food-name>
    <carbohydrates-carbs_by_diff>54.80000</carbohydrates-carbs_by_diff>
    <carbohydrates-fiber>0.00000</carbohydrates-fiber>
    <carbohydrates-glycemicindex>0.00000</carbohydrates-glycemicindex>
    <energy-gross>483.00000</energy-gross>
    <fats-cholesterol>4.00000</fats-cholesterol>
    <fats-dha>0.00000</fats-dha>
    <fats-epa>0.00000</fats-epa>
    <fats-lauric>0.07000</fats-lauric>
    <fats-linoleic>1.57000</fats-linoleic>
    <fats-linolenic>0.03900</fats-linolenic>
    <fats-monounsaturated>0.68300</fats-monounsaturated>
    <fats-myristic>0.00000</fats-myristic>
    <fats-palmitic>0.32000</fats-palmitic>
    <fats-polyunsaturated>1.60900</fats-polyunsaturated>
    <fats-saturated>19.18600</fats-saturated>
    <fats-stearic>0.06000</fats-stearic>
    <fats-total>22.00000</fats-total>
    <minerals-calcium>440.00000</minerals-calcium>
    <minerals-copper>0.74000</minerals-copper>
    <minerals-iron>8.80000</minerals-iron>
    <minerals-magnesium>98.00000</minerals-magnesium>
    <minerals-manganese>0.00000</minerals-manganese>
    <minerals-phosphorus>330.00000</minerals-phosphorus>
    <minerals-potassium>590.00000</minerals-potassium>
    <minerals-selenium>0.00000</minerals-selenium>
    <minerals-sodium>260.00000</minerals-sodium>
    <minerals-zinc>4.40000</minerals-zinc>
    <other-alcohol>0.00000</other-alcohol>
    <other-cost>0.0</other-cost>
    <other-water>3.00000</other-water>
    <other-weight>100.00000</other-weight>
    <protein-complete>0.00000</protein-complete>
    <protein-total>16.50000</protein-total>
    <vitamins-choline>61.00000</vitamins-choline>
    <vitamins-folate>126.00000</vitamins-folate>
    <vitamins-niacin>9.80000</vitamins-niacin>
    <vitamins-pantothenic_acid>0.00000</vitamins-pantothenic_acid>
    <vitamins-riboflavin>0.88000</vitamins-riboflavin>
    <vitamins-thiamin>0.74000</vitamins-thiamin>
    <vitamins-vitamin_a>1110.00000</vitamins-vitamin_a>
    <vitamins-vitamin_b12>2.90000</vitamins-vitamin_b12>
    <vitamins-vitamin_b6>0.98000</vitamins-vitamin_b6>
    <vitamins-vitamin_c>38.00000</vitamins-vitamin_c>
    <vitamins-vitamin_d>9.30000</vitamins-vitamin_d>
    <vitamins-vitamin_e>9.80000</vitamins-vitamin_e>
    <vitamins-vitamin_k>74.00000</vitamins-vitamin_k>
</food>