<food xmlns:xsi="http://www.w3.org/2001/XMLSchema-instance" xsi:noNamespaceSchemaLocation="https://xjrga.github.io/schemas/food_v2.xsd">
    <food-id>03827</food-id>
    <food-name>Infant formula, MEAD JOHNSON, ENFAMIL, LACTOFREE LIPIL, with iron, powder, with ARA and DHA</food-name>
    <carbohydrates-carbs_by_diff>56.30000</carbohydrates-carbs_by_diff>
    <carbohydrates-fiber>0.00000</carbohydrates-fiber>
    <carbohydrates-glycemicindex>0.00000</carbohydrates-glycemicindex>
    <energy-gross>521.00000</energy-gross>
    <fats-cholesterol>7.00000</fats-cholesterol>
    <fats-dha>0.09000</fats-dha>
    <fats-epa>0.00000</fats-epa>
    <fats-lauric>2.50000</fats-lauric>
    <fats-linoleic>4.80000</fats-linoleic>
    <fats-linolenic>0.46000</fats-linolenic>
    <fats-monounsaturated>10.40000</fats-monounsaturated>
    <fats-myristic>1.15000</fats-myristic>
    <fats-palmitic>6.20000</fats-palmitic>
    <fats-polyunsaturated>5.50000</fats-polyunsaturated>
    <fats-saturated>11.90000</fats-saturated>
    <fats-stearic>1.15000</fats-stearic>
    <fats-total>28.00000</fats-total>
    <minerals-calcium>430.00000</minerals-calcium>
    <minerals-copper>0.39000</minerals-copper>
    <minerals-iron>9.40000</minerals-iron>
    <minerals-magnesium>42.00000</minerals-magnesium>
    <minerals-manganese>0.00000</minerals-manganese>
    <minerals-phosphorus>290.00000</minerals-phosphorus>
    <minerals-potassium>570.00000</minerals-potassium>
    <minerals-selenium>14.60000</minerals-selenium>
    <minerals-sodium>156.00000</minerals-sodium>
    <minerals-zinc>5.20000</minerals-zinc>
    <other-alcohol>0.00000</other-alcohol>
    <other-cost>0.0</other-cost>
    <other-water>2.20000</other-water>
    <other-weight>100.00000</other-weight>
    <protein-complete>0.00000</protein-complete>
    <protein-total>10.90000</protein-total>
    <vitamins-choline>60.00000</vitamins-choline>
    <vitamins-folate>141.00000</vitamins-folate>
    <vitamins-niacin>5.20000</vitamins-niacin>
    <vitamins-pantothenic_acid>0.00000</vitamins-pantothenic_acid>
    <vitamins-riboflavin>0.73000</vitamins-riboflavin>
    <vitamins-thiamin>0.42000</vitamins-thiamin>
    <vitamins-vitamin_a>470.00000</vitamins-vitamin_a>
    <vitamins-vitamin_b12>1.56000</vitamins-vitamin_b12>
    <vitamins-vitamin_b6>0.31000</vitamins-vitamin_b6>
    <vitamins-vitamin_c>62.00000</vitamins-vitamin_c>
    <vitamins-vitamin_d>7.80000</vitamins-vitamin_d>
    <vitamins-vitamin_e>4.70000</vitamins-vitamin_e>
    <vitamins-vitamin_k>42.00000</vitamins-vitamin_k>
</food>