<food xmlns:xsi="http://www.w3.org/2001/XMLSchema-instance" xsi:noNamespaceSchemaLocation="https://xjrga.github.io/schemas/food_v2.xsd">
    <food-id>03854</food-id>
    <food-name>Infant formula, MEAD JOHNSON, ENFAMIL, PROSOBEE, LIPIL, liquid concentrate, not reconstituted, with ARA and DHA</food-name>
    <carbohydrates-carbs_by_diff>13.58000</carbohydrates-carbs_by_diff>
    <carbohydrates-fiber>0.00000</carbohydrates-fiber>
    <carbohydrates-glycemicindex>0.00000</carbohydrates-glycemicindex>
    <energy-gross>131.00000</energy-gross>
    <fats-cholesterol>0.00000</fats-cholesterol>
    <fats-dha>0.01900</fats-dha>
    <fats-epa>0.00000</fats-epa>
    <fats-lauric>0.64000</fats-lauric>
    <fats-linoleic>1.20300</fats-linoleic>
    <fats-linolenic>0.11700</fats-linolenic>
    <fats-monounsaturated>2.59800</fats-monounsaturated>
    <fats-myristic>0.29000</fats-myristic>
    <fats-palmitic>1.53000</fats-palmitic>
    <fats-polyunsaturated>1.37800</fats-polyunsaturated>
    <fats-saturated>2.96900</fats-saturated>
    <fats-stearic>0.29000</fats-stearic>
    <fats-total>7.11000</fats-total>
    <minerals-calcium>134.00000</minerals-calcium>
    <minerals-copper>0.09600</minerals-copper>
    <minerals-iron>2.30000</minerals-iron>
    <minerals-magnesium>14.00000</minerals-magnesium>
    <minerals-manganese>0.00000</minerals-manganese>
    <minerals-phosphorus>106.00000</minerals-phosphorus>
    <minerals-potassium>153.00000</minerals-potassium>
    <minerals-selenium>3.60000</minerals-selenium>
    <minerals-sodium>45.00000</minerals-sodium>
    <minerals-zinc>1.53000</minerals-zinc>
    <other-alcohol>0.00000</other-alcohol>
    <other-cost>0.0</other-cost>
    <other-water>75.47000</other-water>
    <other-weight>100.00000</other-weight>
    <protein-complete>0.00000</protein-complete>
    <protein-total>3.19000</protein-total>
    <vitamins-choline>16.80000</vitamins-choline>
    <vitamins-folate>34.00000</vitamins-folate>
    <vitamins-niacin>1.28300</vitamins-niacin>
    <vitamins-pantothenic_acid>0.00000</vitamins-pantothenic_acid>
    <vitamins-riboflavin>0.11500</vitamins-riboflavin>
    <vitamins-thiamin>0.10200</vitamins-thiamin>
    <vitamins-vitamin_a>113.00000</vitamins-vitamin_a>
    <vitamins-vitamin_b12>0.38000</vitamins-vitamin_b12>
    <vitamins-vitamin_b6>0.07700</vitamins-vitamin_b6>
    <vitamins-vitamin_c>15.30000</vitamins-vitamin_c>
    <vitamins-vitamin_d>1.90000</vitamins-vitamin_d>
    <vitamins-vitamin_e>1.16000</vitamins-vitamin_e>
    <vitamins-vitamin_k>10.20000</vitamins-vitamin_k>
</food>