<food xmlns:xsi="http://www.w3.org/2001/XMLSchema-instance" xsi:noNamespaceSchemaLocation="https://xjrga.github.io/schemas/food_v2.xsd">
    <food-id>03839</food-id>
    <food-name>Infant formula, ABBOTT NUTRITION, SIMILAC, NATURAL CARE, ADVANCE, ready-to-feed, with ARA and DHA</food-name>
    <carbohydrates-carbs_by_diff>8.20000</carbohydrates-carbs_by_diff>
    <carbohydrates-fiber>0.00000</carbohydrates-fiber>
    <carbohydrates-glycemicindex>0.00000</carbohydrates-glycemicindex>
    <energy-gross>78.00000</energy-gross>
    <fats-cholesterol>2.00000</fats-cholesterol>
    <fats-dha>0.01100</fats-dha>
    <fats-epa>0.00000</fats-epa>
    <fats-lauric>0.34000</fats-lauric>
    <fats-linoleic>0.75800</fats-linoleic>
    <fats-linolenic>0.08400</fats-linolenic>
    <fats-monounsaturated>0.40200</fats-monounsaturated>
    <fats-myristic>0.15000</fats-myristic>
    <fats-palmitic>0.24000</fats-palmitic>
    <fats-polyunsaturated>0.84200</fats-polyunsaturated>
    <fats-saturated>2.54400</fats-saturated>
    <fats-stearic>0.11000</fats-stearic>
    <fats-total>4.24000</fats-total>
    <minerals-calcium>163.00000</minerals-calcium>
    <minerals-copper>0.19500</minerals-copper>
    <minerals-iron>0.29000</minerals-iron>
    <minerals-magnesium>9.00000</minerals-magnesium>
    <minerals-manganese>0.00900</minerals-manganese>
    <minerals-phosphorus>91.00000</minerals-phosphorus>
    <minerals-potassium>101.00000</minerals-potassium>
    <minerals-selenium>1.40000</minerals-selenium>
    <minerals-sodium>34.00000</minerals-sodium>
    <minerals-zinc>1.17000</minerals-zinc>
    <other-alcohol>0.00000</other-alcohol>
    <other-cost>0.0</other-cost>
    <other-water>85.07000</other-water>
    <other-weight>100.00000</other-weight>
    <protein-complete>0.00000</protein-complete>
    <protein-total>2.12000</protein-total>
    <vitamins-choline>6.00000</vitamins-choline>
    <vitamins-folate>49.00000</vitamins-folate>
    <vitamins-niacin>3.90200</vitamins-niacin>
    <vitamins-pantothenic_acid>1.48300</vitamins-pantothenic_acid>
    <vitamins-riboflavin>0.48400</vitamins-riboflavin>
    <vitamins-thiamin>0.19500</vitamins-thiamin>
    <vitamins-vitamin_a>292.00000</vitamins-vitamin_a>
    <vitamins-vitamin_b12>0.43000</vitamins-vitamin_b12>
    <vitamins-vitamin_b6>0.19500</vitamins-vitamin_b6>
    <vitamins-vitamin_c>28.90000</vitamins-vitamin_c>
    <vitamins-vitamin_d>2.90000</vitamins-vitamin_d>
    <vitamins-vitamin_e>2.09000</vitamins-vitamin_e>
    <vitamins-vitamin_k>9.40000</vitamins-vitamin_k>
</food>