<food xmlns:xsi="http://www.w3.org/2001/XMLSchema-instance" xsi:noNamespaceSchemaLocation="https://xjrga.github.io/schemas/food_v2.xsd">
    <food-id>03861</food-id>
    <food-name>Infant formula, MEAD JOHNSON, NEXT STEP, PROSOBEE LIPIL, powder, with ARA and DHA</food-name>
    <carbohydrates-carbs_by_diff>57.10000</carbohydrates-carbs_by_diff>
    <carbohydrates-fiber>0.00000</carbohydrates-fiber>
    <carbohydrates-glycemicindex>0.00000</carbohydrates-glycemicindex>
    <energy-gross>480.00000</energy-gross>
    <fats-cholesterol>0.00000</fats-cholesterol>
    <fats-dha>0.08100</fats-dha>
    <fats-epa>0.00000</fats-epa>
    <fats-lauric>1.94000</fats-lauric>
    <fats-linoleic>3.60000</fats-linoleic>
    <fats-linolenic>0.37300</fats-linolenic>
    <fats-monounsaturated>7.80000</fats-monounsaturated>
    <fats-myristic>0.86000</fats-myristic>
    <fats-palmitic>4.58000</fats-palmitic>
    <fats-polyunsaturated>4.20000</fats-polyunsaturated>
    <fats-saturated>8.90500</fats-saturated>
    <fats-stearic>0.90000</fats-stearic>
    <fats-total>21.00000</fats-total>
    <minerals-calcium>920.00000</minerals-calcium>
    <minerals-copper>0.36000</minerals-copper>
    <minerals-iron>9.50000</minerals-iron>
    <minerals-magnesium>52.00000</minerals-magnesium>
    <minerals-manganese>0.24000</minerals-manganese>
    <minerals-phosphorus>620.00000</minerals-phosphorus>
    <minerals-potassium>570.00000</minerals-potassium>
    <minerals-selenium>13.30000</minerals-selenium>
    <minerals-sodium>171.00000</minerals-sodium>
    <minerals-zinc>5.70000</minerals-zinc>
    <other-alcohol>0.00000</other-alcohol>
    <other-cost>0.0</other-cost>
    <other-water>3.00000</other-water>
    <other-weight>100.00000</other-weight>
    <protein-complete>0.00000</protein-complete>
    <protein-total>15.60000</protein-total>
    <vitamins-choline>57.00000</vitamins-choline>
    <vitamins-folate>129.00000</vitamins-folate>
    <vitamins-niacin>4.70000</vitamins-niacin>
    <vitamins-pantothenic_acid>0.00000</vitamins-pantothenic_acid>
    <vitamins-riboflavin>0.43000</vitamins-riboflavin>
    <vitamins-thiamin>0.38000</vitamins-thiamin>
    <vitamins-vitamin_a>430.00000</vitamins-vitamin_a>
    <vitamins-vitamin_b12>1.42000</vitamins-vitamin_b12>
    <vitamins-vitamin_b6>0.28000</vitamins-vitamin_b6>
    <vitamins-vitamin_c>57.00000</vitamins-vitamin_c>
    <vitamins-vitamin_d>7.10000</vitamins-vitamin_d>
    <vitamins-vitamin_e>6.40000</vitamins-vitamin_e>
    <vitamins-vitamin_k>38.00000</vitamins-vitamin_k>
</food>