<food xmlns:xsi="http://www.w3.org/2001/XMLSchema-instance" xsi:noNamespaceSchemaLocation="https://xjrga.github.io/schemas/food_v2.xsd">
    <food-id>03816</food-id>
    <food-name>Infant formula, MEAD JOHNSON, ENFAMIL, NUTRAMIGEN, with iron, liquid concentrate, not reconstituted</food-name>
    <carbohydrates-carbs_by_diff>13.12000</carbohydrates-carbs_by_diff>
    <carbohydrates-fiber>0.00000</carbohydrates-fiber>
    <carbohydrates-glycemicindex>0.00000</carbohydrates-glycemicindex>
    <energy-gross>127.00000</energy-gross>
    <fats-cholesterol>0.00000</fats-cholesterol>
    <fats-dha>0.00000</fats-dha>
    <fats-epa>0.00000</fats-epa>
    <fats-lauric>0.61000</fats-lauric>
    <fats-linoleic>1.15900</fats-linoleic>
    <fats-linolenic>0.11800</fats-linolenic>
    <fats-monounsaturated>2.49300</fats-monounsaturated>
    <fats-myristic>0.28000</fats-myristic>
    <fats-palmitic>1.47000</fats-palmitic>
    <fats-polyunsaturated>1.15900</fats-polyunsaturated>
    <fats-saturated>2.87900</fats-saturated>
    <fats-stearic>0.28000</fats-stearic>
    <fats-total>6.73000</fats-total>
    <minerals-calcium>120.00000</minerals-calcium>
    <minerals-copper>0.09500</minerals-copper>
    <minerals-iron>2.28000</minerals-iron>
    <minerals-magnesium>14.00000</minerals-magnesium>
    <minerals-manganese>0.00000</minerals-manganese>
    <minerals-phosphorus>80.00000</minerals-phosphorus>
    <minerals-potassium>138.00000</minerals-potassium>
    <minerals-selenium>3.50000</minerals-selenium>
    <minerals-sodium>60.00000</minerals-sodium>
    <minerals-zinc>1.27000</minerals-zinc>
    <other-alcohol>0.00000</other-alcohol>
    <other-cost>0.0</other-cost>
    <other-water>75.70000</other-water>
    <other-weight>100.00000</other-weight>
    <protein-complete>0.00000</protein-complete>
    <protein-total>3.53000</protein-total>
    <vitamins-choline>23.00000</vitamins-choline>
    <vitamins-folate>34.00000</vitamins-folate>
    <vitamins-niacin>1.27000</vitamins-niacin>
    <vitamins-pantothenic_acid>0.00000</vitamins-pantothenic_acid>
    <vitamins-riboflavin>0.11400</vitamins-riboflavin>
    <vitamins-thiamin>0.10100</vitamins-thiamin>
    <vitamins-vitamin_a>112.00000</vitamins-vitamin_a>
    <vitamins-vitamin_b12>0.37000</vitamins-vitamin_b12>
    <vitamins-vitamin_b6>0.07700</vitamins-vitamin_b6>
    <vitamins-vitamin_c>15.10000</vitamins-vitamin_c>
    <vitamins-vitamin_d>1.60000</vitamins-vitamin_d>
    <vitamins-vitamin_e>1.68000</vitamins-vitamin_e>
    <vitamins-vitamin_k>10.10000</vitamins-vitamin_k>
</food>