<food xmlns:xsi="http://www.w3.org/2001/XMLSchema-instance" xsi:noNamespaceSchemaLocation="https://xjrga.github.io/schemas/food_v2.xsd">
    <food-id>03849</food-id>
    <food-name>Infant formula, MEAD JOHNSON, ENFAMIL, ENFACARE LIPIL, with iron, powder, with ARA and DHA</food-name>
    <carbohydrates-carbs_by_diff>56.00000</carbohydrates-carbs_by_diff>
    <carbohydrates-fiber>0.00000</carbohydrates-fiber>
    <carbohydrates-glycemicindex>0.00000</carbohydrates-glycemicindex>
    <energy-gross>514.00000</energy-gross>
    <fats-cholesterol>16.00000</fats-cholesterol>
    <fats-dha>0.08400</fats-dha>
    <fats-epa>0.00000</fats-epa>
    <fats-lauric>2.50000</fats-lauric>
    <fats-linoleic>4.70000</fats-linoleic>
    <fats-linolenic>0.45000</fats-linolenic>
    <fats-monounsaturated>10.30000</fats-monounsaturated>
    <fats-myristic>1.11000</fats-myristic>
    <fats-palmitic>5.90000</fats-palmitic>
    <fats-polyunsaturated>5.40200</fats-polyunsaturated>
    <fats-saturated>11.37000</fats-saturated>
    <fats-stearic>1.08000</fats-stearic>
    <fats-total>27.00000</fats-total>
    <minerals-calcium>590.00000</minerals-calcium>
    <minerals-copper>0.59000</minerals-copper>
    <minerals-iron>8.90000</minerals-iron>
    <minerals-magnesium>39.00000</minerals-magnesium>
    <minerals-manganese>0.00000</minerals-manganese>
    <minerals-phosphorus>330.00000</minerals-phosphorus>
    <minerals-potassium>565.00000</minerals-potassium>
    <minerals-selenium>14.60000</minerals-selenium>
    <minerals-sodium>173.00000</minerals-sodium>
    <minerals-zinc>6.20000</minerals-zinc>
    <other-alcohol>0.00000</other-alcohol>
    <other-cost>0.0</other-cost>
    <other-water>2.50000</other-water>
    <other-weight>100.00000</other-weight>
    <protein-complete>0.00000</protein-complete>
    <protein-total>12.50000</protein-total>
    <vitamins-choline>124.00000</vitamins-choline>
    <vitamins-folate>187.00000</vitamins-folate>
    <vitamins-niacin>9.90000</vitamins-niacin>
    <vitamins-pantothenic_acid>0.56100</vitamins-pantothenic_acid>
    <vitamins-riboflavin>0.99000</vitamins-riboflavin>
    <vitamins-thiamin>0.20000</vitamins-thiamin>
    <vitamins-vitamin_a>474.00000</vitamins-vitamin_a>
    <vitamins-vitamin_b12>1.48000</vitamins-vitamin_b12>
    <vitamins-vitamin_b6>0.49000</vitamins-vitamin_b6>
    <vitamins-vitamin_c>79.00000</vitamins-vitamin_c>
    <vitamins-vitamin_d>9.80000</vitamins-vitamin_d>
    <vitamins-vitamin_e>9.00000</vitamins-vitamin_e>
    <vitamins-vitamin_k>41.30000</vitamins-vitamin_k>
</food>