<food xmlns:xsi="http://www.w3.org/2001/XMLSchema-instance" xsi:noNamespaceSchemaLocation="https://xjrga.github.io/schemas/food_v2.xsd">
    <food-id>03856</food-id>
    <food-name>Infant formula, ABBOTT NUTRITION, SIMILAC, low iron, liquid concentrate, not reconstituted</food-name>
    <carbohydrates-carbs_by_diff>13.76000</carbohydrates-carbs_by_diff>
    <carbohydrates-fiber>0.00000</carbohydrates-fiber>
    <carbohydrates-glycemicindex>0.00000</carbohydrates-glycemicindex>
    <energy-gross>127.00000</energy-gross>
    <fats-cholesterol>3.00000</fats-cholesterol>
    <fats-dha>0.00000</fats-dha>
    <fats-epa>0.00000</fats-epa>
    <fats-lauric>0.94000</fats-lauric>
    <fats-linoleic>1.40500</fats-linoleic>
    <fats-linolenic>0.15000</fats-linolenic>
    <fats-monounsaturated>2.55100</fats-monounsaturated>
    <fats-myristic>0.35000</fats-myristic>
    <fats-palmitic>0.50000</fats-palmitic>
    <fats-polyunsaturated>1.55500</fats-polyunsaturated>
    <fats-saturated>2.40100</fats-saturated>
    <fats-stearic>0.22000</fats-stearic>
    <fats-total>6.89000</fats-total>
    <minerals-calcium>99.00000</minerals-calcium>
    <minerals-copper>0.11500</minerals-copper>
    <minerals-iron>0.89000</minerals-iron>
    <minerals-magnesium>8.00000</minerals-magnesium>
    <minerals-manganese>0.00600</minerals-manganese>
    <minerals-phosphorus>54.00000</minerals-phosphorus>
    <minerals-potassium>134.00000</minerals-potassium>
    <minerals-selenium>2.80000</minerals-selenium>
    <minerals-sodium>31.00000</minerals-sodium>
    <minerals-zinc>0.96000</minerals-zinc>
    <other-alcohol>0.00000</other-alcohol>
    <other-cost>0.0</other-cost>
    <other-water>76.16000</other-water>
    <other-weight>100.00000</other-weight>
    <protein-complete>0.00000</protein-complete>
    <protein-total>2.64000</protein-total>
    <vitamins-choline>21.60000</vitamins-choline>
    <vitamins-folate>33.00000</vitamins-folate>
    <vitamins-niacin>1.33900</vitamins-niacin>
    <vitamins-pantothenic_acid>0.57900</vitamins-pantothenic_acid>
    <vitamins-riboflavin>0.19100</vitamins-riboflavin>
    <vitamins-thiamin>0.12700</vitamins-thiamin>
    <vitamins-vitamin_a>114.00000</vitamins-vitamin_a>
    <vitamins-vitamin_b12>0.32000</vitamins-vitamin_b12>
    <vitamins-vitamin_b6>0.07600</vitamins-vitamin_b6>
    <vitamins-vitamin_c>11.50000</vitamins-vitamin_c>
    <vitamins-vitamin_d>1.90000</vitamins-vitamin_d>
    <vitamins-vitamin_e>1.28000</vitamins-vitamin_e>
    <vitamins-vitamin_k>10.20000</vitamins-vitamin_k>
</food>