<food xmlns:xsi="http://www.w3.org/2001/XMLSchema-instance" xsi:noNamespaceSchemaLocation="https://xjrga.github.io/schemas/food_v2.xsd">
    <food-id>03959</food-id>
    <food-name>Babyfood, mashed cheddar potatoes and broccoli, toddlers</food-name>
    <carbohydrates-carbs_by_diff>7.47000</carbohydrates-carbs_by_diff>
    <carbohydrates-fiber>1.20000</carbohydrates-fiber>
    <carbohydrates-glycemicindex>0.00000</carbohydrates-glycemicindex>
    <energy-gross>48.00000</energy-gross>
    <fats-cholesterol>4.00000</fats-cholesterol>
    <fats-dha>0.00000</fats-dha>
    <fats-epa>0.00000</fats-epa>
    <fats-lauric>0.03000</fats-lauric>
    <fats-linoleic>0.07500</fats-linoleic>
    <fats-linolenic>0.01700</fats-linolenic>
    <fats-monounsaturated>0.37000</fats-monounsaturated>
    <fats-myristic>0.12000</fats-myristic>
    <fats-palmitic>0.39000</fats-palmitic>
    <fats-polyunsaturated>0.09200</fats-polyunsaturated>
    <fats-saturated>0.87500</fats-saturated>
    <fats-stearic>0.16000</fats-stearic>
    <fats-total>1.47000</fats-total>
    <minerals-calcium>20.00000</minerals-calcium>
    <minerals-copper>0.06000</minerals-copper>
    <minerals-iron>0.16000</minerals-iron>
    <minerals-magnesium>8.00000</minerals-magnesium>
    <minerals-manganese>0.05600</minerals-manganese>
    <minerals-phosphorus>24.00000</minerals-phosphorus>
    <minerals-potassium>118.00000</minerals-potassium>
    <minerals-selenium>0.50000</minerals-selenium>
    <minerals-sodium>176.00000</minerals-sodium>
    <minerals-zinc>0.16000</minerals-zinc>
    <other-alcohol>0.00000</other-alcohol>
    <other-cost>0.0</other-cost>
    <other-water>88.97000</other-water>
    <other-weight>100.00000</other-weight>
    <protein-complete>0.00000</protein-complete>
    <protein-total>1.11000</protein-total>
    <vitamins-choline>5.80000</vitamins-choline>
    <vitamins-folate>6.00000</vitamins-folate>
    <vitamins-niacin>0.41900</vitamins-niacin>
    <vitamins-pantothenic_acid>0.19400</vitamins-pantothenic_acid>
    <vitamins-riboflavin>0.02000</vitamins-riboflavin>
    <vitamins-thiamin>0.03000</vitamins-thiamin>
    <vitamins-vitamin_a>13.00000</vitamins-vitamin_a>
    <vitamins-vitamin_b12>0.01000</vitamins-vitamin_b12>
    <vitamins-vitamin_b6>0.08900</vitamins-vitamin_b6>
    <vitamins-vitamin_c>1.50000</vitamins-vitamin_c>
    <vitamins-vitamin_d>0.00000</vitamins-vitamin_d>
    <vitamins-vitamin_e>0.09000</vitamins-vitamin_e>
    <vitamins-vitamin_k>8.10000</vitamins-vitamin_k>
</food>