<food xmlns:xsi="http://www.w3.org/2001/XMLSchema-instance" xsi:noNamespaceSchemaLocation="https://xjrga.github.io/schemas/food_v2.xsd">
    <food-id>03954</food-id>
    <food-name>Infant formula, ABBOTT NUTRITION, SIMILAC, ISOMIL, ADVANCE with iron, powder, not reconstituted</food-name>
    <carbohydrates-carbs_by_diff>53.57000</carbohydrates-carbs_by_diff>
    <carbohydrates-fiber>0.00000</carbohydrates-fiber>
    <carbohydrates-glycemicindex>0.00000</carbohydrates-glycemicindex>
    <energy-gross>517.00000</energy-gross>
    <fats-cholesterol>0.00000</fats-cholesterol>
    <fats-dha>0.09600</fats-dha>
    <fats-epa>0.00000</fats-epa>
    <fats-lauric>3.54000</fats-lauric>
    <fats-linoleic>5.91000</fats-linoleic>
    <fats-linolenic>0.67400</fats-linolenic>
    <fats-monounsaturated>10.77800</fats-monounsaturated>
    <fats-myristic>1.38000</fats-myristic>
    <fats-palmitic>2.06000</fats-palmitic>
    <fats-polyunsaturated>6.58400</fats-polyunsaturated>
    <fats-saturated>9.16700</fats-saturated>
    <fats-stearic>0.91000</fats-stearic>
    <fats-total>28.09000</fats-total>
    <minerals-calcium>540.00000</minerals-calcium>
    <minerals-copper>0.38600</minerals-copper>
    <minerals-iron>9.26000</minerals-iron>
    <minerals-magnesium>39.00000</minerals-magnesium>
    <minerals-manganese>0.12900</minerals-manganese>
    <minerals-phosphorus>386.00000</minerals-phosphorus>
    <minerals-potassium>555.00000</minerals-potassium>
    <minerals-selenium>10.80000</minerals-selenium>
    <minerals-sodium>226.00000</minerals-sodium>
    <minerals-zinc>3.86000</minerals-zinc>
    <other-alcohol>0.00000</other-alcohol>
    <other-cost>0.0</other-cost>
    <other-water>2.50000</other-water>
    <other-weight>100.00000</other-weight>
    <protein-complete>0.00000</protein-complete>
    <protein-total>12.60000</protein-total>
    <vitamins-choline>60.00000</vitamins-choline>
    <vitamins-folate>131.00000</vitamins-folate>
    <vitamins-niacin>6.94300</vitamins-niacin>
    <vitamins-pantothenic_acid>3.85700</vitamins-pantothenic_acid>
    <vitamins-riboflavin>0.46300</vitamins-riboflavin>
    <vitamins-thiamin>0.30900</vitamins-thiamin>
    <vitamins-vitamin_a>462.00000</vitamins-vitamin_a>
    <vitamins-vitamin_b12>2.31000</vitamins-vitamin_b12>
    <vitamins-vitamin_b6>0.30900</vitamins-vitamin_b6>
    <vitamins-vitamin_c>46.30000</vitamins-vitamin_c>
    <vitamins-vitamin_d>7.70000</vitamins-vitamin_d>
    <vitamins-vitamin_e>5.10000</vitamins-vitamin_e>
    <vitamins-vitamin_k>56.60000</vitamins-vitamin_k>
</food>