<food xmlns:xsi="http://www.w3.org/2001/XMLSchema-instance" xsi:noNamespaceSchemaLocation="https://xjrga.github.io/schemas/food_v2.xsd">
    <food-id>03900</food-id>
    <food-name>Infant formula, NESTLE, GOOD START 2 ESSENTIALS, with iron, ready-to-feed</food-name>
    <carbohydrates-carbs_by_diff>8.54000</carbohydrates-carbs_by_diff>
    <carbohydrates-fiber>0.00000</carbohydrates-fiber>
    <carbohydrates-glycemicindex>0.00000</carbohydrates-glycemicindex>
    <energy-gross>65.00000</energy-gross>
    <fats-cholesterol>1.00000</fats-cholesterol>
    <fats-dha>0.00000</fats-dha>
    <fats-epa>0.00000</fats-epa>
    <fats-lauric>0.27000</fats-lauric>
    <fats-linoleic>0.55000</fats-linoleic>
    <fats-linolenic>0.05000</fats-linolenic>
    <fats-monounsaturated>0.87000</fats-monounsaturated>
    <fats-myristic>0.11000</fats-myristic>
    <fats-palmitic>0.63000</fats-palmitic>
    <fats-polyunsaturated>0.60000</fats-polyunsaturated>
    <fats-saturated>1.18000</fats-saturated>
    <fats-stearic>0.10000</fats-stearic>
    <fats-total>2.70000</fats-total>
    <minerals-calcium>78.00000</minerals-calcium>
    <minerals-copper>0.05500</minerals-copper>
    <minerals-iron>1.20000</minerals-iron>
    <minerals-magnesium>5.00000</minerals-magnesium>
    <minerals-manganese>0.00000</minerals-manganese>
    <minerals-phosphorus>52.00000</minerals-phosphorus>
    <minerals-potassium>88.00000</minerals-potassium>
    <minerals-selenium>1.30000</minerals-selenium>
    <minerals-sodium>25.00000</minerals-sodium>
    <minerals-zinc>0.52000</minerals-zinc>
    <other-alcohol>0.00000</other-alcohol>
    <other-cost>0.0</other-cost>
    <other-water>86.60000</other-water>
    <other-weight>100.00000</other-weight>
    <protein-complete>0.00000</protein-complete>
    <protein-total>1.70000</protein-total>
    <vitamins-choline>8.00000</vitamins-choline>
    <vitamins-folate>17.00000</vitamins-folate>
    <vitamins-niacin>0.65000</vitamins-niacin>
    <vitamins-pantothenic_acid>0.00000</vitamins-pantothenic_acid>
    <vitamins-riboflavin>0.09100</vitamins-riboflavin>
    <vitamins-thiamin>0.05200</vitamins-thiamin>
    <vitamins-vitamin_a>48.00000</vitamins-vitamin_a>
    <vitamins-vitamin_b12>0.16000</vitamins-vitamin_b12>
    <vitamins-vitamin_b6>0.04200</vitamins-vitamin_b6>
    <vitamins-vitamin_c>5.90000</vitamins-vitamin_c>
    <vitamins-vitamin_d>1.10000</vitamins-vitamin_d>
    <vitamins-vitamin_e>0.91000</vitamins-vitamin_e>
    <vitamins-vitamin_k>5.20000</vitamins-vitamin_k>
</food>