<food xmlns:xsi="http://www.w3.org/2001/XMLSchema-instance" xsi:noNamespaceSchemaLocation="https://xjrga.github.io/schemas/food_v2.xsd">
    <food-id>03999</food-id>
    <food-name>Infant formula, ABBOTT NUTRITION, SIMILAC, For Spit Up, powder, with ARA and DHA</food-name>
    <carbohydrates-carbs_by_diff>55.00000</carbohydrates-carbs_by_diff>
    <carbohydrates-fiber>0.00000</carbohydrates-fiber>
    <carbohydrates-glycemicindex>0.00000</carbohydrates-glycemicindex>
    <energy-gross>514.00000</energy-gross>
    <fats-cholesterol>0.00000</fats-cholesterol>
    <fats-dha>0.08500</fats-dha>
    <fats-epa>0.00000</fats-epa>
    <fats-lauric>2.45000</fats-lauric>
    <fats-linoleic>5.37300</fats-linoleic>
    <fats-linolenic>0.59500</fats-linolenic>
    <fats-monounsaturated>2.84900</fats-monounsaturated>
    <fats-myristic>1.06000</fats-myristic>
    <fats-palmitic>1.70000</fats-palmitic>
    <fats-polyunsaturated>6.21800</fats-polyunsaturated>
    <fats-saturated>18.02500</fats-saturated>
    <fats-stearic>0.80000</fats-stearic>
    <fats-total>27.75000</fats-total>
    <minerals-calcium>432.00000</minerals-calcium>
    <minerals-copper>0.46300</minerals-copper>
    <minerals-iron>9.30000</minerals-iron>
    <minerals-magnesium>31.00000</minerals-magnesium>
    <minerals-manganese>0.02600</minerals-manganese>
    <minerals-phosphorus>288.00000</minerals-phosphorus>
    <minerals-potassium>550.00000</minerals-potassium>
    <minerals-selenium>9.30000</minerals-selenium>
    <minerals-sodium>154.00000</minerals-sodium>
    <minerals-zinc>3.83000</minerals-zinc>
    <other-alcohol>0.00000</other-alcohol>
    <other-cost>0.0</other-cost>
    <other-water>3.00000</other-water>
    <other-weight>100.00000</other-weight>
    <protein-complete>0.00000</protein-complete>
    <protein-total>11.00000</protein-total>
    <vitamins-choline>82.00000</vitamins-choline>
    <vitamins-folate>131.00000</vitamins-folate>
    <vitamins-niacin>5.39600</vitamins-niacin>
    <vitamins-pantothenic_acid>2.31300</vitamins-pantothenic_acid>
    <vitamins-riboflavin>0.77100</vitamins-riboflavin>
    <vitamins-thiamin>0.51400</vitamins-thiamin>
    <vitamins-vitamin_a>467.00000</vitamins-vitamin_a>
    <vitamins-vitamin_b12>1.28000</vitamins-vitamin_b12>
    <vitamins-vitamin_b6>0.30800</vitamins-vitamin_b6>
    <vitamins-vitamin_c>46.00000</vitamins-vitamin_c>
    <vitamins-vitamin_d>7.70000</vitamins-vitamin_d>
    <vitamins-vitamin_e>6.93000</vitamins-vitamin_e>
    <vitamins-vitamin_k>41.00000</vitamins-vitamin_k>
</food>