<food xmlns:xsi="http://www.w3.org/2001/XMLSchema-instance" xsi:noNamespaceSchemaLocation="https://xjrga.github.io/schemas/food_v2.xsd">
    <food-id>03944</food-id>
    <food-name>Infant formula, ABBOTT NUTRITION, SIMILAC NEOSURE, ready-to-feed, with ARA and DHA</food-name>
    <carbohydrates-carbs_by_diff>6.94000</carbohydrates-carbs_by_diff>
    <carbohydrates-fiber>0.00000</carbohydrates-fiber>
    <carbohydrates-glycemicindex>0.00000</carbohydrates-glycemicindex>
    <energy-gross>69.00000</energy-gross>
    <fats-cholesterol>2.00000</fats-cholesterol>
    <fats-dha>0.01200</fats-dha>
    <fats-epa>0.00000</fats-epa>
    <fats-lauric>0.33000</fats-lauric>
    <fats-linoleic>0.72900</fats-linoleic>
    <fats-linolenic>0.08100</fats-linolenic>
    <fats-monounsaturated>0.38700</fats-monounsaturated>
    <fats-myristic>0.14000</fats-myristic>
    <fats-palmitic>0.23000</fats-palmitic>
    <fats-polyunsaturated>0.84400</fats-polyunsaturated>
    <fats-saturated>2.44700</fats-saturated>
    <fats-stearic>0.11000</fats-stearic>
    <fats-total>3.77000</fats-total>
    <minerals-calcium>72.00000</minerals-calcium>
    <minerals-copper>0.08200</minerals-copper>
    <minerals-iron>1.23000</minerals-iron>
    <minerals-magnesium>6.00000</minerals-magnesium>
    <minerals-manganese>0.00600</minerals-manganese>
    <minerals-phosphorus>42.00000</minerals-phosphorus>
    <minerals-potassium>97.00000</minerals-potassium>
    <minerals-selenium>1.60000</minerals-selenium>
    <minerals-sodium>23.00000</minerals-sodium>
    <minerals-zinc>0.82000</minerals-zinc>
    <other-alcohol>0.00000</other-alcohol>
    <other-cost>0.0</other-cost>
    <other-water>87.00000</other-water>
    <other-weight>100.00000</other-weight>
    <protein-complete>0.00000</protein-complete>
    <protein-total>1.92000</protein-total>
    <vitamins-choline>11.00000</vitamins-choline>
    <vitamins-folate>29.00000</vitamins-folate>
    <vitamins-niacin>1.33600</vitamins-niacin>
    <vitamins-pantothenic_acid>0.54800</vitamins-pantothenic_acid>
    <vitamins-riboflavin>0.10200</vitamins-riboflavin>
    <vitamins-thiamin>0.15100</vitamins-thiamin>
    <vitamins-vitamin_a>94.00000</vitamins-vitamin_a>
    <vitamins-vitamin_b12>0.27000</vitamins-vitamin_b12>
    <vitamins-vitamin_b6>0.06800</vitamins-vitamin_b6>
    <vitamins-vitamin_c>10.30000</vitamins-vitamin_c>
    <vitamins-vitamin_d>1.20000</vitamins-vitamin_d>
    <vitamins-vitamin_e>1.11000</vitamins-vitamin_e>
    <vitamins-vitamin_k>7.50000</vitamins-vitamin_k>
</food>