<food xmlns:xsi="http://www.w3.org/2001/XMLSchema-instance" xsi:noNamespaceSchemaLocation="https://xjrga.github.io/schemas/food_v2.xsd">
    <food-id>03968</food-id>
    <food-name>Toddler formula, MEAD JOHNSON, ENFAGROW PREMIUM (formerly ENFAMIL, LIPIL, NEXT STEP), ready-to-feed</food-name>
    <carbohydrates-carbs_by_diff>7.18000</carbohydrates-carbs_by_diff>
    <carbohydrates-fiber>0.00000</carbohydrates-fiber>
    <carbohydrates-glycemicindex>0.00000</carbohydrates-glycemicindex>
    <energy-gross>64.00000</energy-gross>
    <fats-cholesterol>1.00000</fats-cholesterol>
    <fats-dha>0.01000</fats-dha>
    <fats-epa>0.00000</fats-epa>
    <fats-lauric>0.33000</fats-lauric>
    <fats-linoleic>0.62000</fats-linoleic>
    <fats-linolenic>0.06000</fats-linolenic>
    <fats-monounsaturated>1.38000</fats-monounsaturated>
    <fats-myristic>0.15000</fats-myristic>
    <fats-palmitic>0.80000</fats-palmitic>
    <fats-polyunsaturated>0.73000</fats-polyunsaturated>
    <fats-saturated>1.55000</fats-saturated>
    <fats-stearic>0.15000</fats-stearic>
    <fats-total>3.63000</fats-total>
    <minerals-calcium>133.00000</minerals-calcium>
    <minerals-copper>0.05100</minerals-copper>
    <minerals-iron>1.37000</minerals-iron>
    <minerals-magnesium>5.00000</minerals-magnesium>
    <minerals-manganese>0.00000</minerals-manganese>
    <minerals-phosphorus>89.00000</minerals-phosphorus>
    <minerals-potassium>89.00000</minerals-potassium>
    <minerals-selenium>1.90000</minerals-selenium>
    <minerals-sodium>25.00000</minerals-sodium>
    <minerals-zinc>0.68000</minerals-zinc>
    <other-alcohol>0.00000</other-alcohol>
    <other-cost>0.0</other-cost>
    <other-water>87.50000</other-water>
    <other-weight>100.00000</other-weight>
    <protein-complete>0.00000</protein-complete>
    <protein-total>1.78000</protein-total>
    <vitamins-choline>8.00000</vitamins-choline>
    <vitamins-folate>19.00000</vitamins-folate>
    <vitamins-niacin>0.68400</vitamins-niacin>
    <vitamins-pantothenic_acid>0.00000</vitamins-pantothenic_acid>
    <vitamins-riboflavin>0.09600</vitamins-riboflavin>
    <vitamins-thiamin>0.05500</vitamins-thiamin>
    <vitamins-vitamin_a>58.00000</vitamins-vitamin_a>
    <vitamins-vitamin_b12>0.21000</vitamins-vitamin_b12>
    <vitamins-vitamin_b6>0.04100</vitamins-vitamin_b6>
    <vitamins-vitamin_c>8.20000</vitamins-vitamin_c>
    <vitamins-vitamin_d>1.00000</vitamins-vitamin_d>
    <vitamins-vitamin_e>0.87000</vitamins-vitamin_e>
    <vitamins-vitamin_k>5.50000</vitamins-vitamin_k>
</food>