<food xmlns:xsi="http://www.w3.org/2001/XMLSchema-instance" xsi:noNamespaceSchemaLocation="https://xjrga.github.io/schemas/food_v2.xsd">
    <food-id>03930</food-id>
    <food-name>Infant formula, MEAD JOHNSON,NEXT STEP PROSOBEE, prepared from powder</food-name>
    <carbohydrates-carbs_by_diff>8.08000</carbohydrates-carbs_by_diff>
    <carbohydrates-fiber>0.00000</carbohydrates-fiber>
    <carbohydrates-glycemicindex>0.00000</carbohydrates-glycemicindex>
    <energy-gross>67.00000</energy-gross>
    <fats-cholesterol>0.00000</fats-cholesterol>
    <fats-dha>0.00000</fats-dha>
    <fats-epa>0.00000</fats-epa>
    <fats-lauric>0.26000</fats-lauric>
    <fats-linoleic>0.49500</fats-linoleic>
    <fats-linolenic>0.04900</fats-linolenic>
    <fats-monounsaturated>1.07800</fats-monounsaturated>
    <fats-myristic>0.11000</fats-myristic>
    <fats-palmitic>0.64000</fats-palmitic>
    <fats-polyunsaturated>0.54400</fats-polyunsaturated>
    <fats-saturated>1.24300</fats-saturated>
    <fats-stearic>0.11000</fats-stearic>
    <fats-total>2.91000</fats-total>
    <minerals-calcium>128.00000</minerals-calcium>
    <minerals-copper>0.05000</minerals-copper>
    <minerals-iron>1.31000</minerals-iron>
    <minerals-magnesium>7.00000</minerals-magnesium>
    <minerals-manganese>0.03300</minerals-manganese>
    <minerals-phosphorus>85.00000</minerals-phosphorus>
    <minerals-potassium>79.00000</minerals-potassium>
    <minerals-selenium>1.80000</minerals-selenium>
    <minerals-sodium>23.00000</minerals-sodium>
    <minerals-zinc>0.79000</minerals-zinc>
    <other-alcohol>0.00000</other-alcohol>
    <other-cost>0.0</other-cost>
    <other-water>86.41000</other-water>
    <other-weight>100.00000</other-weight>
    <protein-complete>0.00000</protein-complete>
    <protein-total>2.14000</protein-total>
    <vitamins-choline>8.00000</vitamins-choline>
    <vitamins-folate>18.00000</vitamins-folate>
    <vitamins-niacin>0.66000</vitamins-niacin>
    <vitamins-pantothenic_acid>0.33000</vitamins-pantothenic_acid>
    <vitamins-riboflavin>0.05900</vitamins-riboflavin>
    <vitamins-thiamin>0.05200</vitamins-thiamin>
    <vitamins-vitamin_a>58.00000</vitamins-vitamin_a>
    <vitamins-vitamin_b12>0.19000</vitamins-vitamin_b12>
    <vitamins-vitamin_b6>0.04000</vitamins-vitamin_b6>
    <vitamins-vitamin_c>7.90000</vitamins-vitamin_c>
    <vitamins-vitamin_d>1.00000</vitamins-vitamin_d>
    <vitamins-vitamin_e>0.87000</vitamins-vitamin_e>
    <vitamins-vitamin_k>5.20000</vitamins-vitamin_k>
</food>