<food xmlns:xsi="http://www.w3.org/2001/XMLSchema-instance" xsi:noNamespaceSchemaLocation="https://xjrga.github.io/schemas/food_v2.xsd">
    <food-id>03996</food-id>
    <food-name>Babyfood, Multigrain whole grain cereal, dry fortified</food-name>
    <carbohydrates-carbs_by_diff>80.06000</carbohydrates-carbs_by_diff>
    <carbohydrates-fiber>6.70000</carbohydrates-fiber>
    <carbohydrates-glycemicindex>0.00000</carbohydrates-glycemicindex>
    <energy-gross>407.00000</energy-gross>
    <fats-cholesterol>0.00000</fats-cholesterol>
    <fats-dha>0.00000</fats-dha>
    <fats-epa>0.00000</fats-epa>
    <fats-lauric>0.00800</fats-lauric>
    <fats-linoleic>2.36400</fats-linoleic>
    <fats-linolenic>0.23200</fats-linolenic>
    <fats-monounsaturated>1.29100</fats-monounsaturated>
    <fats-myristic>0.01000</fats-myristic>
    <fats-palmitic>0.91000</fats-palmitic>
    <fats-polyunsaturated>2.59600</fats-polyunsaturated>
    <fats-saturated>1.05800</fats-saturated>
    <fats-stearic>0.12000</fats-stearic>
    <fats-total>6.67000</fats-total>
    <minerals-calcium>800.00000</minerals-calcium>
    <minerals-copper>0.22500</minerals-copper>
    <minerals-iron>30.00000</minerals-iron>
    <minerals-magnesium>95.00000</minerals-magnesium>
    <minerals-manganese>2.45900</minerals-manganese>
    <minerals-phosphorus>333.00000</minerals-phosphorus>
    <minerals-potassium>467.00000</minerals-potassium>
    <minerals-selenium>31.70000</minerals-selenium>
    <minerals-sodium>33.00000</minerals-sodium>
    <minerals-zinc>10.67000</minerals-zinc>
    <other-alcohol>0.00000</other-alcohol>
    <other-cost>0.0</other-cost>
    <other-water>4.58000</other-water>
    <other-weight>100.00000</other-weight>
    <protein-complete>0.00000</protein-complete>
    <protein-total>6.67000</protein-total>
    <vitamins-choline>27.10000</vitamins-choline>
    <vitamins-folate>264.00000</vitamins-folate>
    <vitamins-niacin>15.00000</vitamins-niacin>
    <vitamins-pantothenic_acid>0.91600</vitamins-pantothenic_acid>
    <vitamins-riboflavin>1.33000</vitamins-riboflavin>
    <vitamins-thiamin>1.16600</vitamins-thiamin>
    <vitamins-vitamin_a>0.00000</vitamins-vitamin_a>
    <vitamins-vitamin_b12>4.69000</vitamins-vitamin_b12>
    <vitamins-vitamin_b6>1.16600</vitamins-vitamin_b6>
    <vitamins-vitamin_c>58.30000</vitamins-vitamin_c>
    <vitamins-vitamin_d>0.00000</vitamins-vitamin_d>
    <vitamins-vitamin_e>4.22000</vitamins-vitamin_e>
    <vitamins-vitamin_k>7.00000</vitamins-vitamin_k>
</food>