<food xmlns:xsi="http://www.w3.org/2001/XMLSchema-instance" xsi:noNamespaceSchemaLocation="https://xjrga.github.io/schemas/food_v2.xsd">
    <food-id>03983</food-id>
    <food-name>Infant formula, MEAD JOHNSON, ENFAMIL, NUTRAMIGEN AA, ready-to-feed</food-name>
    <carbohydrates-carbs_by_diff>6.76000</carbohydrates-carbs_by_diff>
    <carbohydrates-fiber>0.00000</carbohydrates-fiber>
    <carbohydrates-glycemicindex>0.00000</carbohydrates-glycemicindex>
    <energy-gross>66.00000</energy-gross>
    <fats-cholesterol>0.00000</fats-cholesterol>
    <fats-dha>0.01000</fats-dha>
    <fats-epa>0.00000</fats-epa>
    <fats-lauric>0.34000</fats-lauric>
    <fats-linoleic>0.64700</fats-linoleic>
    <fats-linolenic>0.06300</fats-linolenic>
    <fats-monounsaturated>0.03100</fats-monounsaturated>
    <fats-myristic>0.15000</fats-myristic>
    <fats-palmitic>0.82000</fats-palmitic>
    <fats-polyunsaturated>0.74100</fats-polyunsaturated>
    <fats-saturated>1.59200</fats-saturated>
    <fats-stearic>0.15000</fats-stearic>
    <fats-total>3.48000</fats-total>
    <minerals-calcium>62.00000</minerals-calcium>
    <minerals-copper>0.04900</minerals-copper>
    <minerals-iron>1.18000</minerals-iron>
    <minerals-magnesium>7.00000</minerals-magnesium>
    <minerals-manganese>0.03900</minerals-manganese>
    <minerals-phosphorus>34.00000</minerals-phosphorus>
    <minerals-potassium>72.00000</minerals-potassium>
    <minerals-selenium>1.80000</minerals-selenium>
    <minerals-sodium>31.00000</minerals-sodium>
    <minerals-zinc>0.66000</minerals-zinc>
    <other-alcohol>0.00000</other-alcohol>
    <other-cost>0.0</other-cost>
    <other-water>87.78000</other-water>
    <other-weight>100.00000</other-weight>
    <protein-complete>0.00000</protein-complete>
    <protein-total>1.84000</protein-total>
    <vitamins-choline>15.80000</vitamins-choline>
    <vitamins-folate>18.00000</vitamins-folate>
    <vitamins-niacin>0.65700</vitamins-niacin>
    <vitamins-pantothenic_acid>0.32800</vitamins-pantothenic_acid>
    <vitamins-riboflavin>0.05900</vitamins-riboflavin>
    <vitamins-thiamin>0.05300</vitamins-thiamin>
    <vitamins-vitamin_a>59.00000</vitamins-vitamin_a>
    <vitamins-vitamin_b12>0.20000</vitamins-vitamin_b12>
    <vitamins-vitamin_b6>0.03900</vitamins-vitamin_b6>
    <vitamins-vitamin_c>7.90000</vitamins-vitamin_c>
    <vitamins-vitamin_d>0.80000</vitamins-vitamin_d>
    <vitamins-vitamin_e>0.59000</vitamins-vitamin_e>
    <vitamins-vitamin_k>5.30000</vitamins-vitamin_k>
</food>