<food xmlns:xsi="http://www.w3.org/2001/XMLSchema-instance" xsi:noNamespaceSchemaLocation="https://xjrga.github.io/schemas/food_v2.xsd">
    <food-id>03980</food-id>
    <food-name>Infant Formula, MEAD JOHNSON, ENFAMIL, GENTLEASE, powder</food-name>
    <carbohydrates-carbs_by_diff>56.00000</carbohydrates-carbs_by_diff>
    <carbohydrates-fiber>0.00000</carbohydrates-fiber>
    <carbohydrates-glycemicindex>0.00000</carbohydrates-glycemicindex>
    <energy-gross>514.00000</energy-gross>
    <fats-cholesterol>0.00000</fats-cholesterol>
    <fats-dha>0.08600</fats-dha>
    <fats-epa>0.00000</fats-epa>
    <fats-lauric>2.46000</fats-lauric>
    <fats-linoleic>4.40000</fats-linoleic>
    <fats-linolenic>0.41000</fats-linolenic>
    <fats-monounsaturated>10.10800</fats-monounsaturated>
    <fats-myristic>1.08000</fats-myristic>
    <fats-palmitic>6.17000</fats-palmitic>
    <fats-polyunsaturated>5.07100</fats-polyunsaturated>
    <fats-saturated>11.64900</fats-saturated>
    <fats-stearic>1.08000</fats-stearic>
    <fats-total>27.00000</fats-total>
    <minerals-calcium>420.00000</minerals-calcium>
    <minerals-copper>0.39000</minerals-copper>
    <minerals-iron>9.30000</minerals-iron>
    <minerals-magnesium>41.00000</minerals-magnesium>
    <minerals-manganese>0.07700</minerals-manganese>
    <minerals-phosphorus>240.00000</minerals-phosphorus>
    <minerals-potassium>560.00000</minerals-potassium>
    <minerals-selenium>14.40000</minerals-selenium>
    <minerals-sodium>185.00000</minerals-sodium>
    <minerals-zinc>5.10000</minerals-zinc>
    <other-alcohol>0.00000</other-alcohol>
    <other-cost>0.0</other-cost>
    <other-water>2.60000</other-water>
    <other-weight>100.00000</other-weight>
    <protein-complete>0.00000</protein-complete>
    <protein-total>11.80000</protein-total>
    <vitamins-choline>123.00000</vitamins-choline>
    <vitamins-folate>139.00000</vitamins-folate>
    <vitamins-niacin>5.10000</vitamins-niacin>
    <vitamins-pantothenic_acid>2.60000</vitamins-pantothenic_acid>
    <vitamins-riboflavin>0.72000</vitamins-riboflavin>
    <vitamins-thiamin>0.41000</vitamins-thiamin>
    <vitamins-vitamin_a>460.00000</vitamins-vitamin_a>
    <vitamins-vitamin_b12>1.54000</vitamins-vitamin_b12>
    <vitamins-vitamin_b6>0.31000</vitamins-vitamin_b6>
    <vitamins-vitamin_c>62.00000</vitamins-vitamin_c>
    <vitamins-vitamin_d>7.80000</vitamins-vitamin_d>
    <vitamins-vitamin_e>4.64000</vitamins-vitamin_e>
    <vitamins-vitamin_k>46.00000</vitamins-vitamin_k>
</food>