<food xmlns:xsi="http://www.w3.org/2001/XMLSchema-instance" xsi:noNamespaceSchemaLocation="https://xjrga.github.io/schemas/food_v2.xsd">
    <food-id>03995</food-id>
    <food-name>Babyfood, banana with mixed berries, strained</food-name>
    <carbohydrates-carbs_by_diff>21.31000</carbohydrates-carbs_by_diff>
    <carbohydrates-fiber>1.00000</carbohydrates-fiber>
    <carbohydrates-glycemicindex>0.00000</carbohydrates-glycemicindex>
    <energy-gross>92.00000</energy-gross>
    <fats-cholesterol>0.00000</fats-cholesterol>
    <fats-dha>0.00000</fats-dha>
    <fats-epa>0.00000</fats-epa>
    <fats-lauric>0.00100</fats-lauric>
    <fats-linoleic>0.07900</fats-linoleic>
    <fats-linolenic>0.04400</fats-linolenic>
    <fats-monounsaturated>0.03600</fats-monounsaturated>
    <fats-myristic>0.00200</fats-myristic>
    <fats-palmitic>0.07000</fats-palmitic>
    <fats-polyunsaturated>0.12300</fats-polyunsaturated>
    <fats-saturated>0.08100</fats-saturated>
    <fats-stearic>0.00400</fats-stearic>
    <fats-total>0.36000</fats-total>
    <minerals-calcium>0.00000</minerals-calcium>
    <minerals-copper>0.09400</minerals-copper>
    <minerals-iron>0.00000</minerals-iron>
    <minerals-magnesium>23.00000</minerals-magnesium>
    <minerals-manganese>0.35100</minerals-manganese>
    <minerals-phosphorus>20.00000</minerals-phosphorus>
    <minerals-potassium>283.00000</minerals-potassium>
    <minerals-selenium>0.80000</minerals-selenium>
    <minerals-sodium>0.00000</minerals-sodium>
    <minerals-zinc>0.23000</minerals-zinc>
    <other-alcohol>0.00000</other-alcohol>
    <other-cost>0.0</other-cost>
    <other-water>76.68000</other-water>
    <other-weight>100.00000</other-weight>
    <protein-complete>0.00000</protein-complete>
    <protein-total>1.01000</protein-total>
    <vitamins-choline>8.90000</vitamins-choline>
    <vitamins-folate>20.00000</vitamins-folate>
    <vitamins-niacin>0.62300</vitamins-niacin>
    <vitamins-pantothenic_acid>0.29500</vitamins-pantothenic_acid>
    <vitamins-riboflavin>0.05800</vitamins-riboflavin>
    <vitamins-thiamin>0.02800</vitamins-thiamin>
    <vitamins-vitamin_a>3.00000</vitamins-vitamin_a>
    <vitamins-vitamin_b12>0.00000</vitamins-vitamin_b12>
    <vitamins-vitamin_b6>0.25700</vitamins-vitamin_b6>
    <vitamins-vitamin_c>18.20000</vitamins-vitamin_c>
    <vitamins-vitamin_d>0.00000</vitamins-vitamin_d>
    <vitamins-vitamin_e>0.37000</vitamins-vitamin_e>
    <vitamins-vitamin_k>6.30000</vitamins-vitamin_k>
</food>