<food xmlns:xsi="http://www.w3.org/2001/XMLSchema-instance" xsi:noNamespaceSchemaLocation="https://xjrga.github.io/schemas/food_v2.xsd">
    <food-id>03965</food-id>
    <food-name>Babyfood, yogurt, whole milk, with fruit, multigrain cereal and added iron fortified</food-name>
    <carbohydrates-carbs_by_diff>13.00000</carbohydrates-carbs_by_diff>
    <carbohydrates-fiber>0.60000</carbohydrates-fiber>
    <carbohydrates-glycemicindex>0.00000</carbohydrates-glycemicindex>
    <energy-gross>92.00000</energy-gross>
    <fats-cholesterol>10.00000</fats-cholesterol>
    <fats-dha>0.00000</fats-dha>
    <fats-epa>0.00000</fats-epa>
    <fats-lauric>0.08000</fats-lauric>
    <fats-linoleic>0.14600</fats-linoleic>
    <fats-linolenic>0.25900</fats-linolenic>
    <fats-monounsaturated>0.74000</fats-monounsaturated>
    <fats-myristic>0.26000</fats-myristic>
    <fats-palmitic>0.73000</fats-palmitic>
    <fats-polyunsaturated>0.40500</fats-polyunsaturated>
    <fats-saturated>1.58200</fats-saturated>
    <fats-stearic>0.26000</fats-stearic>
    <fats-total>3.08000</fats-total>
    <minerals-calcium>98.00000</minerals-calcium>
    <minerals-copper>0.03100</minerals-copper>
    <minerals-iron>4.18000</minerals-iron>
    <minerals-magnesium>15.00000</minerals-magnesium>
    <minerals-manganese>0.06400</minerals-manganese>
    <minerals-phosphorus>86.00000</minerals-phosphorus>
    <minerals-potassium>143.00000</minerals-potassium>
    <minerals-selenium>2.40000</minerals-selenium>
    <minerals-sodium>38.00000</minerals-sodium>
    <minerals-zinc>0.54000</minerals-zinc>
    <other-alcohol>0.00000</other-alcohol>
    <other-cost>0.0</other-cost>
    <other-water>80.21000</other-water>
    <other-weight>100.00000</other-weight>
    <protein-complete>0.00000</protein-complete>
    <protein-total>3.05000</protein-total>
    <vitamins-choline>13.40000</vitamins-choline>
    <vitamins-folate>7.00000</vitamins-folate>
    <vitamins-niacin>0.11900</vitamins-niacin>
    <vitamins-pantothenic_acid>0.33300</vitamins-pantothenic_acid>
    <vitamins-riboflavin>0.12000</vitamins-riboflavin>
    <vitamins-thiamin>0.04800</vitamins-thiamin>
    <vitamins-vitamin_a>22.00000</vitamins-vitamin_a>
    <vitamins-vitamin_b12>0.29000</vitamins-vitamin_b12>
    <vitamins-vitamin_b6>0.03600</vitamins-vitamin_b6>
    <vitamins-vitamin_c>3.60000</vitamins-vitamin_c>
    <vitamins-vitamin_d>0.00000</vitamins-vitamin_d>
    <vitamins-vitamin_e>0.09000</vitamins-vitamin_e>
    <vitamins-vitamin_k>0.90000</vitamins-vitamin_k>
</food>