<food xmlns:xsi="http://www.w3.org/2001/XMLSchema-instance" xsi:noNamespaceSchemaLocation="https://xjrga.github.io/schemas/food_v2.xsd">
    <food-id>03957</food-id>
    <food-name>Infant formula, ABBOTT NUTRITION, ALIMENTUM ADVANCE, with iron, powder, not reconstituted, with DHA and ARA</food-name>
    <carbohydrates-carbs_by_diff>51.91000</carbohydrates-carbs_by_diff>
    <carbohydrates-fiber>0.00000</carbohydrates-fiber>
    <carbohydrates-glycemicindex>0.00000</carbohydrates-glycemicindex>
    <energy-gross>517.00000</energy-gross>
    <fats-cholesterol>8.00000</fats-cholesterol>
    <fats-dha>0.08500</fats-dha>
    <fats-epa>0.00000</fats-epa>
    <fats-lauric>0.17000</fats-lauric>
    <fats-linoleic>8.19400</fats-linoleic>
    <fats-linolenic>0.45800</fats-linolenic>
    <fats-monounsaturated>2.27600</fats-monounsaturated>
    <fats-myristic>0.05000</fats-myristic>
    <fats-palmitic>1.06000</fats-palmitic>
    <fats-polyunsaturated>8.87700</fats-polyunsaturated>
    <fats-saturated>14.28200</fats-saturated>
    <fats-stearic>0.40000</fats-stearic>
    <fats-total>28.19000</fats-total>
    <minerals-calcium>534.00000</minerals-calcium>
    <minerals-copper>0.38200</minerals-copper>
    <minerals-iron>9.16000</minerals-iron>
    <minerals-magnesium>38.00000</minerals-magnesium>
    <minerals-manganese>0.00000</minerals-manganese>
    <minerals-phosphorus>382.00000</minerals-phosphorus>
    <minerals-potassium>598.00000</minerals-potassium>
    <minerals-selenium>9.30000</minerals-selenium>
    <minerals-sodium>224.00000</minerals-sodium>
    <minerals-zinc>3.82000</minerals-zinc>
    <other-alcohol>0.00000</other-alcohol>
    <other-cost>0.0</other-cost>
    <other-water>1.50000</other-water>
    <other-weight>100.00000</other-weight>
    <protein-complete>0.00000</protein-complete>
    <protein-total>13.99000</protein-total>
    <vitamins-choline>40.70000</vitamins-choline>
    <vitamins-folate>130.00000</vitamins-folate>
    <vitamins-niacin>6.87000</vitamins-niacin>
    <vitamins-pantothenic_acid>3.81700</vitamins-pantothenic_acid>
    <vitamins-riboflavin>0.45800</vitamins-riboflavin>
    <vitamins-thiamin>0.30500</vitamins-thiamin>
    <vitamins-vitamin_a>458.00000</vitamins-vitamin_a>
    <vitamins-vitamin_b12>2.29000</vitamins-vitamin_b12>
    <vitamins-vitamin_b6>0.30500</vitamins-vitamin_b6>
    <vitamins-vitamin_c>45.80000</vitamins-vitamin_c>
    <vitamins-vitamin_d>5.70000</vitamins-vitamin_d>
    <vitamins-vitamin_e>10.24000</vitamins-vitamin_e>
    <vitamins-vitamin_k>76.30000</vitamins-vitamin_k>
</food>