<food xmlns:xsi="http://www.w3.org/2001/XMLSchema-instance" xsi:noNamespaceSchemaLocation="https://xjrga.github.io/schemas/food_v2.xsd">
    <food-id>03937</food-id>
    <food-name>Infant formula, PBM PRODUCTS, store brand, liquid concentrate, not reconstituted</food-name>
    <carbohydrates-carbs_by_diff>13.90000</carbohydrates-carbs_by_diff>
    <carbohydrates-fiber>0.00000</carbohydrates-fiber>
    <carbohydrates-glycemicindex>0.00000</carbohydrates-glycemicindex>
    <energy-gross>130.00000</energy-gross>
    <fats-cholesterol>8.00000</fats-cholesterol>
    <fats-dha>0.02200</fats-dha>
    <fats-epa>0.00000</fats-epa>
    <fats-lauric>0.96000</fats-lauric>
    <fats-linoleic>0.90000</fats-linoleic>
    <fats-linolenic>0.10000</fats-linolenic>
    <fats-monounsaturated>2.80000</fats-monounsaturated>
    <fats-myristic>0.46000</fats-myristic>
    <fats-palmitic>0.94000</fats-palmitic>
    <fats-polyunsaturated>1.00000</fats-polyunsaturated>
    <fats-saturated>3.20000</fats-saturated>
    <fats-stearic>0.50000</fats-stearic>
    <fats-total>7.00000</fats-total>
    <minerals-calcium>83.00000</minerals-calcium>
    <minerals-copper>0.09200</minerals-copper>
    <minerals-iron>2.36000</minerals-iron>
    <minerals-magnesium>9.00000</minerals-magnesium>
    <minerals-manganese>0.00000</minerals-manganese>
    <minerals-phosphorus>55.00000</minerals-phosphorus>
    <minerals-potassium>109.00000</minerals-potassium>
    <minerals-selenium>2.60000</minerals-selenium>
    <minerals-sodium>29.00000</minerals-sodium>
    <minerals-zinc>1.06000</minerals-zinc>
    <other-alcohol>0.00000</other-alcohol>
    <other-cost>0.0</other-cost>
    <other-water>76.00000</other-water>
    <other-weight>100.00000</other-weight>
    <protein-complete>0.00000</protein-complete>
    <protein-total>2.90000</protein-total>
    <vitamins-choline>20.00000</vitamins-choline>
    <vitamins-folate>17.00000</vitamins-folate>
    <vitamins-niacin>0.99000</vitamins-niacin>
    <vitamins-pantothenic_acid>0.00000</vitamins-pantothenic_acid>
    <vitamins-riboflavin>0.20000</vitamins-riboflavin>
    <vitamins-thiamin>0.13000</vitamins-thiamin>
    <vitamins-vitamin_a>118.00000</vitamins-vitamin_a>
    <vitamins-vitamin_b12>0.26000</vitamins-vitamin_b12>
    <vitamins-vitamin_b6>0.08000</vitamins-vitamin_b6>
    <vitamins-vitamin_c>11.20000</vitamins-vitamin_c>
    <vitamins-vitamin_d>1.90000</vitamins-vitamin_d>
    <vitamins-vitamin_e>0.83000</vitamins-vitamin_e>
    <vitamins-vitamin_k>10.60000</vitamins-vitamin_k>
</food>