<food xmlns:xsi="http://www.w3.org/2001/XMLSchema-instance" xsi:noNamespaceSchemaLocation="https://xjrga.github.io/schemas/food_v2.xsd">
    <food-id>03949</food-id>
    <food-name>Infant formula, ABBOTT NUTRITION, SIMILAC, ADVANCE, with iron, ready-to-feed</food-name>
    <carbohydrates-carbs_by_diff>6.77000</carbohydrates-carbs_by_diff>
    <carbohydrates-fiber>0.00000</carbohydrates-fiber>
    <carbohydrates-glycemicindex>0.00000</carbohydrates-glycemicindex>
    <energy-gross>66.00000</energy-gross>
    <fats-cholesterol>2.00000</fats-cholesterol>
    <fats-dha>0.01200</fats-dha>
    <fats-epa>0.00000</fats-epa>
    <fats-lauric>0.48000</fats-lauric>
    <fats-linoleic>0.72400</fats-linoleic>
    <fats-linolenic>0.07700</fats-linolenic>
    <fats-monounsaturated>1.31400</fats-monounsaturated>
    <fats-myristic>0.18000</fats-myristic>
    <fats-palmitic>0.25000</fats-palmitic>
    <fats-polyunsaturated>0.80100</fats-polyunsaturated>
    <fats-saturated>1.23700</fats-saturated>
    <fats-stearic>0.11000</fats-stearic>
    <fats-total>3.70000</fats-total>
    <minerals-calcium>53.00000</minerals-calcium>
    <minerals-copper>0.05900</minerals-copper>
    <minerals-iron>1.18000</minerals-iron>
    <minerals-magnesium>4.00000</minerals-magnesium>
    <minerals-manganese>0.00300</minerals-manganese>
    <minerals-phosphorus>28.00000</minerals-phosphorus>
    <minerals-potassium>69.00000</minerals-potassium>
    <minerals-selenium>1.20000</minerals-selenium>
    <minerals-sodium>16.00000</minerals-sodium>
    <minerals-zinc>0.49000</minerals-zinc>
    <other-alcohol>0.00000</other-alcohol>
    <other-cost>0.0</other-cost>
    <other-water>87.79000</other-water>
    <other-weight>100.00000</other-weight>
    <protein-complete>0.00000</protein-complete>
    <protein-total>1.36000</protein-total>
    <vitamins-choline>8.00000</vitamins-choline>
    <vitamins-folate>17.00000</vitamins-folate>
    <vitamins-niacin>0.69000</vitamins-niacin>
    <vitamins-pantothenic_acid>0.29600</vitamins-pantothenic_acid>
    <vitamins-riboflavin>0.09900</vitamins-riboflavin>
    <vitamins-thiamin>0.06600</vitamins-thiamin>
    <vitamins-vitamin_a>59.00000</vitamins-vitamin_a>
    <vitamins-vitamin_b12>0.16000</vitamins-vitamin_b12>
    <vitamins-vitamin_b6>0.03900</vitamins-vitamin_b6>
    <vitamins-vitamin_c>5.90000</vitamins-vitamin_c>
    <vitamins-vitamin_d>1.00000</vitamins-vitamin_d>
    <vitamins-vitamin_e>1.32000</vitamins-vitamin_e>
    <vitamins-vitamin_k>5.30000</vitamins-vitamin_k>
</food>