<food xmlns:xsi="http://www.w3.org/2001/XMLSchema-instance" xsi:noNamespaceSchemaLocation="https://xjrga.github.io/schemas/food_v2.xsd">
    <food-id>03901</food-id>
    <food-name>Infant formula, NESTLE, GOOD START 2 ESSENTIALS, with iron, liquid concentrate, not reconstituted</food-name>
    <carbohydrates-carbs_by_diff>16.50000</carbohydrates-carbs_by_diff>
    <carbohydrates-fiber>0.00000</carbohydrates-fiber>
    <carbohydrates-glycemicindex>0.00000</carbohydrates-glycemicindex>
    <energy-gross>125.00000</energy-gross>
    <fats-cholesterol>2.00000</fats-cholesterol>
    <fats-dha>0.00000</fats-dha>
    <fats-epa>0.00000</fats-epa>
    <fats-lauric>0.48000</fats-lauric>
    <fats-linoleic>1.08900</fats-linoleic>
    <fats-linolenic>0.12400</fats-linolenic>
    <fats-monounsaturated>1.58200</fats-monounsaturated>
    <fats-myristic>0.20000</fats-myristic>
    <fats-palmitic>1.18000</fats-palmitic>
    <fats-polyunsaturated>1.21300</fats-polyunsaturated>
    <fats-saturated>2.21300</fats-saturated>
    <fats-stearic>0.19000</fats-stearic>
    <fats-total>5.13000</fats-total>
    <minerals-calcium>150.00000</minerals-calcium>
    <minerals-copper>0.10600</minerals-copper>
    <minerals-iron>2.25000</minerals-iron>
    <minerals-magnesium>10.00000</minerals-magnesium>
    <minerals-manganese>0.00000</minerals-manganese>
    <minerals-phosphorus>100.00000</minerals-phosphorus>
    <minerals-potassium>169.00000</minerals-potassium>
    <minerals-selenium>2.50000</minerals-selenium>
    <minerals-sodium>49.00000</minerals-sodium>
    <minerals-zinc>1.00000</minerals-zinc>
    <other-alcohol>0.00000</other-alcohol>
    <other-cost>0.0</other-cost>
    <other-water>74.20000</other-water>
    <other-weight>100.00000</other-weight>
    <protein-complete>0.00000</protein-complete>
    <protein-total>3.25000</protein-total>
    <vitamins-choline>15.40000</vitamins-choline>
    <vitamins-folate>32.00000</vitamins-folate>
    <vitamins-niacin>1.25000</vitamins-niacin>
    <vitamins-pantothenic_acid>0.00000</vitamins-pantothenic_acid>
    <vitamins-riboflavin>0.17500</vitamins-riboflavin>
    <vitamins-thiamin>0.10000</vitamins-thiamin>
    <vitamins-vitamin_a>98.00000</vitamins-vitamin_a>
    <vitamins-vitamin_b12>0.31000</vitamins-vitamin_b12>
    <vitamins-vitamin_b6>0.08100</vitamins-vitamin_b6>
    <vitamins-vitamin_c>11.00000</vitamins-vitamin_c>
    <vitamins-vitamin_d>2.00000</vitamins-vitamin_d>
    <vitamins-vitamin_e>1.75000</vitamins-vitamin_e>
    <vitamins-vitamin_k>10.00000</vitamins-vitamin_k>
</food>