<food xmlns:xsi="http://www.w3.org/2001/XMLSchema-instance" xsi:noNamespaceSchemaLocation="https://xjrga.github.io/schemas/food_v2.xsd">
    <food-id>03988</food-id>
    <food-name>Infant formula, GERBER, GOOD START, PROTECT PLUS, ready-to-feed</food-name>
    <carbohydrates-carbs_by_diff>7.17000</carbohydrates-carbs_by_diff>
    <carbohydrates-fiber>0.00000</carbohydrates-fiber>
    <carbohydrates-glycemicindex>0.00000</carbohydrates-glycemicindex>
    <energy-gross>65.00000</energy-gross>
    <fats-cholesterol>0.00000</fats-cholesterol>
    <fats-dha>0.01000</fats-dha>
    <fats-epa>0.00000</fats-epa>
    <fats-lauric>0.30000</fats-lauric>
    <fats-linoleic>0.57300</fats-linoleic>
    <fats-linolenic>0.06500</fats-linolenic>
    <fats-monounsaturated>1.25200</fats-monounsaturated>
    <fats-myristic>0.13000</fats-myristic>
    <fats-palmitic>0.76000</fats-palmitic>
    <fats-polyunsaturated>0.66700</fats-polyunsaturated>
    <fats-saturated>1.44300</fats-saturated>
    <fats-stearic>0.13000</fats-stearic>
    <fats-total>3.36000</fats-total>
    <minerals-calcium>44.00000</minerals-calcium>
    <minerals-copper>0.08000</minerals-copper>
    <minerals-iron>0.98000</minerals-iron>
    <minerals-magnesium>5.00000</minerals-magnesium>
    <minerals-manganese>0.01000</minerals-manganese>
    <minerals-phosphorus>25.00000</minerals-phosphorus>
    <minerals-potassium>71.00000</minerals-potassium>
    <minerals-selenium>3.00000</minerals-selenium>
    <minerals-sodium>18.00000</minerals-sodium>
    <minerals-zinc>0.52000</minerals-zinc>
    <other-alcohol>0.00000</other-alcohol>
    <other-cost>0.0</other-cost>
    <other-water>87.86000</other-water>
    <other-weight>100.00000</other-weight>
    <protein-complete>0.00000</protein-complete>
    <protein-total>1.44000</protein-total>
    <vitamins-choline>15.70000</vitamins-choline>
    <vitamins-folate>17.00000</vitamins-folate>
    <vitamins-niacin>0.68900</vitamins-niacin>
    <vitamins-pantothenic_acid>0.29500</vitamins-pantothenic_acid>
    <vitamins-riboflavin>0.09200</vitamins-riboflavin>
    <vitamins-thiamin>0.06600</vitamins-thiamin>
    <vitamins-vitamin_a>60.00000</vitamins-vitamin_a>
    <vitamins-vitamin_b12>0.00000</vitamins-vitamin_b12>
    <vitamins-vitamin_b6>0.04900</vitamins-vitamin_b6>
    <vitamins-vitamin_c>10.00000</vitamins-vitamin_c>
    <vitamins-vitamin_d>1.00000</vitamins-vitamin_d>
    <vitamins-vitamin_e>0.59000</vitamins-vitamin_e>
    <vitamins-vitamin_k>5.20000</vitamins-vitamin_k>
</food>