<food xmlns:xsi="http://www.w3.org/2001/XMLSchema-instance" xsi:noNamespaceSchemaLocation="https://xjrga.github.io/schemas/food_v2.xsd">
    <food-id>03939</food-id>
    <food-name>Infant formula, PBM PRODUCTS, store brand, soy, ready-to-feed</food-name>
    <carbohydrates-carbs_by_diff>6.09000</carbohydrates-carbs_by_diff>
    <carbohydrates-fiber>0.00000</carbohydrates-fiber>
    <carbohydrates-glycemicindex>0.00000</carbohydrates-glycemicindex>
    <energy-gross>63.00000</energy-gross>
    <fats-cholesterol>0.00000</fats-cholesterol>
    <fats-dha>0.01100</fats-dha>
    <fats-epa>0.00000</fats-epa>
    <fats-lauric>0.48000</fats-lauric>
    <fats-linoleic>0.45000</fats-linoleic>
    <fats-linolenic>0.05000</fats-linolenic>
    <fats-monounsaturated>1.40000</fats-monounsaturated>
    <fats-myristic>0.23000</fats-myristic>
    <fats-palmitic>0.47000</fats-palmitic>
    <fats-polyunsaturated>0.50000</fats-polyunsaturated>
    <fats-saturated>1.60000</fats-saturated>
    <fats-stearic>0.25000</fats-stearic>
    <fats-total>3.50000</fats-total>
    <minerals-calcium>59.00000</minerals-calcium>
    <minerals-copper>0.04600</minerals-copper>
    <minerals-iron>1.18000</minerals-iron>
    <minerals-magnesium>7.00000</minerals-magnesium>
    <minerals-manganese>0.00000</minerals-manganese>
    <minerals-phosphorus>41.00000</minerals-phosphorus>
    <minerals-potassium>69.00000</minerals-potassium>
    <minerals-selenium>1.40000</minerals-selenium>
    <minerals-sodium>18.00000</minerals-sodium>
    <minerals-zinc>0.53000</minerals-zinc>
    <other-alcohol>0.00000</other-alcohol>
    <other-cost>0.0</other-cost>
    <other-water>88.00000</other-water>
    <other-weight>100.00000</other-weight>
    <protein-complete>0.00000</protein-complete>
    <protein-total>1.80000</protein-total>
    <vitamins-choline>9.00000</vitamins-choline>
    <vitamins-folate>9.00000</vitamins-folate>
    <vitamins-niacin>0.49000</vitamins-niacin>
    <vitamins-pantothenic_acid>0.00000</vitamins-pantothenic_acid>
    <vitamins-riboflavin>0.10000</vitamins-riboflavin>
    <vitamins-thiamin>0.07000</vitamins-thiamin>
    <vitamins-vitamin_a>59.00000</vitamins-vitamin_a>
    <vitamins-vitamin_b12>0.20000</vitamins-vitamin_b12>
    <vitamins-vitamin_b6>0.04000</vitamins-vitamin_b6>
    <vitamins-vitamin_c>5.40000</vitamins-vitamin_c>
    <vitamins-vitamin_d>0.90000</vitamins-vitamin_d>
    <vitamins-vitamin_e>0.42000</vitamins-vitamin_e>
    <vitamins-vitamin_k>5.10000</vitamins-vitamin_k>
</food>