<food xmlns:xsi="http://www.w3.org/2001/XMLSchema-instance" xsi:noNamespaceSchemaLocation="https://xjrga.github.io/schemas/food_v2.xsd">
    <food-id>33869</food-id>
    <food-name>Infant formula, GERBER, GOOD START 2, PROTECT PLUS, powder</food-name>
    <carbohydrates-carbs_by_diff>56.30000</carbohydrates-carbs_by_diff>
    <carbohydrates-fiber>0.00000</carbohydrates-fiber>
    <carbohydrates-glycemicindex>0.00000</carbohydrates-glycemicindex>
    <energy-gross>501.00000</energy-gross>
    <fats-cholesterol>0.00000</fats-cholesterol>
    <fats-dha>0.07300</fats-dha>
    <fats-epa>0.00000</fats-epa>
    <fats-lauric>2.33000</fats-lauric>
    <fats-linoleic>4.37700</fats-linoleic>
    <fats-linolenic>0.49600</fats-linolenic>
    <fats-monounsaturated>9.55900</fats-monounsaturated>
    <fats-myristic>1.02000</fats-myristic>
    <fats-palmitic>5.83000</fats-palmitic>
    <fats-polyunsaturated>5.09200</fats-polyunsaturated>
    <fats-saturated>11.01600</fats-saturated>
    <fats-stearic>1.02000</fats-stearic>
    <fats-total>25.70000</fats-total>
    <minerals-calcium>956.00000</minerals-calcium>
    <minerals-copper>0.41000</minerals-copper>
    <minerals-iron>10.00000</minerals-iron>
    <minerals-magnesium>36.00000</minerals-magnesium>
    <minerals-manganese>0.07700</minerals-manganese>
    <minerals-phosphorus>543.00000</minerals-phosphorus>
    <minerals-potassium>553.00000</minerals-potassium>
    <minerals-selenium>15.00000</minerals-selenium>
    <minerals-sodium>138.00000</minerals-sodium>
    <minerals-zinc>4.10000</minerals-zinc>
    <other-alcohol>0.00000</other-alcohol>
    <other-cost>0.0</other-cost>
    <other-water>2.90000</other-water>
    <other-weight>100.00000</other-weight>
    <protein-complete>0.00000</protein-complete>
    <protein-total>11.10000</protein-total>
    <vitamins-choline>123.00000</vitamins-choline>
    <vitamins-folate>131.00000</vitamins-folate>
    <vitamins-niacin>5.37600</vitamins-niacin>
    <vitamins-pantothenic_acid>2.30400</vitamins-pantothenic_acid>
    <vitamins-riboflavin>0.71700</vitamins-riboflavin>
    <vitamins-thiamin>0.51200</vitamins-thiamin>
    <vitamins-vitamin_a>457.00000</vitamins-vitamin_a>
    <vitamins-vitamin_b12>1.70000</vitamins-vitamin_b12>
    <vitamins-vitamin_b6>0.38400</vitamins-vitamin_b6>
    <vitamins-vitamin_c>61.00000</vitamins-vitamin_c>
    <vitamins-vitamin_d>7.70000</vitamins-vitamin_d>
    <vitamins-vitamin_e>4.50000</vitamins-vitamin_e>
    <vitamins-vitamin_k>41.00000</vitamins-vitamin_k>
</food>