<food xmlns:xsi="http://www.w3.org/2001/XMLSchema-instance" xsi:noNamespaceSchemaLocation="https://xjrga.github.io/schemas/food_v2.xsd">
    <food-id>33868</food-id>
    <food-name>Infant Formula, GERBER GOOD START 2, GENTLE PLUS, powder</food-name>
    <carbohydrates-carbs_by_diff>57.10000</carbohydrates-carbs_by_diff>
    <carbohydrates-fiber>0.00000</carbohydrates-fiber>
    <carbohydrates-glycemicindex>0.00000</carbohydrates-glycemicindex>
    <energy-gross>492.00000</energy-gross>
    <fats-cholesterol>0.00000</fats-cholesterol>
    <fats-dha>0.07000</fats-dha>
    <fats-epa>0.00000</fats-epa>
    <fats-lauric>2.22000</fats-lauric>
    <fats-linoleic>4.17900</fats-linoleic>
    <fats-linolenic>0.47400</fats-linolenic>
    <fats-monounsaturated>9.12600</fats-monounsaturated>
    <fats-myristic>0.97000</fats-myristic>
    <fats-palmitic>5.57000</fats-palmitic>
    <fats-polyunsaturated>4.86200</fats-polyunsaturated>
    <fats-saturated>10.51700</fats-saturated>
    <fats-stearic>0.97000</fats-stearic>
    <fats-total>25.10000</fats-total>
    <minerals-calcium>935.00000</minerals-calcium>
    <minerals-copper>0.39400</minerals-copper>
    <minerals-iron>9.80000</minerals-iron>
    <minerals-magnesium>34.00000</minerals-magnesium>
    <minerals-manganese>0.07400</minerals-manganese>
    <minerals-phosphorus>522.00000</minerals-phosphorus>
    <minerals-potassium>531.00000</minerals-potassium>
    <minerals-selenium>15.00000</minerals-selenium>
    <minerals-sodium>133.00000</minerals-sodium>
    <minerals-zinc>3.90000</minerals-zinc>
    <other-alcohol>0.00000</other-alcohol>
    <other-cost>0.0</other-cost>
    <other-water>2.50000</other-water>
    <other-weight>100.00000</other-weight>
    <protein-complete>0.00000</protein-complete>
    <protein-total>10.80000</protein-total>
    <vitamins-choline>118.00000</vitamins-choline>
    <vitamins-folate>126.00000</vitamins-folate>
    <vitamins-niacin>5.16600</vitamins-niacin>
    <vitamins-pantothenic_acid>2.21400</vitamins-pantothenic_acid>
    <vitamins-riboflavin>0.68900</vitamins-riboflavin>
    <vitamins-thiamin>0.49200</vitamins-thiamin>
    <vitamins-vitamin_a>447.00000</vitamins-vitamin_a>
    <vitamins-vitamin_b12>1.60000</vitamins-vitamin_b12>
    <vitamins-vitamin_b6>0.36900</vitamins-vitamin_b6>
    <vitamins-vitamin_c>59.00000</vitamins-vitamin_c>
    <vitamins-vitamin_d>7.40000</vitamins-vitamin_d>
    <vitamins-vitamin_e>4.41000</vitamins-vitamin_e>
    <vitamins-vitamin_k>39.00000</vitamins-vitamin_k>
</food>