<food xmlns:xsi="http://www.w3.org/2001/XMLSchema-instance" xsi:noNamespaceSchemaLocation="https://xjrga.github.io/schemas/food_v2.xsd">
    <food-id>33866</food-id>
    <food-name>Infant formula, MEAD JOHNSON, ENFAMIL, ENFAGROW, GENTLEASE, Toddler, LIPIL, powder</food-name>
    <carbohydrates-carbs_by_diff>52.00000</carbohydrates-carbs_by_diff>
    <carbohydrates-fiber>0.00000</carbohydrates-fiber>
    <carbohydrates-glycemicindex>0.00000</carbohydrates-glycemicindex>
    <energy-gross>494.00000</energy-gross>
    <fats-cholesterol>0.00000</fats-cholesterol>
    <fats-dha>0.07700</fats-dha>
    <fats-epa>0.00000</fats-epa>
    <fats-lauric>2.53000</fats-lauric>
    <fats-linoleic>4.77100</fats-linoleic>
    <fats-linolenic>0.46200</fats-linolenic>
    <fats-monounsaturated>0.23100</fats-monounsaturated>
    <fats-myristic>1.15000</fats-myristic>
    <fats-palmitic>6.07000</fats-palmitic>
    <fats-polyunsaturated>5.46400</fats-polyunsaturated>
    <fats-saturated>11.76000</fats-saturated>
    <fats-stearic>1.15000</fats-stearic>
    <fats-total>26.00000</fats-total>
    <minerals-calcium>970.00000</minerals-calcium>
    <minerals-copper>0.37000</minerals-copper>
    <minerals-iron>9.90000</minerals-iron>
    <minerals-magnesium>40.00000</minerals-magnesium>
    <minerals-manganese>0.07500</minerals-manganese>
    <minerals-phosphorus>650.00000</minerals-phosphorus>
    <minerals-potassium>650.00000</minerals-potassium>
    <minerals-selenium>13.90000</minerals-selenium>
    <minerals-sodium>200.00000</minerals-sodium>
    <minerals-zinc>5.00000</minerals-zinc>
    <other-alcohol>0.00000</other-alcohol>
    <other-cost>0.0</other-cost>
    <other-water>4.50000</other-water>
    <other-weight>100.00000</other-weight>
    <protein-complete>0.00000</protein-complete>
    <protein-total>12.90000</protein-total>
    <vitamins-choline>119.00000</vitamins-choline>
    <vitamins-folate>136.00000</vitamins-folate>
    <vitamins-niacin>5.00000</vitamins-niacin>
    <vitamins-pantothenic_acid>2.50000</vitamins-pantothenic_acid>
    <vitamins-riboflavin>0.70000</vitamins-riboflavin>
    <vitamins-thiamin>0.40000</vitamins-thiamin>
    <vitamins-vitamin_a>452.00000</vitamins-vitamin_a>
    <vitamins-vitamin_b12>1.49000</vitamins-vitamin_b12>
    <vitamins-vitamin_b6>0.30000</vitamins-vitamin_b6>
    <vitamins-vitamin_c>60.00000</vitamins-vitamin_c>
    <vitamins-vitamin_d>7.50000</vitamins-vitamin_d>
    <vitamins-vitamin_e>4.46000</vitamins-vitamin_e>
    <vitamins-vitamin_k>45.00000</vitamins-vitamin_k>
</food>