<food xmlns:xsi="http://www.w3.org/2001/XMLSchema-instance" xsi:noNamespaceSchemaLocation="https://xjrga.github.io/schemas/food_v2.xsd">
    <food-id>33871</food-id>
    <food-name>Infant formula, ABBOTT NUTRITION, SIMILAC, GO AND GROW, powder, with ARA and DHA</food-name>
    <carbohydrates-carbs_by_diff>52.20000</carbohydrates-carbs_by_diff>
    <carbohydrates-fiber>0.00000</carbohydrates-fiber>
    <carbohydrates-glycemicindex>0.00000</carbohydrates-glycemicindex>
    <energy-gross>512.00000</energy-gross>
    <fats-cholesterol>0.00000</fats-cholesterol>
    <fats-dha>0.07500</fats-dha>
    <fats-epa>0.00000</fats-epa>
    <fats-lauric>2.43000</fats-lauric>
    <fats-linoleic>4.66100</fats-linoleic>
    <fats-linolenic>0.45100</fats-linolenic>
    <fats-monounsaturated>10.22700</fats-monounsaturated>
    <fats-myristic>1.12000</fats-myristic>
    <fats-palmitic>5.91000</fats-palmitic>
    <fats-polyunsaturated>5.33800</fats-polyunsaturated>
    <fats-saturated>11.43000</fats-saturated>
    <fats-stearic>1.12000</fats-stearic>
    <fats-total>27.65000</fats-total>
    <minerals-calcium>998.00000</minerals-calcium>
    <minerals-copper>0.46100</minerals-copper>
    <minerals-iron>10.20000</minerals-iron>
    <minerals-magnesium>46.00000</minerals-magnesium>
    <minerals-manganese>0.02600</minerals-manganese>
    <minerals-phosphorus>666.00000</minerals-phosphorus>
    <minerals-potassium>768.00000</minerals-potassium>
    <minerals-selenium>9.20000</minerals-selenium>
    <minerals-sodium>154.00000</minerals-sodium>
    <minerals-zinc>3.84000</minerals-zinc>
    <other-alcohol>0.00000</other-alcohol>
    <other-cost>0.0</other-cost>
    <other-water>2.00000</other-water>
    <other-weight>100.00000</other-weight>
    <protein-complete>0.00000</protein-complete>
    <protein-total>15.36000</protein-total>
    <vitamins-choline>82.00000</vitamins-choline>
    <vitamins-folate>131.00000</vitamins-folate>
    <vitamins-niacin>5.37600</vitamins-niacin>
    <vitamins-pantothenic_acid>2.30400</vitamins-pantothenic_acid>
    <vitamins-riboflavin>0.76800</vitamins-riboflavin>
    <vitamins-thiamin>0.51200</vitamins-thiamin>
    <vitamins-vitamin_a>465.00000</vitamins-vitamin_a>
    <vitamins-vitamin_b12>1.54000</vitamins-vitamin_b12>
    <vitamins-vitamin_b6>0.30700</vitamins-vitamin_b6>
    <vitamins-vitamin_c>61.00000</vitamins-vitamin_c>
    <vitamins-vitamin_d>7.70000</vitamins-vitamin_d>
    <vitamins-vitamin_e>10.30000</vitamins-vitamin_e>
    <vitamins-vitamin_k>41.00000</vitamins-vitamin_k>
</food>