<food xmlns:xsi="http://www.w3.org/2001/XMLSchema-instance" xsi:noNamespaceSchemaLocation="https://xjrga.github.io/schemas/food_v2.xsd">
    <food-id>33872</food-id>
    <food-name>Infant formula, GERBER, GOOD START 2 SOY, with iron, powder</food-name>
    <carbohydrates-carbs_by_diff>55.60000</carbohydrates-carbs_by_diff>
    <carbohydrates-fiber>0.00000</carbohydrates-fiber>
    <carbohydrates-glycemicindex>0.00000</carbohydrates-glycemicindex>
    <energy-gross>501.00000</energy-gross>
    <fats-cholesterol>0.00000</fats-cholesterol>
    <fats-dha>0.00000</fats-dha>
    <fats-epa>0.00000</fats-epa>
    <fats-lauric>2.40000</fats-lauric>
    <fats-linoleic>4.71800</fats-linoleic>
    <fats-linolenic>0.50000</fats-linolenic>
    <fats-monounsaturated>8.13200</fats-monounsaturated>
    <fats-myristic>1.00000</fats-myristic>
    <fats-palmitic>5.82000</fats-palmitic>
    <fats-polyunsaturated>6.02400</fats-polyunsaturated>
    <fats-saturated>11.04300</fats-saturated>
    <fats-stearic>1.00000</fats-stearic>
    <fats-total>25.60000</fats-total>
    <minerals-calcium>526.00000</minerals-calcium>
    <minerals-copper>0.40100</minerals-copper>
    <minerals-iron>9.00000</minerals-iron>
    <minerals-magnesium>55.00000</minerals-magnesium>
    <minerals-manganese>55.00000</minerals-manganese>
    <minerals-phosphorus>316.00000</minerals-phosphorus>
    <minerals-potassium>581.00000</minerals-potassium>
    <minerals-selenium>15.00000</minerals-selenium>
    <minerals-sodium>200.00000</minerals-sodium>
    <minerals-zinc>4.50000</minerals-zinc>
    <other-alcohol>0.00000</other-alcohol>
    <other-cost>0.0</other-cost>
    <other-water>2.90000</other-water>
    <other-weight>100.00000</other-weight>
    <protein-complete>0.00000</protein-complete>
    <protein-total>12.50000</protein-total>
    <vitamins-choline>120.00000</vitamins-choline>
    <vitamins-folate>136.00000</vitamins-folate>
    <vitamins-niacin>5.26100</vitamins-niacin>
    <vitamins-pantothenic_acid>2.50500</vitamins-pantothenic_acid>
    <vitamins-riboflavin>0.47100</vitamins-riboflavin>
    <vitamins-thiamin>0.30100</vitamins-thiamin>
    <vitamins-vitamin_a>455.00000</vitamins-vitamin_a>
    <vitamins-vitamin_b12>1.70000</vitamins-vitamin_b12>
    <vitamins-vitamin_b6>0.30100</vitamins-vitamin_b6>
    <vitamins-vitamin_c>60.00000</vitamins-vitamin_c>
    <vitamins-vitamin_d>7.50000</vitamins-vitamin_d>
    <vitamins-vitamin_e>6.75000</vitamins-vitamin_e>
    <vitamins-vitamin_k>45.00000</vitamins-vitamin_k>
</food>