<food xmlns:xsi="http://www.w3.org/2001/XMLSchema-instance" xsi:noNamespaceSchemaLocation="https://xjrga.github.io/schemas/food_v2.xsd">
    <food-id>09057</food-id>
    <food-name>Boysenberries, frozen, unsweetened</food-name>
    <carbohydrates-carbs_by_diff>12.19000</carbohydrates-carbs_by_diff>
    <carbohydrates-fiber>5.30000</carbohydrates-fiber>
    <carbohydrates-glycemicindex>0.00000</carbohydrates-glycemicindex>
    <energy-gross>50.00000</energy-gross>
    <fats-cholesterol>0.00000</fats-cholesterol>
    <fats-dha>0.00000</fats-dha>
    <fats-epa>0.00000</fats-epa>
    <fats-lauric>0.00000</fats-lauric>
    <fats-linoleic>0.09800</fats-linoleic>
    <fats-linolenic>0.05000</fats-linolenic>
    <fats-monounsaturated>0.02500</fats-monounsaturated>
    <fats-myristic>0.00000</fats-myristic>
    <fats-palmitic>0.00600</fats-palmitic>
    <fats-polyunsaturated>0.14800</fats-polyunsaturated>
    <fats-saturated>0.00900</fats-saturated>
    <fats-stearic>0.00100</fats-stearic>
    <fats-total>0.26000</fats-total>
    <minerals-calcium>27.00000</minerals-calcium>
    <minerals-copper>0.08000</minerals-copper>
    <minerals-iron>0.85000</minerals-iron>
    <minerals-magnesium>16.00000</minerals-magnesium>
    <minerals-manganese>0.54700</minerals-manganese>
    <minerals-phosphorus>27.00000</minerals-phosphorus>
    <minerals-potassium>139.00000</minerals-potassium>
    <minerals-selenium>0.20000</minerals-selenium>
    <minerals-sodium>1.00000</minerals-sodium>
    <minerals-zinc>0.22000</minerals-zinc>
    <other-alcohol>0.00000</other-alcohol>
    <other-cost>0.0</other-cost>
    <other-water>85.90000</other-water>
    <other-weight>100.00000</other-weight>
    <protein-complete>0.00000</protein-complete>
    <protein-total>1.10000</protein-total>
    <vitamins-choline>10.20000</vitamins-choline>
    <vitamins-folate>63.00000</vitamins-folate>
    <vitamins-niacin>0.76700</vitamins-niacin>
    <vitamins-pantothenic_acid>0.25000</vitamins-pantothenic_acid>
    <vitamins-riboflavin>0.03700</vitamins-riboflavin>
    <vitamins-thiamin>0.05300</vitamins-thiamin>
    <vitamins-vitamin_a>3.00000</vitamins-vitamin_a>
    <vitamins-vitamin_b12>0.00000</vitamins-vitamin_b12>
    <vitamins-vitamin_b6>0.05600</vitamins-vitamin_b6>
    <vitamins-vitamin_c>3.10000</vitamins-vitamin_c>
    <vitamins-vitamin_d>0.00000</vitamins-vitamin_d>
    <vitamins-vitamin_e>0.87000</vitamins-vitamin_e>
    <vitamins-vitamin_k>7.80000</vitamins-vitamin_k>
</food>