<food xmlns:xsi="http://www.w3.org/2001/XMLSchema-instance" xsi:noNamespaceSchemaLocation="https://xjrga.github.io/schemas/food_v2.xsd">
    <food-id>09038</food-id>
    <food-name>Avocados, raw, California</food-name>
    <carbohydrates-carbs_by_diff>8.64000</carbohydrates-carbs_by_diff>
    <carbohydrates-fiber>6.80000</carbohydrates-fiber>
    <carbohydrates-glycemicindex>0.00000</carbohydrates-glycemicindex>
    <energy-gross>167.00000</energy-gross>
    <fats-cholesterol>0.00000</fats-cholesterol>
    <fats-dha>0.00000</fats-dha>
    <fats-epa>0.00000</fats-epa>
    <fats-lauric>0.00000</fats-lauric>
    <fats-linoleic>1.67400</fats-linoleic>
    <fats-linolenic>0.12500</fats-linolenic>
    <fats-monounsaturated>9.79900</fats-monounsaturated>
    <fats-myristic>0.00000</fats-myristic>
    <fats-palmitic>2.07000</fats-palmitic>
    <fats-polyunsaturated>1.81600</fats-polyunsaturated>
    <fats-saturated>2.12600</fats-saturated>
    <fats-stearic>0.04000</fats-stearic>
    <fats-total>15.41000</fats-total>
    <minerals-calcium>13.00000</minerals-calcium>
    <minerals-copper>0.17000</minerals-copper>
    <minerals-iron>0.61000</minerals-iron>
    <minerals-magnesium>29.00000</minerals-magnesium>
    <minerals-manganese>0.14900</minerals-manganese>
    <minerals-phosphorus>54.00000</minerals-phosphorus>
    <minerals-potassium>507.00000</minerals-potassium>
    <minerals-selenium>0.40000</minerals-selenium>
    <minerals-sodium>8.00000</minerals-sodium>
    <minerals-zinc>0.68000</minerals-zinc>
    <other-alcohol>0.00000</other-alcohol>
    <other-cost>0.0</other-cost>
    <other-water>72.33000</other-water>
    <other-weight>100.00000</other-weight>
    <protein-complete>0.00000</protein-complete>
    <protein-total>1.96000</protein-total>
    <vitamins-choline>14.20000</vitamins-choline>
    <vitamins-folate>89.00000</vitamins-folate>
    <vitamins-niacin>1.91200</vitamins-niacin>
    <vitamins-pantothenic_acid>1.46300</vitamins-pantothenic_acid>
    <vitamins-riboflavin>0.14300</vitamins-riboflavin>
    <vitamins-thiamin>0.07500</vitamins-thiamin>
    <vitamins-vitamin_a>7.00000</vitamins-vitamin_a>
    <vitamins-vitamin_b12>0.00000</vitamins-vitamin_b12>
    <vitamins-vitamin_b6>0.28700</vitamins-vitamin_b6>
    <vitamins-vitamin_c>8.80000</vitamins-vitamin_c>
    <vitamins-vitamin_d>0.00000</vitamins-vitamin_d>
    <vitamins-vitamin_e>1.97000</vitamins-vitamin_e>
    <vitamins-vitamin_k>21.00000</vitamins-vitamin_k>
</food>