<food xmlns:xsi="http://www.w3.org/2001/XMLSchema-instance" xsi:noNamespaceSchemaLocation="https://xjrga.github.io/schemas/food_v2.xsd">
    <food-id>09042</food-id>
    <food-name>Blackberries, raw</food-name>
    <carbohydrates-carbs_by_diff>9.61000</carbohydrates-carbs_by_diff>
    <carbohydrates-fiber>5.30000</carbohydrates-fiber>
    <carbohydrates-glycemicindex>0.00000</carbohydrates-glycemicindex>
    <energy-gross>43.00000</energy-gross>
    <fats-cholesterol>0.00000</fats-cholesterol>
    <fats-dha>0.00000</fats-dha>
    <fats-epa>0.00000</fats-epa>
    <fats-lauric>0.00000</fats-lauric>
    <fats-linoleic>0.18600</fats-linoleic>
    <fats-linolenic>0.09400</fats-linolenic>
    <fats-monounsaturated>0.04700</fats-monounsaturated>
    <fats-myristic>0.00000</fats-myristic>
    <fats-palmitic>0.01000</fats-palmitic>
    <fats-polyunsaturated>0.28000</fats-polyunsaturated>
    <fats-saturated>0.01400</fats-saturated>
    <fats-stearic>0.00300</fats-stearic>
    <fats-total>0.49000</fats-total>
    <minerals-calcium>29.00000</minerals-calcium>
    <minerals-copper>0.16500</minerals-copper>
    <minerals-iron>0.62000</minerals-iron>
    <minerals-magnesium>20.00000</minerals-magnesium>
    <minerals-manganese>0.64600</minerals-manganese>
    <minerals-phosphorus>22.00000</minerals-phosphorus>
    <minerals-potassium>162.00000</minerals-potassium>
    <minerals-selenium>0.40000</minerals-selenium>
    <minerals-sodium>1.00000</minerals-sodium>
    <minerals-zinc>0.53000</minerals-zinc>
    <other-alcohol>0.00000</other-alcohol>
    <other-cost>0.0</other-cost>
    <other-water>88.15000</other-water>
    <other-weight>100.00000</other-weight>
    <protein-complete>0.00000</protein-complete>
    <protein-total>1.39000</protein-total>
    <vitamins-choline>8.50000</vitamins-choline>
    <vitamins-folate>25.00000</vitamins-folate>
    <vitamins-niacin>0.64600</vitamins-niacin>
    <vitamins-pantothenic_acid>0.27600</vitamins-pantothenic_acid>
    <vitamins-riboflavin>0.02600</vitamins-riboflavin>
    <vitamins-thiamin>0.02000</vitamins-thiamin>
    <vitamins-vitamin_a>11.00000</vitamins-vitamin_a>
    <vitamins-vitamin_b12>0.00000</vitamins-vitamin_b12>
    <vitamins-vitamin_b6>0.03000</vitamins-vitamin_b6>
    <vitamins-vitamin_c>21.00000</vitamins-vitamin_c>
    <vitamins-vitamin_d>0.00000</vitamins-vitamin_d>
    <vitamins-vitamin_e>1.17000</vitamins-vitamin_e>
    <vitamins-vitamin_k>19.80000</vitamins-vitamin_k>
</food>