<food xmlns:xsi="http://www.w3.org/2001/XMLSchema-instance" xsi:noNamespaceSchemaLocation="https://xjrga.github.io/schemas/food_v2.xsd">
    <food-id>09048</food-id>
    <food-name>Blackberries, frozen, unsweetened</food-name>
    <carbohydrates-carbs_by_diff>15.67000</carbohydrates-carbs_by_diff>
    <carbohydrates-fiber>5.00000</carbohydrates-fiber>
    <carbohydrates-glycemicindex>0.00000</carbohydrates-glycemicindex>
    <energy-gross>64.00000</energy-gross>
    <fats-cholesterol>0.00000</fats-cholesterol>
    <fats-dha>0.00000</fats-dha>
    <fats-epa>0.00000</fats-epa>
    <fats-lauric>0.00000</fats-lauric>
    <fats-linoleic>0.16300</fats-linoleic>
    <fats-linolenic>0.08200</fats-linolenic>
    <fats-monounsaturated>0.04100</fats-monounsaturated>
    <fats-myristic>0.00000</fats-myristic>
    <fats-palmitic>0.01000</fats-palmitic>
    <fats-polyunsaturated>0.24500</fats-polyunsaturated>
    <fats-saturated>0.01500</fats-saturated>
    <fats-stearic>0.00200</fats-stearic>
    <fats-total>0.43000</fats-total>
    <minerals-calcium>29.00000</minerals-calcium>
    <minerals-copper>0.12000</minerals-copper>
    <minerals-iron>0.80000</minerals-iron>
    <minerals-magnesium>22.00000</minerals-magnesium>
    <minerals-manganese>1.22300</minerals-manganese>
    <minerals-phosphorus>30.00000</minerals-phosphorus>
    <minerals-potassium>140.00000</minerals-potassium>
    <minerals-selenium>0.40000</minerals-selenium>
    <minerals-sodium>1.00000</minerals-sodium>
    <minerals-zinc>0.25000</minerals-zinc>
    <other-alcohol>0.00000</other-alcohol>
    <other-cost>0.0</other-cost>
    <other-water>82.21000</other-water>
    <other-weight>100.00000</other-weight>
    <protein-complete>0.00000</protein-complete>
    <protein-total>1.18000</protein-total>
    <vitamins-choline>8.50000</vitamins-choline>
    <vitamins-folate>34.00000</vitamins-folate>
    <vitamins-niacin>1.20700</vitamins-niacin>
    <vitamins-pantothenic_acid>0.15100</vitamins-pantothenic_acid>
    <vitamins-riboflavin>0.04600</vitamins-riboflavin>
    <vitamins-thiamin>0.02900</vitamins-thiamin>
    <vitamins-vitamin_a>6.00000</vitamins-vitamin_a>
    <vitamins-vitamin_b12>0.00000</vitamins-vitamin_b12>
    <vitamins-vitamin_b6>0.06100</vitamins-vitamin_b6>
    <vitamins-vitamin_c>3.10000</vitamins-vitamin_c>
    <vitamins-vitamin_d>0.00000</vitamins-vitamin_d>
    <vitamins-vitamin_e>1.17000</vitamins-vitamin_e>
    <vitamins-vitamin_k>19.80000</vitamins-vitamin_k>
</food>