<food xmlns:xsi="http://www.w3.org/2001/XMLSchema-instance" xsi:noNamespaceSchemaLocation="https://xjrga.github.io/schemas/food_v2.xsd">
    <food-id>09060</food-id>
    <food-name>Carambola, (starfruit), raw</food-name>
    <carbohydrates-carbs_by_diff>6.73000</carbohydrates-carbs_by_diff>
    <carbohydrates-fiber>2.80000</carbohydrates-fiber>
    <carbohydrates-glycemicindex>0.00000</carbohydrates-glycemicindex>
    <energy-gross>31.00000</energy-gross>
    <fats-cholesterol>0.00000</fats-cholesterol>
    <fats-dha>0.00000</fats-dha>
    <fats-epa>0.00000</fats-epa>
    <fats-lauric>0.00000</fats-lauric>
    <fats-linoleic>0.15700</fats-linoleic>
    <fats-linolenic>0.02700</fats-linolenic>
    <fats-monounsaturated>0.03000</fats-monounsaturated>
    <fats-myristic>0.00000</fats-myristic>
    <fats-palmitic>0.01000</fats-palmitic>
    <fats-polyunsaturated>0.18400</fats-polyunsaturated>
    <fats-saturated>0.01900</fats-saturated>
    <fats-stearic>0.00800</fats-stearic>
    <fats-total>0.33000</fats-total>
    <minerals-calcium>3.00000</minerals-calcium>
    <minerals-copper>0.13700</minerals-copper>
    <minerals-iron>0.08000</minerals-iron>
    <minerals-magnesium>10.00000</minerals-magnesium>
    <minerals-manganese>0.03700</minerals-manganese>
    <minerals-phosphorus>12.00000</minerals-phosphorus>
    <minerals-potassium>133.00000</minerals-potassium>
    <minerals-selenium>0.60000</minerals-selenium>
    <minerals-sodium>2.00000</minerals-sodium>
    <minerals-zinc>0.12000</minerals-zinc>
    <other-alcohol>0.00000</other-alcohol>
    <other-cost>0.0</other-cost>
    <other-water>91.38000</other-water>
    <other-weight>100.00000</other-weight>
    <protein-complete>0.00000</protein-complete>
    <protein-total>1.04000</protein-total>
    <vitamins-choline>7.60000</vitamins-choline>
    <vitamins-folate>12.00000</vitamins-folate>
    <vitamins-niacin>0.36700</vitamins-niacin>
    <vitamins-pantothenic_acid>0.39100</vitamins-pantothenic_acid>
    <vitamins-riboflavin>0.01600</vitamins-riboflavin>
    <vitamins-thiamin>0.01400</vitamins-thiamin>
    <vitamins-vitamin_a>3.00000</vitamins-vitamin_a>
    <vitamins-vitamin_b12>0.00000</vitamins-vitamin_b12>
    <vitamins-vitamin_b6>0.01700</vitamins-vitamin_b6>
    <vitamins-vitamin_c>34.40000</vitamins-vitamin_c>
    <vitamins-vitamin_d>0.00000</vitamins-vitamin_d>
    <vitamins-vitamin_e>0.15000</vitamins-vitamin_e>
    <vitamins-vitamin_k>0.00000</vitamins-vitamin_k>
</food>