<food xmlns:xsi="http://www.w3.org/2001/XMLSchema-instance" xsi:noNamespaceSchemaLocation="https://xjrga.github.io/schemas/food_v2.xsd">
    <food-id>09023</food-id>
    <food-name>Apricots, canned, water pack, without skin, solids and liquids</food-name>
    <carbohydrates-carbs_by_diff>5.48000</carbohydrates-carbs_by_diff>
    <carbohydrates-fiber>1.10000</carbohydrates-fiber>
    <carbohydrates-glycemicindex>0.00000</carbohydrates-glycemicindex>
    <energy-gross>22.00000</energy-gross>
    <fats-cholesterol>0.00000</fats-cholesterol>
    <fats-dha>0.00000</fats-dha>
    <fats-epa>0.00000</fats-epa>
    <fats-lauric>0.00000</fats-lauric>
    <fats-linoleic>0.00600</fats-linoleic>
    <fats-linolenic>0.00000</fats-linolenic>
    <fats-monounsaturated>0.01300</fats-monounsaturated>
    <fats-myristic>0.00000</fats-myristic>
    <fats-palmitic>0.00200</fats-palmitic>
    <fats-polyunsaturated>0.00600</fats-polyunsaturated>
    <fats-saturated>0.00200</fats-saturated>
    <fats-stearic>0.00000</fats-stearic>
    <fats-total>0.03000</fats-total>
    <minerals-calcium>8.00000</minerals-calcium>
    <minerals-copper>0.06800</minerals-copper>
    <minerals-iron>0.54000</minerals-iron>
    <minerals-magnesium>9.00000</minerals-magnesium>
    <minerals-manganese>0.05300</minerals-manganese>
    <minerals-phosphorus>16.00000</minerals-phosphorus>
    <minerals-potassium>154.00000</minerals-potassium>
    <minerals-selenium>0.00000</minerals-selenium>
    <minerals-sodium>11.00000</minerals-sodium>
    <minerals-zinc>0.11000</minerals-zinc>
    <other-alcohol>0.00000</other-alcohol>
    <other-cost>0.0</other-cost>
    <other-water>93.43000</other-water>
    <other-weight>100.00000</other-weight>
    <protein-complete>0.00000</protein-complete>
    <protein-total>0.69000</protein-total>
    <vitamins-choline>0.00000</vitamins-choline>
    <vitamins-folate>2.00000</vitamins-folate>
    <vitamins-niacin>0.43700</vitamins-niacin>
    <vitamins-pantothenic_acid>0.09200</vitamins-pantothenic_acid>
    <vitamins-riboflavin>0.02400</vitamins-riboflavin>
    <vitamins-thiamin>0.02000</vitamins-thiamin>
    <vitamins-vitamin_a>91.00000</vitamins-vitamin_a>
    <vitamins-vitamin_b12>0.00000</vitamins-vitamin_b12>
    <vitamins-vitamin_b6>0.05400</vitamins-vitamin_b6>
    <vitamins-vitamin_c>1.80000</vitamins-vitamin_c>
    <vitamins-vitamin_d>0.00000</vitamins-vitamin_d>
    <vitamins-vitamin_e>0.00000</vitamins-vitamin_e>
    <vitamins-vitamin_k>0.00000</vitamins-vitamin_k>
</food>