<food xmlns:xsi="http://www.w3.org/2001/XMLSchema-instance" xsi:noNamespaceSchemaLocation="https://xjrga.github.io/schemas/food_v2.xsd">
    <food-id>09087</food-id>
    <food-name>Dates, deglet noor</food-name>
    <carbohydrates-carbs_by_diff>75.03000</carbohydrates-carbs_by_diff>
    <carbohydrates-fiber>8.00000</carbohydrates-fiber>
    <carbohydrates-glycemicindex>0.00000</carbohydrates-glycemicindex>
    <energy-gross>282.00000</energy-gross>
    <fats-cholesterol>0.00000</fats-cholesterol>
    <fats-dha>0.00000</fats-dha>
    <fats-epa>0.00000</fats-epa>
    <fats-lauric>0.00100</fats-lauric>
    <fats-linoleic>0.01600</fats-linoleic>
    <fats-linolenic>0.00300</fats-linolenic>
    <fats-monounsaturated>0.03600</fats-monounsaturated>
    <fats-myristic>0.00100</fats-myristic>
    <fats-palmitic>0.01000</fats-palmitic>
    <fats-polyunsaturated>0.01900</fats-polyunsaturated>
    <fats-saturated>0.03200</fats-saturated>
    <fats-stearic>0.01000</fats-stearic>
    <fats-total>0.39000</fats-total>
    <minerals-calcium>39.00000</minerals-calcium>
    <minerals-copper>0.20600</minerals-copper>
    <minerals-iron>1.02000</minerals-iron>
    <minerals-magnesium>43.00000</minerals-magnesium>
    <minerals-manganese>0.26200</minerals-manganese>
    <minerals-phosphorus>62.00000</minerals-phosphorus>
    <minerals-potassium>656.00000</minerals-potassium>
    <minerals-selenium>3.00000</minerals-selenium>
    <minerals-sodium>2.00000</minerals-sodium>
    <minerals-zinc>0.29000</minerals-zinc>
    <other-alcohol>0.00000</other-alcohol>
    <other-cost>0.0</other-cost>
    <other-water>20.53000</other-water>
    <other-weight>100.00000</other-weight>
    <protein-complete>0.00000</protein-complete>
    <protein-total>2.45000</protein-total>
    <vitamins-choline>6.30000</vitamins-choline>
    <vitamins-folate>19.00000</vitamins-folate>
    <vitamins-niacin>1.27400</vitamins-niacin>
    <vitamins-pantothenic_acid>0.58900</vitamins-pantothenic_acid>
    <vitamins-riboflavin>0.06600</vitamins-riboflavin>
    <vitamins-thiamin>0.05200</vitamins-thiamin>
    <vitamins-vitamin_a>0.00000</vitamins-vitamin_a>
    <vitamins-vitamin_b12>0.00000</vitamins-vitamin_b12>
    <vitamins-vitamin_b6>0.16500</vitamins-vitamin_b6>
    <vitamins-vitamin_c>0.40000</vitamins-vitamin_c>
    <vitamins-vitamin_d>0.00000</vitamins-vitamin_d>
    <vitamins-vitamin_e>0.05000</vitamins-vitamin_e>
    <vitamins-vitamin_k>2.70000</vitamins-vitamin_k>
</food>