<food xmlns:xsi="http://www.w3.org/2001/XMLSchema-instance" xsi:noNamespaceSchemaLocation="https://xjrga.github.io/schemas/food_v2.xsd">
    <food-id>09044</food-id>
    <food-name>Cherries, tart, dried, sweetened</food-name>
    <carbohydrates-carbs_by_diff>80.45000</carbohydrates-carbs_by_diff>
    <carbohydrates-fiber>2.50000</carbohydrates-fiber>
    <carbohydrates-glycemicindex>0.00000</carbohydrates-glycemicindex>
    <energy-gross>333.00000</energy-gross>
    <fats-cholesterol>0.00000</fats-cholesterol>
    <fats-dha>0.00000</fats-dha>
    <fats-epa>0.00000</fats-epa>
    <fats-lauric>0.00000</fats-lauric>
    <fats-linoleic>0.10200</fats-linoleic>
    <fats-linolenic>0.09200</fats-linolenic>
    <fats-monounsaturated>0.17700</fats-monounsaturated>
    <fats-myristic>0.00400</fats-myristic>
    <fats-palmitic>0.10000</fats-palmitic>
    <fats-polyunsaturated>0.19400</fats-polyunsaturated>
    <fats-saturated>0.14600</fats-saturated>
    <fats-stearic>0.03000</fats-stearic>
    <fats-total>0.73000</fats-total>
    <minerals-calcium>38.00000</minerals-calcium>
    <minerals-copper>0.22900</minerals-copper>
    <minerals-iron>0.68000</minerals-iron>
    <minerals-magnesium>22.00000</minerals-magnesium>
    <minerals-manganese>0.00000</minerals-manganese>
    <minerals-phosphorus>36.00000</minerals-phosphorus>
    <minerals-potassium>376.00000</minerals-potassium>
    <minerals-selenium>0.40000</minerals-selenium>
    <minerals-sodium>13.00000</minerals-sodium>
    <minerals-zinc>0.25000</minerals-zinc>
    <other-alcohol>0.00000</other-alcohol>
    <other-cost>0.0</other-cost>
    <other-water>16.60000</other-water>
    <other-weight>100.00000</other-weight>
    <protein-complete>0.00000</protein-complete>
    <protein-total>1.25000</protein-total>
    <vitamins-choline>14.70000</vitamins-choline>
    <vitamins-folate>11.00000</vitamins-folate>
    <vitamins-niacin>0.86700</vitamins-niacin>
    <vitamins-pantothenic_acid>0.00000</vitamins-pantothenic_acid>
    <vitamins-riboflavin>0.10100</vitamins-riboflavin>
    <vitamins-thiamin>0.05800</vitamins-thiamin>
    <vitamins-vitamin_a>141.00000</vitamins-vitamin_a>
    <vitamins-vitamin_b12>0.00000</vitamins-vitamin_b12>
    <vitamins-vitamin_b6>0.10100</vitamins-vitamin_b6>
    <vitamins-vitamin_c>19.30000</vitamins-vitamin_c>
    <vitamins-vitamin_d>0.00000</vitamins-vitamin_d>
    <vitamins-vitamin_e>0.17000</vitamins-vitamin_e>
    <vitamins-vitamin_k>5.10000</vitamins-vitamin_k>
</food>