<food xmlns:xsi="http://www.w3.org/2001/XMLSchema-instance" xsi:noNamespaceSchemaLocation="https://xjrga.github.io/schemas/food_v2.xsd">
    <food-id>09072</food-id>
    <food-name>Cherries, sweet, canned, juice pack, solids and liquids</food-name>
    <carbohydrates-carbs_by_diff>13.81000</carbohydrates-carbs_by_diff>
    <carbohydrates-fiber>1.50000</carbohydrates-fiber>
    <carbohydrates-glycemicindex>0.00000</carbohydrates-glycemicindex>
    <energy-gross>54.00000</energy-gross>
    <fats-cholesterol>0.00000</fats-cholesterol>
    <fats-dha>0.00000</fats-dha>
    <fats-epa>0.00000</fats-epa>
    <fats-lauric>0.00000</fats-lauric>
    <fats-linoleic>0.00300</fats-linoleic>
    <fats-linolenic>0.00300</fats-linolenic>
    <fats-monounsaturated>0.00500</fats-monounsaturated>
    <fats-myristic>0.00000</fats-myristic>
    <fats-palmitic>0.00300</fats-palmitic>
    <fats-polyunsaturated>0.00600</fats-polyunsaturated>
    <fats-saturated>0.00400</fats-saturated>
    <fats-stearic>0.00100</fats-stearic>
    <fats-total>0.02000</fats-total>
    <minerals-calcium>14.00000</minerals-calcium>
    <minerals-copper>0.07300</minerals-copper>
    <minerals-iron>0.58000</minerals-iron>
    <minerals-magnesium>12.00000</minerals-magnesium>
    <minerals-manganese>0.06100</minerals-manganese>
    <minerals-phosphorus>22.00000</minerals-phosphorus>
    <minerals-potassium>131.00000</minerals-potassium>
    <minerals-selenium>0.00000</minerals-selenium>
    <minerals-sodium>3.00000</minerals-sodium>
    <minerals-zinc>0.10000</minerals-zinc>
    <other-alcohol>0.00000</other-alcohol>
    <other-cost>0.0</other-cost>
    <other-water>84.95000</other-water>
    <other-weight>100.00000</other-weight>
    <protein-complete>0.00000</protein-complete>
    <protein-total>0.91000</protein-total>
    <vitamins-choline>4.70000</vitamins-choline>
    <vitamins-folate>4.00000</vitamins-folate>
    <vitamins-niacin>0.40600</vitamins-niacin>
    <vitamins-pantothenic_acid>0.12700</vitamins-pantothenic_acid>
    <vitamins-riboflavin>0.02400</vitamins-riboflavin>
    <vitamins-thiamin>0.01800</vitamins-thiamin>
    <vitamins-vitamin_a>6.00000</vitamins-vitamin_a>
    <vitamins-vitamin_b12>0.00000</vitamins-vitamin_b12>
    <vitamins-vitamin_b6>0.03000</vitamins-vitamin_b6>
    <vitamins-vitamin_c>2.50000</vitamins-vitamin_c>
    <vitamins-vitamin_d>0.00000</vitamins-vitamin_d>
    <vitamins-vitamin_e>0.23000</vitamins-vitamin_e>
    <vitamins-vitamin_k>1.40000</vitamins-vitamin_k>
</food>