<food xmlns:xsi="http://www.w3.org/2001/XMLSchema-instance" xsi:noNamespaceSchemaLocation="https://xjrga.github.io/schemas/food_v2.xsd">
    <food-id>09011</food-id>
    <food-name>Apples, dried, sulfured, uncooked</food-name>
    <carbohydrates-carbs_by_diff>65.89000</carbohydrates-carbs_by_diff>
    <carbohydrates-fiber>8.70000</carbohydrates-fiber>
    <carbohydrates-glycemicindex>0.00000</carbohydrates-glycemicindex>
    <energy-gross>243.00000</energy-gross>
    <fats-cholesterol>0.00000</fats-cholesterol>
    <fats-dha>0.00000</fats-dha>
    <fats-epa>0.00000</fats-epa>
    <fats-lauric>0.00100</fats-lauric>
    <fats-linoleic>0.07700</fats-linoleic>
    <fats-linolenic>0.01600</fats-linolenic>
    <fats-monounsaturated>0.01300</fats-monounsaturated>
    <fats-myristic>0.00100</fats-myristic>
    <fats-palmitic>0.04000</fats-palmitic>
    <fats-polyunsaturated>0.09300</fats-polyunsaturated>
    <fats-saturated>0.05200</fats-saturated>
    <fats-stearic>0.00700</fats-stearic>
    <fats-total>0.32000</fats-total>
    <minerals-calcium>14.00000</minerals-calcium>
    <minerals-copper>0.19100</minerals-copper>
    <minerals-iron>1.40000</minerals-iron>
    <minerals-magnesium>16.00000</minerals-magnesium>
    <minerals-manganese>0.09000</minerals-manganese>
    <minerals-phosphorus>38.00000</minerals-phosphorus>
    <minerals-potassium>450.00000</minerals-potassium>
    <minerals-selenium>1.30000</minerals-selenium>
    <minerals-sodium>87.00000</minerals-sodium>
    <minerals-zinc>0.20000</minerals-zinc>
    <other-alcohol>0.00000</other-alcohol>
    <other-cost>0.0</other-cost>
    <other-water>31.76000</other-water>
    <other-weight>100.00000</other-weight>
    <protein-complete>0.00000</protein-complete>
    <protein-total>0.93000</protein-total>
    <vitamins-choline>17.60000</vitamins-choline>
    <vitamins-folate>0.00000</vitamins-folate>
    <vitamins-niacin>0.92700</vitamins-niacin>
    <vitamins-pantothenic_acid>0.24500</vitamins-pantothenic_acid>
    <vitamins-riboflavin>0.15900</vitamins-riboflavin>
    <vitamins-thiamin>0.00000</vitamins-thiamin>
    <vitamins-vitamin_a>0.00000</vitamins-vitamin_a>
    <vitamins-vitamin_b12>0.00000</vitamins-vitamin_b12>
    <vitamins-vitamin_b6>0.12500</vitamins-vitamin_b6>
    <vitamins-vitamin_c>3.90000</vitamins-vitamin_c>
    <vitamins-vitamin_d>0.00000</vitamins-vitamin_d>
    <vitamins-vitamin_e>0.53000</vitamins-vitamin_e>
    <vitamins-vitamin_k>3.00000</vitamins-vitamin_k>
</food>