<food xmlns:xsi="http://www.w3.org/2001/XMLSchema-instance" xsi:noNamespaceSchemaLocation="https://xjrga.github.io/schemas/food_v2.xsd">
    <food-id>09041</food-id>
    <food-name>Bananas, dehydrated, or banana powder</food-name>
    <carbohydrates-carbs_by_diff>88.28000</carbohydrates-carbs_by_diff>
    <carbohydrates-fiber>9.90000</carbohydrates-fiber>
    <carbohydrates-glycemicindex>0.00000</carbohydrates-glycemicindex>
    <energy-gross>346.00000</energy-gross>
    <fats-cholesterol>0.00000</fats-cholesterol>
    <fats-dha>0.00000</fats-dha>
    <fats-epa>0.00000</fats-epa>
    <fats-lauric>0.00600</fats-lauric>
    <fats-linoleic>0.21100</fats-linoleic>
    <fats-linolenic>0.12600</fats-linolenic>
    <fats-monounsaturated>0.15300</fats-monounsaturated>
    <fats-myristic>0.01000</fats-myristic>
    <fats-palmitic>0.47000</fats-palmitic>
    <fats-polyunsaturated>0.33700</fats-polyunsaturated>
    <fats-saturated>0.69800</fats-saturated>
    <fats-stearic>0.02000</fats-stearic>
    <fats-total>1.81000</fats-total>
    <minerals-calcium>22.00000</minerals-calcium>
    <minerals-copper>0.39100</minerals-copper>
    <minerals-iron>1.15000</minerals-iron>
    <minerals-magnesium>108.00000</minerals-magnesium>
    <minerals-manganese>0.57400</minerals-manganese>
    <minerals-phosphorus>74.00000</minerals-phosphorus>
    <minerals-potassium>1491.00000</minerals-potassium>
    <minerals-selenium>3.90000</minerals-selenium>
    <minerals-sodium>3.00000</minerals-sodium>
    <minerals-zinc>0.61000</minerals-zinc>
    <other-alcohol>0.00000</other-alcohol>
    <other-cost>0.0</other-cost>
    <other-water>3.00000</other-water>
    <other-weight>100.00000</other-weight>
    <protein-complete>0.00000</protein-complete>
    <protein-total>3.89000</protein-total>
    <vitamins-choline>19.60000</vitamins-choline>
    <vitamins-folate>14.00000</vitamins-folate>
    <vitamins-niacin>2.80000</vitamins-niacin>
    <vitamins-pantothenic_acid>0.00000</vitamins-pantothenic_acid>
    <vitamins-riboflavin>0.24000</vitamins-riboflavin>
    <vitamins-thiamin>0.18000</vitamins-thiamin>
    <vitamins-vitamin_a>12.00000</vitamins-vitamin_a>
    <vitamins-vitamin_b12>0.00000</vitamins-vitamin_b12>
    <vitamins-vitamin_b6>0.44000</vitamins-vitamin_b6>
    <vitamins-vitamin_c>7.00000</vitamins-vitamin_c>
    <vitamins-vitamin_d>0.00000</vitamins-vitamin_d>
    <vitamins-vitamin_e>0.39000</vitamins-vitamin_e>
    <vitamins-vitamin_k>2.00000</vitamins-vitamin_k>
</food>