<food xmlns:xsi="http://www.w3.org/2001/XMLSchema-instance" xsi:noNamespaceSchemaLocation="https://xjrga.github.io/schemas/food_v2.xsd">
    <food-id>09062</food-id>
    <food-name>Cherimoya, raw</food-name>
    <carbohydrates-carbs_by_diff>17.71000</carbohydrates-carbs_by_diff>
    <carbohydrates-fiber>3.00000</carbohydrates-fiber>
    <carbohydrates-glycemicindex>0.00000</carbohydrates-glycemicindex>
    <energy-gross>75.00000</energy-gross>
    <fats-cholesterol>0.00000</fats-cholesterol>
    <fats-dha>0.00000</fats-dha>
    <fats-epa>0.00000</fats-epa>
    <fats-lauric>0.00500</fats-lauric>
    <fats-linoleic>0.02800</fats-linoleic>
    <fats-linolenic>0.15900</fats-linolenic>
    <fats-monounsaturated>0.05500</fats-monounsaturated>
    <fats-myristic>0.01000</fats-myristic>
    <fats-palmitic>0.10000</fats-palmitic>
    <fats-polyunsaturated>0.18800</fats-polyunsaturated>
    <fats-saturated>0.23300</fats-saturated>
    <fats-stearic>0.05000</fats-stearic>
    <fats-total>0.68000</fats-total>
    <minerals-calcium>10.00000</minerals-calcium>
    <minerals-copper>0.06900</minerals-copper>
    <minerals-iron>0.27000</minerals-iron>
    <minerals-magnesium>17.00000</minerals-magnesium>
    <minerals-manganese>0.09300</minerals-manganese>
    <minerals-phosphorus>26.00000</minerals-phosphorus>
    <minerals-potassium>287.00000</minerals-potassium>
    <minerals-selenium>0.00000</minerals-selenium>
    <minerals-sodium>7.00000</minerals-sodium>
    <minerals-zinc>0.16000</minerals-zinc>
    <other-alcohol>0.00000</other-alcohol>
    <other-cost>0.0</other-cost>
    <other-water>79.39000</other-water>
    <other-weight>100.00000</other-weight>
    <protein-complete>0.00000</protein-complete>
    <protein-total>1.57000</protein-total>
    <vitamins-choline>0.00000</vitamins-choline>
    <vitamins-folate>23.00000</vitamins-folate>
    <vitamins-niacin>0.64400</vitamins-niacin>
    <vitamins-pantothenic_acid>0.34500</vitamins-pantothenic_acid>
    <vitamins-riboflavin>0.13100</vitamins-riboflavin>
    <vitamins-thiamin>0.10100</vitamins-thiamin>
    <vitamins-vitamin_a>0.00000</vitamins-vitamin_a>
    <vitamins-vitamin_b12>0.00000</vitamins-vitamin_b12>
    <vitamins-vitamin_b6>0.25700</vitamins-vitamin_b6>
    <vitamins-vitamin_c>12.60000</vitamins-vitamin_c>
    <vitamins-vitamin_d>0.00000</vitamins-vitamin_d>
    <vitamins-vitamin_e>0.27000</vitamins-vitamin_e>
    <vitamins-vitamin_k>0.00000</vitamins-vitamin_k>
</food>