<food xmlns:xsi="http://www.w3.org/2001/XMLSchema-instance" xsi:noNamespaceSchemaLocation="https://xjrga.github.io/schemas/food_v2.xsd">
    <food-id>09020</food-id>
    <food-name>Applesauce, canned, sweetened, without salt (includes USDA commodity)</food-name>
    <carbohydrates-carbs_by_diff>17.49000</carbohydrates-carbs_by_diff>
    <carbohydrates-fiber>1.20000</carbohydrates-fiber>
    <carbohydrates-glycemicindex>0.00000</carbohydrates-glycemicindex>
    <energy-gross>68.00000</energy-gross>
    <fats-cholesterol>0.00000</fats-cholesterol>
    <fats-dha>0.00000</fats-dha>
    <fats-epa>0.00000</fats-epa>
    <fats-lauric>0.00100</fats-lauric>
    <fats-linoleic>0.04500</fats-linoleic>
    <fats-linolenic>0.00900</fats-linolenic>
    <fats-monounsaturated>0.00700</fats-monounsaturated>
    <fats-myristic>0.00100</fats-myristic>
    <fats-palmitic>0.02000</fats-palmitic>
    <fats-polyunsaturated>0.05400</fats-polyunsaturated>
    <fats-saturated>0.03000</fats-saturated>
    <fats-stearic>0.00400</fats-stearic>
    <fats-total>0.17000</fats-total>
    <minerals-calcium>3.00000</minerals-calcium>
    <minerals-copper>0.03200</minerals-copper>
    <minerals-iron>0.12000</minerals-iron>
    <minerals-magnesium>3.00000</minerals-magnesium>
    <minerals-manganese>0.03000</minerals-manganese>
    <minerals-phosphorus>6.00000</minerals-phosphorus>
    <minerals-potassium>75.00000</minerals-potassium>
    <minerals-selenium>0.30000</minerals-selenium>
    <minerals-sodium>2.00000</minerals-sodium>
    <minerals-zinc>0.03000</minerals-zinc>
    <other-alcohol>0.00000</other-alcohol>
    <other-cost>0.0</other-cost>
    <other-water>81.98000</other-water>
    <other-weight>100.00000</other-weight>
    <protein-complete>0.00000</protein-complete>
    <protein-total>0.16000</protein-total>
    <vitamins-choline>3.30000</vitamins-choline>
    <vitamins-folate>1.00000</vitamins-folate>
    <vitamins-niacin>0.07200</vitamins-niacin>
    <vitamins-pantothenic_acid>0.04400</vitamins-pantothenic_acid>
    <vitamins-riboflavin>0.02200</vitamins-riboflavin>
    <vitamins-thiamin>0.01700</vitamins-thiamin>
    <vitamins-vitamin_a>0.00000</vitamins-vitamin_a>
    <vitamins-vitamin_b12>0.00000</vitamins-vitamin_b12>
    <vitamins-vitamin_b6>0.02700</vitamins-vitamin_b6>
    <vitamins-vitamin_c>1.70000</vitamins-vitamin_c>
    <vitamins-vitamin_d>0.00000</vitamins-vitamin_d>
    <vitamins-vitamin_e>0.18000</vitamins-vitamin_e>
    <vitamins-vitamin_k>0.60000</vitamins-vitamin_k>
</food>