<food xmlns:xsi="http://www.w3.org/2001/XMLSchema-instance" xsi:noNamespaceSchemaLocation="https://xjrga.github.io/schemas/food_v2.xsd">
    <food-id>09084</food-id>
    <food-name>Currants, red and white, raw</food-name>
    <carbohydrates-carbs_by_diff>13.80000</carbohydrates-carbs_by_diff>
    <carbohydrates-fiber>4.30000</carbohydrates-fiber>
    <carbohydrates-glycemicindex>0.00000</carbohydrates-glycemicindex>
    <energy-gross>56.00000</energy-gross>
    <fats-cholesterol>0.00000</fats-cholesterol>
    <fats-dha>0.00000</fats-dha>
    <fats-epa>0.00000</fats-epa>
    <fats-lauric>0.00000</fats-lauric>
    <fats-linoleic>0.05300</fats-linoleic>
    <fats-linolenic>0.03500</fats-linolenic>
    <fats-monounsaturated>0.02800</fats-monounsaturated>
    <fats-myristic>0.00000</fats-myristic>
    <fats-palmitic>0.01000</fats-palmitic>
    <fats-polyunsaturated>0.08800</fats-polyunsaturated>
    <fats-saturated>0.01700</fats-saturated>
    <fats-stearic>0.00300</fats-stearic>
    <fats-total>0.20000</fats-total>
    <minerals-calcium>33.00000</minerals-calcium>
    <minerals-copper>0.10700</minerals-copper>
    <minerals-iron>1.00000</minerals-iron>
    <minerals-magnesium>13.00000</minerals-magnesium>
    <minerals-manganese>0.18600</minerals-manganese>
    <minerals-phosphorus>44.00000</minerals-phosphorus>
    <minerals-potassium>275.00000</minerals-potassium>
    <minerals-selenium>0.60000</minerals-selenium>
    <minerals-sodium>1.00000</minerals-sodium>
    <minerals-zinc>0.23000</minerals-zinc>
    <other-alcohol>0.00000</other-alcohol>
    <other-cost>0.0</other-cost>
    <other-water>83.95000</other-water>
    <other-weight>100.00000</other-weight>
    <protein-complete>0.00000</protein-complete>
    <protein-total>1.40000</protein-total>
    <vitamins-choline>7.60000</vitamins-choline>
    <vitamins-folate>8.00000</vitamins-folate>
    <vitamins-niacin>0.10000</vitamins-niacin>
    <vitamins-pantothenic_acid>0.06400</vitamins-pantothenic_acid>
    <vitamins-riboflavin>0.05000</vitamins-riboflavin>
    <vitamins-thiamin>0.04000</vitamins-thiamin>
    <vitamins-vitamin_a>2.00000</vitamins-vitamin_a>
    <vitamins-vitamin_b12>0.00000</vitamins-vitamin_b12>
    <vitamins-vitamin_b6>0.07000</vitamins-vitamin_b6>
    <vitamins-vitamin_c>41.00000</vitamins-vitamin_c>
    <vitamins-vitamin_d>0.00000</vitamins-vitamin_d>
    <vitamins-vitamin_e>0.10000</vitamins-vitamin_e>
    <vitamins-vitamin_k>11.00000</vitamins-vitamin_k>
</food>