<food xmlns:xsi="http://www.w3.org/2001/XMLSchema-instance" xsi:noNamespaceSchemaLocation="https://xjrga.github.io/schemas/food_v2.xsd">
    <food-id>09054</food-id>
    <food-name>Blueberries, frozen, unsweetened</food-name>
    <carbohydrates-carbs_by_diff>12.17000</carbohydrates-carbs_by_diff>
    <carbohydrates-fiber>2.70000</carbohydrates-fiber>
    <carbohydrates-glycemicindex>0.00000</carbohydrates-glycemicindex>
    <energy-gross>51.00000</energy-gross>
    <fats-cholesterol>0.00000</fats-cholesterol>
    <fats-dha>0.00000</fats-dha>
    <fats-epa>0.00000</fats-epa>
    <fats-lauric>0.00000</fats-lauric>
    <fats-linoleic>0.16700</fats-linoleic>
    <fats-linolenic>0.11200</fats-linolenic>
    <fats-monounsaturated>0.09100</fats-monounsaturated>
    <fats-myristic>0.00000</fats-myristic>
    <fats-palmitic>0.03000</fats-palmitic>
    <fats-polyunsaturated>0.27900</fats-polyunsaturated>
    <fats-saturated>0.05300</fats-saturated>
    <fats-stearic>0.01000</fats-stearic>
    <fats-total>0.64000</fats-total>
    <minerals-calcium>8.00000</minerals-calcium>
    <minerals-copper>0.03300</minerals-copper>
    <minerals-iron>0.18000</minerals-iron>
    <minerals-magnesium>5.00000</minerals-magnesium>
    <minerals-manganese>0.14700</minerals-manganese>
    <minerals-phosphorus>11.00000</minerals-phosphorus>
    <minerals-potassium>54.00000</minerals-potassium>
    <minerals-selenium>0.10000</minerals-selenium>
    <minerals-sodium>1.00000</minerals-sodium>
    <minerals-zinc>0.07000</minerals-zinc>
    <other-alcohol>0.00000</other-alcohol>
    <other-cost>0.0</other-cost>
    <other-water>86.59000</other-water>
    <other-weight>100.00000</other-weight>
    <protein-complete>0.00000</protein-complete>
    <protein-total>0.42000</protein-total>
    <vitamins-choline>5.10000</vitamins-choline>
    <vitamins-folate>7.00000</vitamins-folate>
    <vitamins-niacin>0.52000</vitamins-niacin>
    <vitamins-pantothenic_acid>0.12500</vitamins-pantothenic_acid>
    <vitamins-riboflavin>0.03700</vitamins-riboflavin>
    <vitamins-thiamin>0.03200</vitamins-thiamin>
    <vitamins-vitamin_a>2.00000</vitamins-vitamin_a>
    <vitamins-vitamin_b12>0.00000</vitamins-vitamin_b12>
    <vitamins-vitamin_b6>0.05900</vitamins-vitamin_b6>
    <vitamins-vitamin_c>2.50000</vitamins-vitamin_c>
    <vitamins-vitamin_d>0.00000</vitamins-vitamin_d>
    <vitamins-vitamin_e>0.48000</vitamins-vitamin_e>
    <vitamins-vitamin_k>16.40000</vitamins-vitamin_k>
</food>