<food xmlns:xsi="http://www.w3.org/2001/XMLSchema-instance" xsi:noNamespaceSchemaLocation="https://xjrga.github.io/schemas/food_v2.xsd">
    <food-id>09032</food-id>
    <food-name>Apricots, dried, sulfured, uncooked</food-name>
    <carbohydrates-carbs_by_diff>62.64000</carbohydrates-carbs_by_diff>
    <carbohydrates-fiber>7.30000</carbohydrates-fiber>
    <carbohydrates-glycemicindex>0.00000</carbohydrates-glycemicindex>
    <energy-gross>241.00000</energy-gross>
    <fats-cholesterol>0.00000</fats-cholesterol>
    <fats-dha>0.00000</fats-dha>
    <fats-epa>0.00000</fats-epa>
    <fats-lauric>0.00000</fats-lauric>
    <fats-linoleic>0.07400</fats-linoleic>
    <fats-linolenic>0.00000</fats-linolenic>
    <fats-monounsaturated>0.07400</fats-monounsaturated>
    <fats-myristic>0.00000</fats-myristic>
    <fats-palmitic>0.01000</fats-palmitic>
    <fats-polyunsaturated>0.07400</fats-polyunsaturated>
    <fats-saturated>0.01700</fats-saturated>
    <fats-stearic>0.00000</fats-stearic>
    <fats-total>0.51000</fats-total>
    <minerals-calcium>55.00000</minerals-calcium>
    <minerals-copper>0.34300</minerals-copper>
    <minerals-iron>2.66000</minerals-iron>
    <minerals-magnesium>32.00000</minerals-magnesium>
    <minerals-manganese>0.23500</minerals-manganese>
    <minerals-phosphorus>71.00000</minerals-phosphorus>
    <minerals-potassium>1162.00000</minerals-potassium>
    <minerals-selenium>2.20000</minerals-selenium>
    <minerals-sodium>10.00000</minerals-sodium>
    <minerals-zinc>0.39000</minerals-zinc>
    <other-alcohol>0.00000</other-alcohol>
    <other-cost>0.0</other-cost>
    <other-water>30.89000</other-water>
    <other-weight>100.00000</other-weight>
    <protein-complete>0.00000</protein-complete>
    <protein-total>3.39000</protein-total>
    <vitamins-choline>13.90000</vitamins-choline>
    <vitamins-folate>10.00000</vitamins-folate>
    <vitamins-niacin>2.58900</vitamins-niacin>
    <vitamins-pantothenic_acid>0.51600</vitamins-pantothenic_acid>
    <vitamins-riboflavin>0.07400</vitamins-riboflavin>
    <vitamins-thiamin>0.01500</vitamins-thiamin>
    <vitamins-vitamin_a>180.00000</vitamins-vitamin_a>
    <vitamins-vitamin_b12>0.00000</vitamins-vitamin_b12>
    <vitamins-vitamin_b6>0.14300</vitamins-vitamin_b6>
    <vitamins-vitamin_c>1.00000</vitamins-vitamin_c>
    <vitamins-vitamin_d>0.00000</vitamins-vitamin_d>
    <vitamins-vitamin_e>4.33000</vitamins-vitamin_e>
    <vitamins-vitamin_k>3.10000</vitamins-vitamin_k>
</food>