<food xmlns:xsi="http://www.w3.org/2001/XMLSchema-instance" xsi:noNamespaceSchemaLocation="https://xjrga.github.io/schemas/food_v2.xsd">
    <food-id>09052</food-id>
    <food-name>Blueberries, canned, heavy syrup, solids and liquids</food-name>
    <carbohydrates-carbs_by_diff>22.06000</carbohydrates-carbs_by_diff>
    <carbohydrates-fiber>1.60000</carbohydrates-fiber>
    <carbohydrates-glycemicindex>0.00000</carbohydrates-glycemicindex>
    <energy-gross>88.00000</energy-gross>
    <fats-cholesterol>0.00000</fats-cholesterol>
    <fats-dha>0.00000</fats-dha>
    <fats-epa>0.00000</fats-epa>
    <fats-lauric>0.00000</fats-lauric>
    <fats-linoleic>0.08600</fats-linoleic>
    <fats-linolenic>0.05800</fats-linolenic>
    <fats-monounsaturated>0.04700</fats-monounsaturated>
    <fats-myristic>0.00000</fats-myristic>
    <fats-palmitic>0.01000</fats-palmitic>
    <fats-polyunsaturated>0.14400</fats-polyunsaturated>
    <fats-saturated>0.02700</fats-saturated>
    <fats-stearic>0.00600</fats-stearic>
    <fats-total>0.33000</fats-total>
    <minerals-calcium>5.00000</minerals-calcium>
    <minerals-copper>0.05300</minerals-copper>
    <minerals-iron>0.33000</minerals-iron>
    <minerals-magnesium>4.00000</minerals-magnesium>
    <minerals-manganese>0.20300</minerals-manganese>
    <minerals-phosphorus>10.00000</minerals-phosphorus>
    <minerals-potassium>40.00000</minerals-potassium>
    <minerals-selenium>0.10000</minerals-selenium>
    <minerals-sodium>3.00000</minerals-sodium>
    <minerals-zinc>0.07000</minerals-zinc>
    <other-alcohol>0.00000</other-alcohol>
    <other-cost>0.0</other-cost>
    <other-water>76.78000</other-water>
    <other-weight>100.00000</other-weight>
    <protein-complete>0.00000</protein-complete>
    <protein-total>0.65000</protein-total>
    <vitamins-choline>4.00000</vitamins-choline>
    <vitamins-folate>2.00000</vitamins-folate>
    <vitamins-niacin>0.11300</vitamins-niacin>
    <vitamins-pantothenic_acid>0.08900</vitamins-pantothenic_acid>
    <vitamins-riboflavin>0.05300</vitamins-riboflavin>
    <vitamins-thiamin>0.03400</vitamins-thiamin>
    <vitamins-vitamin_a>2.00000</vitamins-vitamin_a>
    <vitamins-vitamin_b12>0.00000</vitamins-vitamin_b12>
    <vitamins-vitamin_b6>0.03600</vitamins-vitamin_b6>
    <vitamins-vitamin_c>1.10000</vitamins-vitamin_c>
    <vitamins-vitamin_d>0.00000</vitamins-vitamin_d>
    <vitamins-vitamin_e>0.38000</vitamins-vitamin_e>
    <vitamins-vitamin_k>6.40000</vitamins-vitamin_k>
</food>