<food xmlns:xsi="http://www.w3.org/2001/XMLSchema-instance" xsi:noNamespaceSchemaLocation="https://xjrga.github.io/schemas/food_v2.xsd">
    <food-id>09056</food-id>
    <food-name>Boysenberries, canned, heavy syrup</food-name>
    <carbohydrates-carbs_by_diff>22.31000</carbohydrates-carbs_by_diff>
    <carbohydrates-fiber>2.60000</carbohydrates-fiber>
    <carbohydrates-glycemicindex>0.00000</carbohydrates-glycemicindex>
    <energy-gross>88.00000</energy-gross>
    <fats-cholesterol>0.00000</fats-cholesterol>
    <fats-dha>0.00000</fats-dha>
    <fats-epa>0.00000</fats-epa>
    <fats-lauric>0.00000</fats-lauric>
    <fats-linoleic>0.04500</fats-linoleic>
    <fats-linolenic>0.02300</fats-linolenic>
    <fats-monounsaturated>0.01200</fats-monounsaturated>
    <fats-myristic>0.00000</fats-myristic>
    <fats-palmitic>0.00300</fats-palmitic>
    <fats-polyunsaturated>0.06800</fats-polyunsaturated>
    <fats-saturated>0.00400</fats-saturated>
    <fats-stearic>0.00100</fats-stearic>
    <fats-total>0.12000</fats-total>
    <minerals-calcium>18.00000</minerals-calcium>
    <minerals-copper>0.07000</minerals-copper>
    <minerals-iron>0.43000</minerals-iron>
    <minerals-magnesium>11.00000</minerals-magnesium>
    <minerals-manganese>0.25000</minerals-manganese>
    <minerals-phosphorus>10.00000</minerals-phosphorus>
    <minerals-potassium>90.00000</minerals-potassium>
    <minerals-selenium>0.40000</minerals-selenium>
    <minerals-sodium>3.00000</minerals-sodium>
    <minerals-zinc>0.19000</minerals-zinc>
    <other-alcohol>0.00000</other-alcohol>
    <other-cost>0.0</other-cost>
    <other-water>76.26000</other-water>
    <other-weight>100.00000</other-weight>
    <protein-complete>0.00000</protein-complete>
    <protein-total>0.99000</protein-total>
    <vitamins-choline>0.00000</vitamins-choline>
    <vitamins-folate>34.00000</vitamins-folate>
    <vitamins-niacin>0.23000</vitamins-niacin>
    <vitamins-pantothenic_acid>0.13100</vitamins-pantothenic_acid>
    <vitamins-riboflavin>0.02900</vitamins-riboflavin>
    <vitamins-thiamin>0.02600</vitamins-thiamin>
    <vitamins-vitamin_a>2.00000</vitamins-vitamin_a>
    <vitamins-vitamin_b12>0.00000</vitamins-vitamin_b12>
    <vitamins-vitamin_b6>0.03800</vitamins-vitamin_b6>
    <vitamins-vitamin_c>6.20000</vitamins-vitamin_c>
    <vitamins-vitamin_d>0.00000</vitamins-vitamin_d>
    <vitamins-vitamin_e>0.00000</vitamins-vitamin_e>
    <vitamins-vitamin_k>0.00000</vitamins-vitamin_k>
</food>