<food xmlns:xsi="http://www.w3.org/2001/XMLSchema-instance" xsi:noNamespaceSchemaLocation="https://xjrga.github.io/schemas/food_v2.xsd">
    <food-id>09030</food-id>
    <food-name>Apricots, dehydrated (low-moisture), sulfured, uncooked</food-name>
    <carbohydrates-carbs_by_diff>82.89000</carbohydrates-carbs_by_diff>
    <carbohydrates-fiber>0.00000</carbohydrates-fiber>
    <carbohydrates-glycemicindex>0.00000</carbohydrates-glycemicindex>
    <energy-gross>320.00000</energy-gross>
    <fats-cholesterol>0.00000</fats-cholesterol>
    <fats-dha>0.00000</fats-dha>
    <fats-epa>0.00000</fats-epa>
    <fats-lauric>0.00000</fats-lauric>
    <fats-linoleic>0.12100</fats-linoleic>
    <fats-linolenic>0.00000</fats-linolenic>
    <fats-monounsaturated>0.26800</fats-monounsaturated>
    <fats-myristic>0.00000</fats-myristic>
    <fats-palmitic>0.03000</fats-palmitic>
    <fats-polyunsaturated>0.12100</fats-polyunsaturated>
    <fats-saturated>0.04300</fats-saturated>
    <fats-stearic>0.00500</fats-stearic>
    <fats-total>0.62000</fats-total>
    <minerals-calcium>61.00000</minerals-calcium>
    <minerals-copper>0.57600</minerals-copper>
    <minerals-iron>6.31000</minerals-iron>
    <minerals-magnesium>63.00000</minerals-magnesium>
    <minerals-manganese>0.36900</minerals-manganese>
    <minerals-phosphorus>157.00000</minerals-phosphorus>
    <minerals-potassium>1850.00000</minerals-potassium>
    <minerals-selenium>0.00000</minerals-selenium>
    <minerals-sodium>13.00000</minerals-sodium>
    <minerals-zinc>1.00000</minerals-zinc>
    <other-alcohol>0.00000</other-alcohol>
    <other-cost>0.0</other-cost>
    <other-water>7.50000</other-water>
    <other-weight>100.00000</other-weight>
    <protein-complete>0.00000</protein-complete>
    <protein-total>4.90000</protein-total>
    <vitamins-choline>0.00000</vitamins-choline>
    <vitamins-folate>4.00000</vitamins-folate>
    <vitamins-niacin>3.58000</vitamins-niacin>
    <vitamins-pantothenic_acid>1.06700</vitamins-pantothenic_acid>
    <vitamins-riboflavin>0.14800</vitamins-riboflavin>
    <vitamins-thiamin>0.04300</vitamins-thiamin>
    <vitamins-vitamin_a>633.00000</vitamins-vitamin_a>
    <vitamins-vitamin_b12>0.00000</vitamins-vitamin_b12>
    <vitamins-vitamin_b6>0.52000</vitamins-vitamin_b6>
    <vitamins-vitamin_c>9.50000</vitamins-vitamin_c>
    <vitamins-vitamin_d>0.00000</vitamins-vitamin_d>
    <vitamins-vitamin_e>0.00000</vitamins-vitamin_e>
    <vitamins-vitamin_k>0.00000</vitamins-vitamin_k>
</food>