<food xmlns:xsi="http://www.w3.org/2001/XMLSchema-instance" xsi:noNamespaceSchemaLocation="https://xjrga.github.io/schemas/food_v2.xsd">
    <food-id>09085</food-id>
    <food-name>Currants, zante, dried</food-name>
    <carbohydrates-carbs_by_diff>74.08000</carbohydrates-carbs_by_diff>
    <carbohydrates-fiber>6.80000</carbohydrates-fiber>
    <carbohydrates-glycemicindex>0.00000</carbohydrates-glycemicindex>
    <energy-gross>283.00000</energy-gross>
    <fats-cholesterol>0.00000</fats-cholesterol>
    <fats-dha>0.00000</fats-dha>
    <fats-epa>0.00000</fats-epa>
    <fats-lauric>0.00000</fats-lauric>
    <fats-linoleic>0.18000</fats-linoleic>
    <fats-linolenic>0.00000</fats-linolenic>
    <fats-monounsaturated>0.04700</fats-monounsaturated>
    <fats-myristic>0.00000</fats-myristic>
    <fats-palmitic>0.01000</fats-palmitic>
    <fats-polyunsaturated>0.18000</fats-polyunsaturated>
    <fats-saturated>0.02800</fats-saturated>
    <fats-stearic>0.00900</fats-stearic>
    <fats-total>0.27000</fats-total>
    <minerals-calcium>86.00000</minerals-calcium>
    <minerals-copper>0.46800</minerals-copper>
    <minerals-iron>3.26000</minerals-iron>
    <minerals-magnesium>41.00000</minerals-magnesium>
    <minerals-manganese>0.46900</minerals-manganese>
    <minerals-phosphorus>125.00000</minerals-phosphorus>
    <minerals-potassium>892.00000</minerals-potassium>
    <minerals-selenium>0.70000</minerals-selenium>
    <minerals-sodium>8.00000</minerals-sodium>
    <minerals-zinc>0.66000</minerals-zinc>
    <other-alcohol>0.00000</other-alcohol>
    <other-cost>0.0</other-cost>
    <other-water>19.21000</other-water>
    <other-weight>100.00000</other-weight>
    <protein-complete>0.00000</protein-complete>
    <protein-total>4.08000</protein-total>
    <vitamins-choline>10.60000</vitamins-choline>
    <vitamins-folate>10.00000</vitamins-folate>
    <vitamins-niacin>1.61500</vitamins-niacin>
    <vitamins-pantothenic_acid>0.04500</vitamins-pantothenic_acid>
    <vitamins-riboflavin>0.14200</vitamins-riboflavin>
    <vitamins-thiamin>0.16000</vitamins-thiamin>
    <vitamins-vitamin_a>4.00000</vitamins-vitamin_a>
    <vitamins-vitamin_b12>0.00000</vitamins-vitamin_b12>
    <vitamins-vitamin_b6>0.29600</vitamins-vitamin_b6>
    <vitamins-vitamin_c>4.70000</vitamins-vitamin_c>
    <vitamins-vitamin_d>0.00000</vitamins-vitamin_d>
    <vitamins-vitamin_e>0.11000</vitamins-vitamin_e>
    <vitamins-vitamin_k>3.30000</vitamins-vitamin_k>
</food>