<food xmlns:xsi="http://www.w3.org/2001/XMLSchema-instance" xsi:noNamespaceSchemaLocation="https://xjrga.github.io/schemas/food_v2.xsd">
    <food-id>09036</food-id>
    <food-name>Apricot nectar, canned, without added ascorbic acid</food-name>
    <carbohydrates-carbs_by_diff>14.39000</carbohydrates-carbs_by_diff>
    <carbohydrates-fiber>0.60000</carbohydrates-fiber>
    <carbohydrates-glycemicindex>0.00000</carbohydrates-glycemicindex>
    <energy-gross>56.00000</energy-gross>
    <fats-cholesterol>0.00000</fats-cholesterol>
    <fats-dha>0.00000</fats-dha>
    <fats-epa>0.00000</fats-epa>
    <fats-lauric>0.00000</fats-lauric>
    <fats-linoleic>0.01700</fats-linoleic>
    <fats-linolenic>0.00000</fats-linolenic>
    <fats-monounsaturated>0.03800</fats-monounsaturated>
    <fats-myristic>0.00000</fats-myristic>
    <fats-palmitic>0.00500</fats-palmitic>
    <fats-polyunsaturated>0.01700</fats-polyunsaturated>
    <fats-saturated>0.00600</fats-saturated>
    <fats-stearic>0.00100</fats-stearic>
    <fats-total>0.09000</fats-total>
    <minerals-calcium>7.00000</minerals-calcium>
    <minerals-copper>0.07300</minerals-copper>
    <minerals-iron>0.38000</minerals-iron>
    <minerals-magnesium>5.00000</minerals-magnesium>
    <minerals-manganese>0.03200</minerals-manganese>
    <minerals-phosphorus>9.00000</minerals-phosphorus>
    <minerals-potassium>114.00000</minerals-potassium>
    <minerals-selenium>0.00000</minerals-selenium>
    <minerals-sodium>3.00000</minerals-sodium>
    <minerals-zinc>0.09000</minerals-zinc>
    <other-alcohol>0.00000</other-alcohol>
    <other-cost>0.0</other-cost>
    <other-water>84.87000</other-water>
    <other-weight>100.00000</other-weight>
    <protein-complete>0.00000</protein-complete>
    <protein-total>0.37000</protein-total>
    <vitamins-choline>1.00000</vitamins-choline>
    <vitamins-folate>1.00000</vitamins-folate>
    <vitamins-niacin>0.26000</vitamins-niacin>
    <vitamins-pantothenic_acid>0.09600</vitamins-pantothenic_acid>
    <vitamins-riboflavin>0.01400</vitamins-riboflavin>
    <vitamins-thiamin>0.00900</vitamins-thiamin>
    <vitamins-vitamin_a>66.00000</vitamins-vitamin_a>
    <vitamins-vitamin_b12>0.00000</vitamins-vitamin_b12>
    <vitamins-vitamin_b6>0.02200</vitamins-vitamin_b6>
    <vitamins-vitamin_c>0.60000</vitamins-vitamin_c>
    <vitamins-vitamin_d>0.00000</vitamins-vitamin_d>
    <vitamins-vitamin_e>0.31000</vitamins-vitamin_e>
    <vitamins-vitamin_k>1.20000</vitamins-vitamin_k>
</food>