<food xmlns:xsi="http://www.w3.org/2001/XMLSchema-instance" xsi:noNamespaceSchemaLocation="https://xjrga.github.io/schemas/food_v2.xsd">
    <food-id>09008</food-id>
    <food-name>Apples, canned, sweetened, sliced, drained, heated</food-name>
    <carbohydrates-carbs_by_diff>16.84000</carbohydrates-carbs_by_diff>
    <carbohydrates-fiber>2.00000</carbohydrates-fiber>
    <carbohydrates-glycemicindex>0.00000</carbohydrates-glycemicindex>
    <energy-gross>67.00000</energy-gross>
    <fats-cholesterol>0.00000</fats-cholesterol>
    <fats-dha>0.00000</fats-dha>
    <fats-epa>0.00000</fats-epa>
    <fats-lauric>0.00100</fats-lauric>
    <fats-linoleic>0.10400</fats-linoleic>
    <fats-linolenic>0.02200</fats-linolenic>
    <fats-monounsaturated>0.01700</fats-monounsaturated>
    <fats-myristic>0.00200</fats-myristic>
    <fats-palmitic>0.05000</fats-palmitic>
    <fats-polyunsaturated>0.12600</fats-polyunsaturated>
    <fats-saturated>0.07000</fats-saturated>
    <fats-stearic>0.00900</fats-stearic>
    <fats-total>0.43000</fats-total>
    <minerals-calcium>4.00000</minerals-calcium>
    <minerals-copper>0.05100</minerals-copper>
    <minerals-iron>0.24000</minerals-iron>
    <minerals-magnesium>3.00000</minerals-magnesium>
    <minerals-manganese>0.16500</minerals-manganese>
    <minerals-phosphorus>6.00000</minerals-phosphorus>
    <minerals-potassium>70.00000</minerals-potassium>
    <minerals-selenium>0.30000</minerals-selenium>
    <minerals-sodium>3.00000</minerals-sodium>
    <minerals-zinc>0.05000</minerals-zinc>
    <other-alcohol>0.00000</other-alcohol>
    <other-cost>0.0</other-cost>
    <other-water>82.28000</other-water>
    <other-weight>100.00000</other-weight>
    <protein-complete>0.00000</protein-complete>
    <protein-total>0.18000</protein-total>
    <vitamins-choline>3.20000</vitamins-choline>
    <vitamins-folate>0.00000</vitamins-folate>
    <vitamins-niacin>0.08100</vitamins-niacin>
    <vitamins-pantothenic_acid>0.03200</vitamins-pantothenic_acid>
    <vitamins-riboflavin>0.01000</vitamins-riboflavin>
    <vitamins-thiamin>0.00900</vitamins-thiamin>
    <vitamins-vitamin_a>3.00000</vitamins-vitamin_a>
    <vitamins-vitamin_b12>0.00000</vitamins-vitamin_b12>
    <vitamins-vitamin_b6>0.04400</vitamins-vitamin_b6>
    <vitamins-vitamin_c>0.20000</vitamins-vitamin_c>
    <vitamins-vitamin_d>0.00000</vitamins-vitamin_d>
    <vitamins-vitamin_e>0.21000</vitamins-vitamin_e>
    <vitamins-vitamin_k>0.60000</vitamins-vitamin_k>
</food>