<food xmlns:xsi="http://www.w3.org/2001/XMLSchema-instance" xsi:noNamespaceSchemaLocation="https://xjrga.github.io/schemas/food_v2.xsd">
    <food-id>09070</food-id>
    <food-name>Cherries, sweet, raw</food-name>
    <carbohydrates-carbs_by_diff>16.01000</carbohydrates-carbs_by_diff>
    <carbohydrates-fiber>2.10000</carbohydrates-fiber>
    <carbohydrates-glycemicindex>0.00000</carbohydrates-glycemicindex>
    <energy-gross>63.00000</energy-gross>
    <fats-cholesterol>0.00000</fats-cholesterol>
    <fats-dha>0.00000</fats-dha>
    <fats-epa>0.00000</fats-epa>
    <fats-lauric>0.00000</fats-lauric>
    <fats-linoleic>0.02700</fats-linoleic>
    <fats-linolenic>0.02600</fats-linolenic>
    <fats-monounsaturated>0.04700</fats-monounsaturated>
    <fats-myristic>0.00100</fats-myristic>
    <fats-palmitic>0.02000</fats-palmitic>
    <fats-polyunsaturated>0.05200</fats-polyunsaturated>
    <fats-saturated>0.03800</fats-saturated>
    <fats-stearic>0.00900</fats-stearic>
    <fats-total>0.20000</fats-total>
    <minerals-calcium>13.00000</minerals-calcium>
    <minerals-copper>0.06000</minerals-copper>
    <minerals-iron>0.36000</minerals-iron>
    <minerals-magnesium>11.00000</minerals-magnesium>
    <minerals-manganese>0.07000</minerals-manganese>
    <minerals-phosphorus>21.00000</minerals-phosphorus>
    <minerals-potassium>222.00000</minerals-potassium>
    <minerals-selenium>0.00000</minerals-selenium>
    <minerals-sodium>0.00000</minerals-sodium>
    <minerals-zinc>0.07000</minerals-zinc>
    <other-alcohol>0.00000</other-alcohol>
    <other-cost>0.0</other-cost>
    <other-water>82.25000</other-water>
    <other-weight>100.00000</other-weight>
    <protein-complete>0.00000</protein-complete>
    <protein-total>1.06000</protein-total>
    <vitamins-choline>6.10000</vitamins-choline>
    <vitamins-folate>4.00000</vitamins-folate>
    <vitamins-niacin>0.15400</vitamins-niacin>
    <vitamins-pantothenic_acid>0.19900</vitamins-pantothenic_acid>
    <vitamins-riboflavin>0.03300</vitamins-riboflavin>
    <vitamins-thiamin>0.02700</vitamins-thiamin>
    <vitamins-vitamin_a>3.00000</vitamins-vitamin_a>
    <vitamins-vitamin_b12>0.00000</vitamins-vitamin_b12>
    <vitamins-vitamin_b6>0.04900</vitamins-vitamin_b6>
    <vitamins-vitamin_c>7.00000</vitamins-vitamin_c>
    <vitamins-vitamin_d>0.00000</vitamins-vitamin_d>
    <vitamins-vitamin_e>0.07000</vitamins-vitamin_e>
    <vitamins-vitamin_k>2.10000</vitamins-vitamin_k>
</food>