<food xmlns:xsi="http://www.w3.org/2001/XMLSchema-instance" xsi:noNamespaceSchemaLocation="https://xjrga.github.io/schemas/food_v2.xsd">
    <food-id>09094</food-id>
    <food-name>Figs, dried, uncooked</food-name>
    <carbohydrates-carbs_by_diff>63.87000</carbohydrates-carbs_by_diff>
    <carbohydrates-fiber>9.80000</carbohydrates-fiber>
    <carbohydrates-glycemicindex>0.00000</carbohydrates-glycemicindex>
    <energy-gross>249.00000</energy-gross>
    <fats-cholesterol>0.00000</fats-cholesterol>
    <fats-dha>0.00000</fats-dha>
    <fats-epa>0.00000</fats-epa>
    <fats-lauric>0.00000</fats-lauric>
    <fats-linoleic>0.34500</fats-linoleic>
    <fats-linolenic>0.00000</fats-linolenic>
    <fats-monounsaturated>0.15900</fats-monounsaturated>
    <fats-myristic>0.00600</fats-myristic>
    <fats-palmitic>0.11000</fats-palmitic>
    <fats-polyunsaturated>0.34500</fats-polyunsaturated>
    <fats-saturated>0.14400</fats-saturated>
    <fats-stearic>0.02000</fats-stearic>
    <fats-total>0.93000</fats-total>
    <minerals-calcium>162.00000</minerals-calcium>
    <minerals-copper>0.28700</minerals-copper>
    <minerals-iron>2.03000</minerals-iron>
    <minerals-magnesium>68.00000</minerals-magnesium>
    <minerals-manganese>0.51000</minerals-manganese>
    <minerals-phosphorus>67.00000</minerals-phosphorus>
    <minerals-potassium>680.00000</minerals-potassium>
    <minerals-selenium>0.60000</minerals-selenium>
    <minerals-sodium>10.00000</minerals-sodium>
    <minerals-zinc>0.55000</minerals-zinc>
    <other-alcohol>0.00000</other-alcohol>
    <other-cost>0.0</other-cost>
    <other-water>30.05000</other-water>
    <other-weight>100.00000</other-weight>
    <protein-complete>0.00000</protein-complete>
    <protein-total>3.30000</protein-total>
    <vitamins-choline>15.80000</vitamins-choline>
    <vitamins-folate>9.00000</vitamins-folate>
    <vitamins-niacin>0.61900</vitamins-niacin>
    <vitamins-pantothenic_acid>0.43400</vitamins-pantothenic_acid>
    <vitamins-riboflavin>0.08200</vitamins-riboflavin>
    <vitamins-thiamin>0.08500</vitamins-thiamin>
    <vitamins-vitamin_a>0.00000</vitamins-vitamin_a>
    <vitamins-vitamin_b12>0.00000</vitamins-vitamin_b12>
    <vitamins-vitamin_b6>0.10600</vitamins-vitamin_b6>
    <vitamins-vitamin_c>1.20000</vitamins-vitamin_c>
    <vitamins-vitamin_d>0.00000</vitamins-vitamin_d>
    <vitamins-vitamin_e>0.35000</vitamins-vitamin_e>
    <vitamins-vitamin_k>15.60000</vitamins-vitamin_k>
</food>