<food xmlns:xsi="http://www.w3.org/2001/XMLSchema-instance" xsi:noNamespaceSchemaLocation="https://xjrga.github.io/schemas/food_v2.xsd">
    <food-id>09050</food-id>
    <food-name>Blueberries, raw</food-name>
    <carbohydrates-carbs_by_diff>14.49000</carbohydrates-carbs_by_diff>
    <carbohydrates-fiber>2.40000</carbohydrates-fiber>
    <carbohydrates-glycemicindex>0.00000</carbohydrates-glycemicindex>
    <energy-gross>57.00000</energy-gross>
    <fats-cholesterol>0.00000</fats-cholesterol>
    <fats-dha>0.00000</fats-dha>
    <fats-epa>0.00000</fats-epa>
    <fats-lauric>0.00000</fats-lauric>
    <fats-linoleic>0.08800</fats-linoleic>
    <fats-linolenic>0.05800</fats-linolenic>
    <fats-monounsaturated>0.04700</fats-monounsaturated>
    <fats-myristic>0.00000</fats-myristic>
    <fats-palmitic>0.01000</fats-palmitic>
    <fats-polyunsaturated>0.14600</fats-polyunsaturated>
    <fats-saturated>0.02800</fats-saturated>
    <fats-stearic>0.00500</fats-stearic>
    <fats-total>0.33000</fats-total>
    <minerals-calcium>6.00000</minerals-calcium>
    <minerals-copper>0.05700</minerals-copper>
    <minerals-iron>0.28000</minerals-iron>
    <minerals-magnesium>6.00000</minerals-magnesium>
    <minerals-manganese>0.33600</minerals-manganese>
    <minerals-phosphorus>12.00000</minerals-phosphorus>
    <minerals-potassium>77.00000</minerals-potassium>
    <minerals-selenium>0.10000</minerals-selenium>
    <minerals-sodium>1.00000</minerals-sodium>
    <minerals-zinc>0.16000</minerals-zinc>
    <other-alcohol>0.00000</other-alcohol>
    <other-cost>0.0</other-cost>
    <other-water>84.21000</other-water>
    <other-weight>100.00000</other-weight>
    <protein-complete>0.00000</protein-complete>
    <protein-total>0.74000</protein-total>
    <vitamins-choline>6.00000</vitamins-choline>
    <vitamins-folate>6.00000</vitamins-folate>
    <vitamins-niacin>0.41800</vitamins-niacin>
    <vitamins-pantothenic_acid>0.12400</vitamins-pantothenic_acid>
    <vitamins-riboflavin>0.04100</vitamins-riboflavin>
    <vitamins-thiamin>0.03700</vitamins-thiamin>
    <vitamins-vitamin_a>3.00000</vitamins-vitamin_a>
    <vitamins-vitamin_b12>0.00000</vitamins-vitamin_b12>
    <vitamins-vitamin_b6>0.05200</vitamins-vitamin_b6>
    <vitamins-vitamin_c>9.70000</vitamins-vitamin_c>
    <vitamins-vitamin_d>0.00000</vitamins-vitamin_d>
    <vitamins-vitamin_e>0.57000</vitamins-vitamin_e>
    <vitamins-vitamin_k>19.30000</vitamins-vitamin_k>
</food>