<food xmlns:xsi="http://www.w3.org/2001/XMLSchema-instance" xsi:noNamespaceSchemaLocation="https://xjrga.github.io/schemas/food_v2.xsd">
    <food-id>09059</food-id>
    <food-name>Breadfruit, raw</food-name>
    <carbohydrates-carbs_by_diff>27.12000</carbohydrates-carbs_by_diff>
    <carbohydrates-fiber>4.90000</carbohydrates-fiber>
    <carbohydrates-glycemicindex>0.00000</carbohydrates-glycemicindex>
    <energy-gross>103.00000</energy-gross>
    <fats-cholesterol>0.00000</fats-cholesterol>
    <fats-dha>0.00000</fats-dha>
    <fats-epa>0.00000</fats-epa>
    <fats-lauric>0.00000</fats-lauric>
    <fats-linoleic>0.04800</fats-linoleic>
    <fats-linolenic>0.01800</fats-linolenic>
    <fats-monounsaturated>0.03400</fats-monounsaturated>
    <fats-myristic>0.00000</fats-myristic>
    <fats-palmitic>0.03000</fats-palmitic>
    <fats-polyunsaturated>0.06600</fats-polyunsaturated>
    <fats-saturated>0.04800</fats-saturated>
    <fats-stearic>0.01000</fats-stearic>
    <fats-total>0.23000</fats-total>
    <minerals-calcium>17.00000</minerals-calcium>
    <minerals-copper>0.08400</minerals-copper>
    <minerals-iron>0.54000</minerals-iron>
    <minerals-magnesium>25.00000</minerals-magnesium>
    <minerals-manganese>0.06000</minerals-manganese>
    <minerals-phosphorus>30.00000</minerals-phosphorus>
    <minerals-potassium>490.00000</minerals-potassium>
    <minerals-selenium>0.60000</minerals-selenium>
    <minerals-sodium>2.00000</minerals-sodium>
    <minerals-zinc>0.12000</minerals-zinc>
    <other-alcohol>0.00000</other-alcohol>
    <other-cost>0.0</other-cost>
    <other-water>70.65000</other-water>
    <other-weight>100.00000</other-weight>
    <protein-complete>0.00000</protein-complete>
    <protein-total>1.07000</protein-total>
    <vitamins-choline>9.80000</vitamins-choline>
    <vitamins-folate>14.00000</vitamins-folate>
    <vitamins-niacin>0.90000</vitamins-niacin>
    <vitamins-pantothenic_acid>0.45700</vitamins-pantothenic_acid>
    <vitamins-riboflavin>0.03000</vitamins-riboflavin>
    <vitamins-thiamin>0.11000</vitamins-thiamin>
    <vitamins-vitamin_a>0.00000</vitamins-vitamin_a>
    <vitamins-vitamin_b12>0.00000</vitamins-vitamin_b12>
    <vitamins-vitamin_b6>0.10000</vitamins-vitamin_b6>
    <vitamins-vitamin_c>29.00000</vitamins-vitamin_c>
    <vitamins-vitamin_d>0.00000</vitamins-vitamin_d>
    <vitamins-vitamin_e>0.10000</vitamins-vitamin_e>
    <vitamins-vitamin_k>0.50000</vitamins-vitamin_k>
</food>