<food xmlns:xsi="http://www.w3.org/2001/XMLSchema-instance" xsi:noNamespaceSchemaLocation="https://xjrga.github.io/schemas/food_v2.xsd">
    <food-id>09009</food-id>
    <food-name>Apples, dehydrated (low moisture), sulfured, uncooked</food-name>
    <carbohydrates-carbs_by_diff>93.53000</carbohydrates-carbs_by_diff>
    <carbohydrates-fiber>12.40000</carbohydrates-fiber>
    <carbohydrates-glycemicindex>0.00000</carbohydrates-glycemicindex>
    <energy-gross>346.00000</energy-gross>
    <fats-cholesterol>0.00000</fats-cholesterol>
    <fats-dha>0.00000</fats-dha>
    <fats-epa>0.00000</fats-epa>
    <fats-lauric>0.00200</fats-lauric>
    <fats-linoleic>0.14100</fats-linoleic>
    <fats-linolenic>0.03000</fats-linolenic>
    <fats-monounsaturated>0.02400</fats-monounsaturated>
    <fats-myristic>0.00300</fats-myristic>
    <fats-palmitic>0.07000</fats-palmitic>
    <fats-polyunsaturated>0.17100</fats-polyunsaturated>
    <fats-saturated>0.09500</fats-saturated>
    <fats-stearic>0.01000</fats-stearic>
    <fats-total>0.58000</fats-total>
    <minerals-calcium>19.00000</minerals-calcium>
    <minerals-copper>0.27100</minerals-copper>
    <minerals-iron>2.00000</minerals-iron>
    <minerals-magnesium>22.00000</minerals-magnesium>
    <minerals-manganese>0.12800</minerals-manganese>
    <minerals-phosphorus>55.00000</minerals-phosphorus>
    <minerals-potassium>640.00000</minerals-potassium>
    <minerals-selenium>1.80000</minerals-selenium>
    <minerals-sodium>124.00000</minerals-sodium>
    <minerals-zinc>0.29000</minerals-zinc>
    <other-alcohol>0.00000</other-alcohol>
    <other-cost>0.0</other-cost>
    <other-water>3.00000</other-water>
    <other-weight>100.00000</other-weight>
    <protein-complete>0.00000</protein-complete>
    <protein-total>1.32000</protein-total>
    <vitamins-choline>23.10000</vitamins-choline>
    <vitamins-folate>1.00000</vitamins-folate>
    <vitamins-niacin>0.68000</vitamins-niacin>
    <vitamins-pantothenic_acid>0.43200</vitamins-pantothenic_acid>
    <vitamins-riboflavin>0.13000</vitamins-riboflavin>
    <vitamins-thiamin>0.04600</vitamins-thiamin>
    <vitamins-vitamin_a>4.00000</vitamins-vitamin_a>
    <vitamins-vitamin_b12>0.00000</vitamins-vitamin_b12>
    <vitamins-vitamin_b6>0.28000</vitamins-vitamin_b6>
    <vitamins-vitamin_c>2.20000</vitamins-vitamin_c>
    <vitamins-vitamin_d>0.00000</vitamins-vitamin_d>
    <vitamins-vitamin_e>0.75000</vitamins-vitamin_e>
    <vitamins-vitamin_k>4.30000</vitamins-vitamin_k>
</food>