<food xmlns:xsi="http://www.w3.org/2001/XMLSchema-instance" xsi:noNamespaceSchemaLocation="https://xjrga.github.io/schemas/food_v2.xsd">
    <food-id>09024</food-id>
    <food-name>Apricots, canned, juice pack, with skin, solids and liquids</food-name>
    <carbohydrates-carbs_by_diff>12.34000</carbohydrates-carbs_by_diff>
    <carbohydrates-fiber>1.60000</carbohydrates-fiber>
    <carbohydrates-glycemicindex>0.00000</carbohydrates-glycemicindex>
    <energy-gross>48.00000</energy-gross>
    <fats-cholesterol>0.00000</fats-cholesterol>
    <fats-dha>0.00000</fats-dha>
    <fats-epa>0.00000</fats-epa>
    <fats-lauric>0.00000</fats-lauric>
    <fats-linoleic>0.00700</fats-linoleic>
    <fats-linolenic>0.00000</fats-linolenic>
    <fats-monounsaturated>0.01700</fats-monounsaturated>
    <fats-myristic>0.00000</fats-myristic>
    <fats-palmitic>0.00200</fats-palmitic>
    <fats-polyunsaturated>0.00700</fats-polyunsaturated>
    <fats-saturated>0.00300</fats-saturated>
    <fats-stearic>0.00000</fats-stearic>
    <fats-total>0.04000</fats-total>
    <minerals-calcium>12.00000</minerals-calcium>
    <minerals-copper>0.05400</minerals-copper>
    <minerals-iron>0.30000</minerals-iron>
    <minerals-magnesium>10.00000</minerals-magnesium>
    <minerals-manganese>0.05200</minerals-manganese>
    <minerals-phosphorus>20.00000</minerals-phosphorus>
    <minerals-potassium>165.00000</minerals-potassium>
    <minerals-selenium>0.10000</minerals-selenium>
    <minerals-sodium>4.00000</minerals-sodium>
    <minerals-zinc>0.11000</minerals-zinc>
    <other-alcohol>0.00000</other-alcohol>
    <other-cost>0.0</other-cost>
    <other-water>86.62000</other-water>
    <other-weight>100.00000</other-weight>
    <protein-complete>0.00000</protein-complete>
    <protein-total>0.63000</protein-total>
    <vitamins-choline>1.80000</vitamins-choline>
    <vitamins-folate>2.00000</vitamins-folate>
    <vitamins-niacin>0.34400</vitamins-niacin>
    <vitamins-pantothenic_acid>0.09200</vitamins-pantothenic_acid>
    <vitamins-riboflavin>0.01900</vitamins-riboflavin>
    <vitamins-thiamin>0.01800</vitamins-thiamin>
    <vitamins-vitamin_a>85.00000</vitamins-vitamin_a>
    <vitamins-vitamin_b12>0.00000</vitamins-vitamin_b12>
    <vitamins-vitamin_b6>0.05400</vitamins-vitamin_b6>
    <vitamins-vitamin_c>4.90000</vitamins-vitamin_c>
    <vitamins-vitamin_d>0.00000</vitamins-vitamin_d>
    <vitamins-vitamin_e>0.60000</vitamins-vitamin_e>
    <vitamins-vitamin_k>2.20000</vitamins-vitamin_k>
</food>