<food xmlns:xsi="http://www.w3.org/2001/XMLSchema-instance" xsi:noNamespaceSchemaLocation="https://xjrga.github.io/schemas/food_v2.xsd">
    <food-id>09076</food-id>
    <food-name>Cherries, sweet, frozen, sweetened</food-name>
    <carbohydrates-carbs_by_diff>22.36000</carbohydrates-carbs_by_diff>
    <carbohydrates-fiber>2.10000</carbohydrates-fiber>
    <carbohydrates-glycemicindex>0.00000</carbohydrates-glycemicindex>
    <energy-gross>89.00000</energy-gross>
    <fats-cholesterol>0.00000</fats-cholesterol>
    <fats-dha>0.00000</fats-dha>
    <fats-epa>0.00000</fats-epa>
    <fats-lauric>0.00000</fats-lauric>
    <fats-linoleic>0.02000</fats-linoleic>
    <fats-linolenic>0.02000</fats-linolenic>
    <fats-monounsaturated>0.03600</fats-monounsaturated>
    <fats-myristic>0.00100</fats-myristic>
    <fats-palmitic>0.02000</fats-palmitic>
    <fats-polyunsaturated>0.04000</fats-polyunsaturated>
    <fats-saturated>0.03000</fats-saturated>
    <fats-stearic>0.00700</fats-stearic>
    <fats-total>0.13000</fats-total>
    <minerals-calcium>12.00000</minerals-calcium>
    <minerals-copper>0.02400</minerals-copper>
    <minerals-iron>0.35000</minerals-iron>
    <minerals-magnesium>10.00000</minerals-magnesium>
    <minerals-manganese>0.10900</minerals-manganese>
    <minerals-phosphorus>16.00000</minerals-phosphorus>
    <minerals-potassium>199.00000</minerals-potassium>
    <minerals-selenium>0.00000</minerals-selenium>
    <minerals-sodium>1.00000</minerals-sodium>
    <minerals-zinc>0.04000</minerals-zinc>
    <other-alcohol>0.00000</other-alcohol>
    <other-cost>0.0</other-cost>
    <other-water>75.53000</other-water>
    <other-weight>100.00000</other-weight>
    <protein-complete>0.00000</protein-complete>
    <protein-total>1.15000</protein-total>
    <vitamins-choline>5.60000</vitamins-choline>
    <vitamins-folate>4.00000</vitamins-folate>
    <vitamins-niacin>0.17700</vitamins-niacin>
    <vitamins-pantothenic_acid>0.12700</vitamins-pantothenic_acid>
    <vitamins-riboflavin>0.04700</vitamins-riboflavin>
    <vitamins-thiamin>0.02700</vitamins-thiamin>
    <vitamins-vitamin_a>9.00000</vitamins-vitamin_a>
    <vitamins-vitamin_b12>0.00000</vitamins-vitamin_b12>
    <vitamins-vitamin_b6>0.03600</vitamins-vitamin_b6>
    <vitamins-vitamin_c>1.00000</vitamins-vitamin_c>
    <vitamins-vitamin_d>0.00000</vitamins-vitamin_d>
    <vitamins-vitamin_e>0.07000</vitamins-vitamin_e>
    <vitamins-vitamin_k>2.10000</vitamins-vitamin_k>
</food>