<food xmlns:xsi="http://www.w3.org/2001/XMLSchema-instance" xsi:noNamespaceSchemaLocation="https://xjrga.github.io/schemas/food_v2.xsd">
    <food-id>09040</food-id>
    <food-name>Bananas, raw</food-name>
    <carbohydrates-carbs_by_diff>22.84000</carbohydrates-carbs_by_diff>
    <carbohydrates-fiber>2.60000</carbohydrates-fiber>
    <carbohydrates-glycemicindex>52.00000</carbohydrates-glycemicindex>
    <energy-gross>89.00000</energy-gross>
    <fats-cholesterol>0.00000</fats-cholesterol>
    <fats-dha>0.00000</fats-dha>
    <fats-epa>0.00000</fats-epa>
    <fats-lauric>0.00200</fats-lauric>
    <fats-linoleic>0.04600</fats-linoleic>
    <fats-linolenic>0.02700</fats-linolenic>
    <fats-monounsaturated>0.03200</fats-monounsaturated>
    <fats-myristic>0.00200</fats-myristic>
    <fats-palmitic>0.10000</fats-palmitic>
    <fats-polyunsaturated>0.07300</fats-polyunsaturated>
    <fats-saturated>0.11200</fats-saturated>
    <fats-stearic>0.00500</fats-stearic>
    <fats-total>0.33000</fats-total>
    <minerals-calcium>5.00000</minerals-calcium>
    <minerals-copper>0.07800</minerals-copper>
    <minerals-iron>0.26000</minerals-iron>
    <minerals-magnesium>27.00000</minerals-magnesium>
    <minerals-manganese>0.27000</minerals-manganese>
    <minerals-phosphorus>22.00000</minerals-phosphorus>
    <minerals-potassium>358.00000</minerals-potassium>
    <minerals-selenium>1.00000</minerals-selenium>
    <minerals-sodium>1.00000</minerals-sodium>
    <minerals-zinc>0.15000</minerals-zinc>
    <other-alcohol>0.00000</other-alcohol>
    <other-cost>0.0</other-cost>
    <other-water>74.91000</other-water>
    <other-weight>100.00000</other-weight>
    <protein-complete>0.00000</protein-complete>
    <protein-total>1.09000</protein-total>
    <vitamins-choline>9.80000</vitamins-choline>
    <vitamins-folate>20.00000</vitamins-folate>
    <vitamins-niacin>0.66500</vitamins-niacin>
    <vitamins-pantothenic_acid>0.33400</vitamins-pantothenic_acid>
    <vitamins-riboflavin>0.07300</vitamins-riboflavin>
    <vitamins-thiamin>0.03100</vitamins-thiamin>
    <vitamins-vitamin_a>3.00000</vitamins-vitamin_a>
    <vitamins-vitamin_b12>0.00000</vitamins-vitamin_b12>
    <vitamins-vitamin_b6>0.36700</vitamins-vitamin_b6>
    <vitamins-vitamin_c>8.70000</vitamins-vitamin_c>
    <vitamins-vitamin_d>0.00000</vitamins-vitamin_d>
    <vitamins-vitamin_e>0.10000</vitamins-vitamin_e>
    <vitamins-vitamin_k>0.50000</vitamins-vitamin_k>
</food>