<food xmlns:xsi="http://www.w3.org/2001/XMLSchema-instance" xsi:noNamespaceSchemaLocation="https://xjrga.github.io/schemas/food_v2.xsd">
    <food-id>09015</food-id>
    <food-name>Apples, frozen, unsweetened, heated</food-name>
    <carbohydrates-carbs_by_diff>12.00000</carbohydrates-carbs_by_diff>
    <carbohydrates-fiber>1.30000</carbohydrates-fiber>
    <carbohydrates-glycemicindex>0.00000</carbohydrates-glycemicindex>
    <energy-gross>47.00000</energy-gross>
    <fats-cholesterol>0.00000</fats-cholesterol>
    <fats-dha>0.00000</fats-dha>
    <fats-epa>0.00000</fats-epa>
    <fats-lauric>0.00100</fats-lauric>
    <fats-linoleic>0.07900</fats-linoleic>
    <fats-linolenic>0.01700</fats-linolenic>
    <fats-monounsaturated>0.01300</fats-monounsaturated>
    <fats-myristic>0.00100</fats-myristic>
    <fats-palmitic>0.04000</fats-palmitic>
    <fats-polyunsaturated>0.09500</fats-polyunsaturated>
    <fats-saturated>0.05300</fats-saturated>
    <fats-stearic>0.00700</fats-stearic>
    <fats-total>0.33000</fats-total>
    <minerals-calcium>5.00000</minerals-calcium>
    <minerals-copper>0.06500</minerals-copper>
    <minerals-iron>0.19000</minerals-iron>
    <minerals-magnesium>3.00000</minerals-magnesium>
    <minerals-manganese>0.14600</minerals-manganese>
    <minerals-phosphorus>8.00000</minerals-phosphorus>
    <minerals-potassium>76.00000</minerals-potassium>
    <minerals-selenium>0.20000</minerals-selenium>
    <minerals-sodium>3.00000</minerals-sodium>
    <minerals-zinc>0.05000</minerals-zinc>
    <other-alcohol>0.00000</other-alcohol>
    <other-cost>0.0</other-cost>
    <other-water>87.16000</other-water>
    <other-weight>100.00000</other-weight>
    <protein-complete>0.00000</protein-complete>
    <protein-total>0.29000</protein-total>
    <vitamins-choline>0.00000</vitamins-choline>
    <vitamins-folate>1.00000</vitamins-folate>
    <vitamins-niacin>0.04300</vitamins-niacin>
    <vitamins-pantothenic_acid>0.05700</vitamins-pantothenic_acid>
    <vitamins-riboflavin>0.01100</vitamins-riboflavin>
    <vitamins-thiamin>0.01400</vitamins-thiamin>
    <vitamins-vitamin_a>0.00000</vitamins-vitamin_a>
    <vitamins-vitamin_b12>0.00000</vitamins-vitamin_b12>
    <vitamins-vitamin_b6>0.03200</vitamins-vitamin_b6>
    <vitamins-vitamin_c>0.40000</vitamins-vitamin_c>
    <vitamins-vitamin_d>0.00000</vitamins-vitamin_d>
    <vitamins-vitamin_e>0.00000</vitamins-vitamin_e>
    <vitamins-vitamin_k>0.00000</vitamins-vitamin_k>
</food>