<food xmlns:xsi="http://www.w3.org/2001/XMLSchema-instance" xsi:noNamespaceSchemaLocation="https://xjrga.github.io/schemas/food_v2.xsd">
    <food-id>09039</food-id>
    <food-name>Avocados, raw, Florida</food-name>
    <carbohydrates-carbs_by_diff>7.82000</carbohydrates-carbs_by_diff>
    <carbohydrates-fiber>5.60000</carbohydrates-fiber>
    <carbohydrates-glycemicindex>0.00000</carbohydrates-glycemicindex>
    <energy-gross>120.00000</energy-gross>
    <fats-cholesterol>0.00000</fats-cholesterol>
    <fats-dha>0.00000</fats-dha>
    <fats-epa>0.00000</fats-epa>
    <fats-lauric>0.00000</fats-lauric>
    <fats-linoleic>1.58000</fats-linoleic>
    <fats-linolenic>0.09600</fats-linolenic>
    <fats-monounsaturated>5.51300</fats-monounsaturated>
    <fats-myristic>0.00000</fats-myristic>
    <fats-palmitic>1.90000</fats-palmitic>
    <fats-polyunsaturated>1.67600</fats-polyunsaturated>
    <fats-saturated>1.96000</fats-saturated>
    <fats-stearic>0.05000</fats-stearic>
    <fats-total>10.06000</fats-total>
    <minerals-calcium>10.00000</minerals-calcium>
    <minerals-copper>0.31100</minerals-copper>
    <minerals-iron>0.17000</minerals-iron>
    <minerals-magnesium>24.00000</minerals-magnesium>
    <minerals-manganese>0.09500</minerals-manganese>
    <minerals-phosphorus>40.00000</minerals-phosphorus>
    <minerals-potassium>351.00000</minerals-potassium>
    <minerals-selenium>0.00000</minerals-selenium>
    <minerals-sodium>2.00000</minerals-sodium>
    <minerals-zinc>0.40000</minerals-zinc>
    <other-alcohol>0.00000</other-alcohol>
    <other-cost>0.0</other-cost>
    <other-water>78.81000</other-water>
    <other-weight>100.00000</other-weight>
    <protein-complete>0.00000</protein-complete>
    <protein-total>2.23000</protein-total>
    <vitamins-choline>0.00000</vitamins-choline>
    <vitamins-folate>35.00000</vitamins-folate>
    <vitamins-niacin>0.67200</vitamins-niacin>
    <vitamins-pantothenic_acid>0.93100</vitamins-pantothenic_acid>
    <vitamins-riboflavin>0.05300</vitamins-riboflavin>
    <vitamins-thiamin>0.02100</vitamins-thiamin>
    <vitamins-vitamin_a>7.00000</vitamins-vitamin_a>
    <vitamins-vitamin_b12>0.00000</vitamins-vitamin_b12>
    <vitamins-vitamin_b6>0.07800</vitamins-vitamin_b6>
    <vitamins-vitamin_c>17.40000</vitamins-vitamin_c>
    <vitamins-vitamin_d>0.00000</vitamins-vitamin_d>
    <vitamins-vitamin_e>2.66000</vitamins-vitamin_e>
    <vitamins-vitamin_k>0.00000</vitamins-vitamin_k>
</food>