<food xmlns:xsi="http://www.w3.org/2001/XMLSchema-instance" xsi:noNamespaceSchemaLocation="https://xjrga.github.io/schemas/food_v2.xsd">
    <food-id>09191</food-id>
    <food-name>Nectarines, raw</food-name>
    <carbohydrates-carbs_by_diff>10.55000</carbohydrates-carbs_by_diff>
    <carbohydrates-fiber>1.70000</carbohydrates-fiber>
    <carbohydrates-glycemicindex>0.00000</carbohydrates-glycemicindex>
    <energy-gross>44.00000</energy-gross>
    <fats-cholesterol>0.00000</fats-cholesterol>
    <fats-dha>0.00000</fats-dha>
    <fats-epa>0.00000</fats-epa>
    <fats-lauric>0.00000</fats-lauric>
    <fats-linoleic>0.11100</fats-linoleic>
    <fats-linolenic>0.00200</fats-linolenic>
    <fats-monounsaturated>0.08800</fats-monounsaturated>
    <fats-myristic>0.00000</fats-myristic>
    <fats-palmitic>0.02000</fats-palmitic>
    <fats-polyunsaturated>0.11300</fats-polyunsaturated>
    <fats-saturated>0.02500</fats-saturated>
    <fats-stearic>0.00200</fats-stearic>
    <fats-total>0.32000</fats-total>
    <minerals-calcium>6.00000</minerals-calcium>
    <minerals-copper>0.08600</minerals-copper>
    <minerals-iron>0.28000</minerals-iron>
    <minerals-magnesium>9.00000</minerals-magnesium>
    <minerals-manganese>0.05400</minerals-manganese>
    <minerals-phosphorus>26.00000</minerals-phosphorus>
    <minerals-potassium>201.00000</minerals-potassium>
    <minerals-selenium>0.00000</minerals-selenium>
    <minerals-sodium>0.00000</minerals-sodium>
    <minerals-zinc>0.17000</minerals-zinc>
    <other-alcohol>0.00000</other-alcohol>
    <other-cost>0.0</other-cost>
    <other-water>87.59000</other-water>
    <other-weight>100.00000</other-weight>
    <protein-complete>0.00000</protein-complete>
    <protein-total>1.06000</protein-total>
    <vitamins-choline>6.20000</vitamins-choline>
    <vitamins-folate>5.00000</vitamins-folate>
    <vitamins-niacin>1.12500</vitamins-niacin>
    <vitamins-pantothenic_acid>0.18500</vitamins-pantothenic_acid>
    <vitamins-riboflavin>0.02700</vitamins-riboflavin>
    <vitamins-thiamin>0.03400</vitamins-thiamin>
    <vitamins-vitamin_a>17.00000</vitamins-vitamin_a>
    <vitamins-vitamin_b12>0.00000</vitamins-vitamin_b12>
    <vitamins-vitamin_b6>0.02500</vitamins-vitamin_b6>
    <vitamins-vitamin_c>5.40000</vitamins-vitamin_c>
    <vitamins-vitamin_d>0.00000</vitamins-vitamin_d>
    <vitamins-vitamin_e>0.77000</vitamins-vitamin_e>
    <vitamins-vitamin_k>2.20000</vitamins-vitamin_k>
</food>