<food xmlns:xsi="http://www.w3.org/2001/XMLSchema-instance" xsi:noNamespaceSchemaLocation="https://xjrga.github.io/schemas/food_v2.xsd">
    <food-id>09131</food-id>
    <food-name>Grapes, american type (slip skin), raw</food-name>
    <carbohydrates-carbs_by_diff>17.15000</carbohydrates-carbs_by_diff>
    <carbohydrates-fiber>0.90000</carbohydrates-fiber>
    <carbohydrates-glycemicindex>0.00000</carbohydrates-glycemicindex>
    <energy-gross>67.00000</energy-gross>
    <fats-cholesterol>0.00000</fats-cholesterol>
    <fats-dha>0.00000</fats-dha>
    <fats-epa>0.00000</fats-epa>
    <fats-lauric>0.00000</fats-lauric>
    <fats-linoleic>0.07900</fats-linoleic>
    <fats-linolenic>0.02400</fats-linolenic>
    <fats-monounsaturated>0.01400</fats-monounsaturated>
    <fats-myristic>0.00300</fats-myristic>
    <fats-palmitic>0.09000</fats-palmitic>
    <fats-polyunsaturated>0.10200</fats-polyunsaturated>
    <fats-saturated>0.11400</fats-saturated>
    <fats-stearic>0.01000</fats-stearic>
    <fats-total>0.35000</fats-total>
    <minerals-calcium>14.00000</minerals-calcium>
    <minerals-copper>0.04000</minerals-copper>
    <minerals-iron>0.29000</minerals-iron>
    <minerals-magnesium>5.00000</minerals-magnesium>
    <minerals-manganese>0.71800</minerals-manganese>
    <minerals-phosphorus>10.00000</minerals-phosphorus>
    <minerals-potassium>191.00000</minerals-potassium>
    <minerals-selenium>0.10000</minerals-selenium>
    <minerals-sodium>2.00000</minerals-sodium>
    <minerals-zinc>0.04000</minerals-zinc>
    <other-alcohol>0.00000</other-alcohol>
    <other-cost>0.0</other-cost>
    <other-water>81.30000</other-water>
    <other-weight>100.00000</other-weight>
    <protein-complete>0.00000</protein-complete>
    <protein-total>0.63000</protein-total>
    <vitamins-choline>5.60000</vitamins-choline>
    <vitamins-folate>4.00000</vitamins-folate>
    <vitamins-niacin>0.30000</vitamins-niacin>
    <vitamins-pantothenic_acid>0.02400</vitamins-pantothenic_acid>
    <vitamins-riboflavin>0.05700</vitamins-riboflavin>
    <vitamins-thiamin>0.09200</vitamins-thiamin>
    <vitamins-vitamin_a>5.00000</vitamins-vitamin_a>
    <vitamins-vitamin_b12>0.00000</vitamins-vitamin_b12>
    <vitamins-vitamin_b6>0.11000</vitamins-vitamin_b6>
    <vitamins-vitamin_c>4.00000</vitamins-vitamin_c>
    <vitamins-vitamin_d>0.00000</vitamins-vitamin_d>
    <vitamins-vitamin_e>0.19000</vitamins-vitamin_e>
    <vitamins-vitamin_k>14.60000</vitamins-vitamin_k>
</food>