<food xmlns:xsi="http://www.w3.org/2001/XMLSchema-instance" xsi:noNamespaceSchemaLocation="https://xjrga.github.io/schemas/food_v2.xsd">
    <food-id>09195</food-id>
    <food-name>Olives, pickled, canned or bottled, green</food-name>
    <carbohydrates-carbs_by_diff>3.84000</carbohydrates-carbs_by_diff>
    <carbohydrates-fiber>3.30000</carbohydrates-fiber>
    <carbohydrates-glycemicindex>0.00000</carbohydrates-glycemicindex>
    <energy-gross>145.00000</energy-gross>
    <fats-cholesterol>0.00000</fats-cholesterol>
    <fats-dha>0.00000</fats-dha>
    <fats-epa>0.00000</fats-epa>
    <fats-lauric>0.00000</fats-lauric>
    <fats-linoleic>1.21500</fats-linoleic>
    <fats-linolenic>0.09200</fats-linolenic>
    <fats-monounsaturated>11.31400</fats-monounsaturated>
    <fats-myristic>0.00000</fats-myristic>
    <fats-palmitic>1.69000</fats-palmitic>
    <fats-polyunsaturated>1.30700</fats-polyunsaturated>
    <fats-saturated>2.02900</fats-saturated>
    <fats-stearic>0.33000</fats-stearic>
    <fats-total>15.32000</fats-total>
    <minerals-calcium>52.00000</minerals-calcium>
    <minerals-copper>0.12000</minerals-copper>
    <minerals-iron>0.49000</minerals-iron>
    <minerals-magnesium>11.00000</minerals-magnesium>
    <minerals-manganese>0.00000</minerals-manganese>
    <minerals-phosphorus>4.00000</minerals-phosphorus>
    <minerals-potassium>42.00000</minerals-potassium>
    <minerals-selenium>0.90000</minerals-selenium>
    <minerals-sodium>1556.00000</minerals-sodium>
    <minerals-zinc>0.04000</minerals-zinc>
    <other-alcohol>0.00000</other-alcohol>
    <other-cost>0.0</other-cost>
    <other-water>75.28000</other-water>
    <other-weight>100.00000</other-weight>
    <protein-complete>0.00000</protein-complete>
    <protein-total>1.03000</protein-total>
    <vitamins-choline>14.20000</vitamins-choline>
    <vitamins-folate>3.00000</vitamins-folate>
    <vitamins-niacin>0.23700</vitamins-niacin>
    <vitamins-pantothenic_acid>0.02300</vitamins-pantothenic_acid>
    <vitamins-riboflavin>0.00700</vitamins-riboflavin>
    <vitamins-thiamin>0.02100</vitamins-thiamin>
    <vitamins-vitamin_a>20.00000</vitamins-vitamin_a>
    <vitamins-vitamin_b12>0.00000</vitamins-vitamin_b12>
    <vitamins-vitamin_b6>0.03100</vitamins-vitamin_b6>
    <vitamins-vitamin_c>0.00000</vitamins-vitamin_c>
    <vitamins-vitamin_d>0.00000</vitamins-vitamin_d>
    <vitamins-vitamin_e>3.81000</vitamins-vitamin_e>
    <vitamins-vitamin_k>1.40000</vitamins-vitamin_k>
</food>