<food xmlns:xsi="http://www.w3.org/2001/XMLSchema-instance" xsi:noNamespaceSchemaLocation="https://xjrga.github.io/schemas/food_v2.xsd">
    <food-id>09165</food-id>
    <food-name>Litchis, dried</food-name>
    <carbohydrates-carbs_by_diff>70.70000</carbohydrates-carbs_by_diff>
    <carbohydrates-fiber>4.60000</carbohydrates-fiber>
    <carbohydrates-glycemicindex>0.00000</carbohydrates-glycemicindex>
    <energy-gross>277.00000</energy-gross>
    <fats-cholesterol>0.00000</fats-cholesterol>
    <fats-dha>0.00000</fats-dha>
    <fats-epa>0.00000</fats-epa>
    <fats-lauric>0.00000</fats-lauric>
    <fats-linoleic>0.18400</fats-linoleic>
    <fats-linolenic>0.17800</fats-linolenic>
    <fats-monounsaturated>0.32800</fats-monounsaturated>
    <fats-myristic>0.00600</fats-myristic>
    <fats-palmitic>0.19000</fats-palmitic>
    <fats-polyunsaturated>0.36100</fats-polyunsaturated>
    <fats-saturated>0.27000</fats-saturated>
    <fats-stearic>0.06000</fats-stearic>
    <fats-total>1.20000</fats-total>
    <minerals-calcium>33.00000</minerals-calcium>
    <minerals-copper>0.63100</minerals-copper>
    <minerals-iron>1.70000</minerals-iron>
    <minerals-magnesium>42.00000</minerals-magnesium>
    <minerals-manganese>0.23400</minerals-manganese>
    <minerals-phosphorus>181.00000</minerals-phosphorus>
    <minerals-potassium>1110.00000</minerals-potassium>
    <minerals-selenium>1.30000</minerals-selenium>
    <minerals-sodium>3.00000</minerals-sodium>
    <minerals-zinc>0.28000</minerals-zinc>
    <other-alcohol>0.00000</other-alcohol>
    <other-cost>0.0</other-cost>
    <other-water>22.30000</other-water>
    <other-weight>100.00000</other-weight>
    <protein-complete>0.00000</protein-complete>
    <protein-total>3.80000</protein-total>
    <vitamins-choline>12.70000</vitamins-choline>
    <vitamins-folate>12.00000</vitamins-folate>
    <vitamins-niacin>3.10000</vitamins-niacin>
    <vitamins-pantothenic_acid>0.00000</vitamins-pantothenic_acid>
    <vitamins-riboflavin>0.57000</vitamins-riboflavin>
    <vitamins-thiamin>0.01000</vitamins-thiamin>
    <vitamins-vitamin_a>0.00000</vitamins-vitamin_a>
    <vitamins-vitamin_b12>0.00000</vitamins-vitamin_b12>
    <vitamins-vitamin_b6>0.09000</vitamins-vitamin_b6>
    <vitamins-vitamin_c>183.00000</vitamins-vitamin_c>
    <vitamins-vitamin_d>0.00000</vitamins-vitamin_d>
    <vitamins-vitamin_e>0.31000</vitamins-vitamin_e>
    <vitamins-vitamin_k>1.60000</vitamins-vitamin_k>
</food>