<food xmlns:xsi="http://www.w3.org/2001/XMLSchema-instance" xsi:noNamespaceSchemaLocation="https://xjrga.github.io/schemas/food_v2.xsd">
    <food-id>09144</food-id>
    <food-name>Jackfruit, raw</food-name>
    <carbohydrates-carbs_by_diff>23.25000</carbohydrates-carbs_by_diff>
    <carbohydrates-fiber>1.50000</carbohydrates-fiber>
    <carbohydrates-glycemicindex>0.00000</carbohydrates-glycemicindex>
    <energy-gross>95.00000</energy-gross>
    <fats-cholesterol>0.00000</fats-cholesterol>
    <fats-dha>0.00000</fats-dha>
    <fats-epa>0.00000</fats-epa>
    <fats-lauric>0.00400</fats-lauric>
    <fats-linoleic>0.01500</fats-linoleic>
    <fats-linolenic>0.07900</fats-linolenic>
    <fats-monounsaturated>0.15500</fats-monounsaturated>
    <fats-myristic>0.00400</fats-myristic>
    <fats-palmitic>0.13000</fats-palmitic>
    <fats-polyunsaturated>0.09400</fats-polyunsaturated>
    <fats-saturated>0.19500</fats-saturated>
    <fats-stearic>0.01000</fats-stearic>
    <fats-total>0.64000</fats-total>
    <minerals-calcium>24.00000</minerals-calcium>
    <minerals-copper>0.07600</minerals-copper>
    <minerals-iron>0.23000</minerals-iron>
    <minerals-magnesium>29.00000</minerals-magnesium>
    <minerals-manganese>0.04300</minerals-manganese>
    <minerals-phosphorus>21.00000</minerals-phosphorus>
    <minerals-potassium>448.00000</minerals-potassium>
    <minerals-selenium>0.00000</minerals-selenium>
    <minerals-sodium>2.00000</minerals-sodium>
    <minerals-zinc>0.13000</minerals-zinc>
    <other-alcohol>0.00000</other-alcohol>
    <other-cost>0.0</other-cost>
    <other-water>73.46000</other-water>
    <other-weight>100.00000</other-weight>
    <protein-complete>0.00000</protein-complete>
    <protein-total>1.72000</protein-total>
    <vitamins-choline>0.00000</vitamins-choline>
    <vitamins-folate>24.00000</vitamins-folate>
    <vitamins-niacin>0.92000</vitamins-niacin>
    <vitamins-pantothenic_acid>0.23500</vitamins-pantothenic_acid>
    <vitamins-riboflavin>0.05500</vitamins-riboflavin>
    <vitamins-thiamin>0.10500</vitamins-thiamin>
    <vitamins-vitamin_a>5.00000</vitamins-vitamin_a>
    <vitamins-vitamin_b12>0.00000</vitamins-vitamin_b12>
    <vitamins-vitamin_b6>0.32900</vitamins-vitamin_b6>
    <vitamins-vitamin_c>13.70000</vitamins-vitamin_c>
    <vitamins-vitamin_d>0.00000</vitamins-vitamin_d>
    <vitamins-vitamin_e>0.34000</vitamins-vitamin_e>
    <vitamins-vitamin_k>0.00000</vitamins-vitamin_k>
</food>