<food xmlns:xsi="http://www.w3.org/2001/XMLSchema-instance" xsi:noNamespaceSchemaLocation="https://xjrga.github.io/schemas/food_v2.xsd">
    <food-id>09133</food-id>
    <food-name>Grapes, canned, thompson seedless, water pack, solids and liquids</food-name>
    <carbohydrates-carbs_by_diff>10.30000</carbohydrates-carbs_by_diff>
    <carbohydrates-fiber>0.60000</carbohydrates-fiber>
    <carbohydrates-glycemicindex>0.00000</carbohydrates-glycemicindex>
    <energy-gross>40.00000</energy-gross>
    <fats-cholesterol>0.00000</fats-cholesterol>
    <fats-dha>0.00000</fats-dha>
    <fats-epa>0.00000</fats-epa>
    <fats-lauric>0.00000</fats-lauric>
    <fats-linoleic>0.02400</fats-linoleic>
    <fats-linolenic>0.00700</fats-linolenic>
    <fats-monounsaturated>0.00400</fats-monounsaturated>
    <fats-myristic>0.00100</fats-myristic>
    <fats-palmitic>0.03000</fats-palmitic>
    <fats-polyunsaturated>0.03100</fats-polyunsaturated>
    <fats-saturated>0.03500</fats-saturated>
    <fats-stearic>0.00400</fats-stearic>
    <fats-total>0.11000</fats-total>
    <minerals-calcium>10.00000</minerals-calcium>
    <minerals-copper>0.05600</minerals-copper>
    <minerals-iron>0.98000</minerals-iron>
    <minerals-magnesium>6.00000</minerals-magnesium>
    <minerals-manganese>0.03900</minerals-manganese>
    <minerals-phosphorus>18.00000</minerals-phosphorus>
    <minerals-potassium>107.00000</minerals-potassium>
    <minerals-selenium>0.10000</minerals-selenium>
    <minerals-sodium>6.00000</minerals-sodium>
    <minerals-zinc>0.05000</minerals-zinc>
    <other-alcohol>0.00000</other-alcohol>
    <other-cost>0.0</other-cost>
    <other-water>88.84000</other-water>
    <other-weight>100.00000</other-weight>
    <protein-complete>0.00000</protein-complete>
    <protein-total>0.50000</protein-total>
    <vitamins-choline>3.80000</vitamins-choline>
    <vitamins-folate>3.00000</vitamins-folate>
    <vitamins-niacin>0.13000</vitamins-niacin>
    <vitamins-pantothenic_acid>0.04100</vitamins-pantothenic_acid>
    <vitamins-riboflavin>0.02300</vitamins-riboflavin>
    <vitamins-thiamin>0.03100</vitamins-thiamin>
    <vitamins-vitamin_a>2.00000</vitamins-vitamin_a>
    <vitamins-vitamin_b12>0.00000</vitamins-vitamin_b12>
    <vitamins-vitamin_b6>0.06500</vitamins-vitamin_b6>
    <vitamins-vitamin_c>1.00000</vitamins-vitamin_c>
    <vitamins-vitamin_d>0.00000</vitamins-vitamin_d>
    <vitamins-vitamin_e>0.13000</vitamins-vitamin_e>
    <vitamins-vitamin_k>9.80000</vitamins-vitamin_k>
</food>