<food xmlns:xsi="http://www.w3.org/2001/XMLSchema-instance" xsi:noNamespaceSchemaLocation="https://xjrga.github.io/schemas/food_v2.xsd">
    <food-id>09178</food-id>
    <food-name>Mango, dried, sweetened</food-name>
    <carbohydrates-carbs_by_diff>78.58000</carbohydrates-carbs_by_diff>
    <carbohydrates-fiber>2.40000</carbohydrates-fiber>
    <carbohydrates-glycemicindex>0.00000</carbohydrates-glycemicindex>
    <energy-gross>319.00000</energy-gross>
    <fats-cholesterol>0.00000</fats-cholesterol>
    <fats-dha>0.00000</fats-dha>
    <fats-epa>0.00000</fats-epa>
    <fats-lauric>0.00400</fats-lauric>
    <fats-linoleic>0.06100</fats-linoleic>
    <fats-linolenic>0.16100</fats-linolenic>
    <fats-monounsaturated>0.43900</fats-monounsaturated>
    <fats-myristic>0.03000</fats-myristic>
    <fats-palmitic>0.22000</fats-palmitic>
    <fats-polyunsaturated>0.22200</fats-polyunsaturated>
    <fats-saturated>0.28700</fats-saturated>
    <fats-stearic>0.01000</fats-stearic>
    <fats-total>1.18000</fats-total>
    <minerals-calcium>0.00000</minerals-calcium>
    <minerals-copper>0.30000</minerals-copper>
    <minerals-iron>0.23000</minerals-iron>
    <minerals-magnesium>20.00000</minerals-magnesium>
    <minerals-manganese>10.00000</minerals-manganese>
    <minerals-phosphorus>50.00000</minerals-phosphorus>
    <minerals-potassium>279.00000</minerals-potassium>
    <minerals-selenium>2.10000</minerals-selenium>
    <minerals-sodium>162.00000</minerals-sodium>
    <minerals-zinc>0.30000</minerals-zinc>
    <other-alcohol>0.00000</other-alcohol>
    <other-cost>0.0</other-cost>
    <other-water>16.60000</other-water>
    <other-weight>100.00000</other-weight>
    <protein-complete>0.00000</protein-complete>
    <protein-total>2.45000</protein-total>
    <vitamins-choline>23.70000</vitamins-choline>
    <vitamins-folate>68.00000</vitamins-folate>
    <vitamins-niacin>2.00000</vitamins-niacin>
    <vitamins-pantothenic_acid>0.00000</vitamins-pantothenic_acid>
    <vitamins-riboflavin>0.08500</vitamins-riboflavin>
    <vitamins-thiamin>0.06200</vitamins-thiamin>
    <vitamins-vitamin_a>67.00000</vitamins-vitamin_a>
    <vitamins-vitamin_b12>0.00000</vitamins-vitamin_b12>
    <vitamins-vitamin_b6>0.33400</vitamins-vitamin_b6>
    <vitamins-vitamin_c>42.30000</vitamins-vitamin_c>
    <vitamins-vitamin_d>0.00000</vitamins-vitamin_d>
    <vitamins-vitamin_e>4.02000</vitamins-vitamin_e>
    <vitamins-vitamin_k>13.20000</vitamins-vitamin_k>
</food>