<food xmlns:xsi="http://www.w3.org/2001/XMLSchema-instance" xsi:noNamespaceSchemaLocation="https://xjrga.github.io/schemas/food_v2.xsd">
    <food-id>09156</food-id>
    <food-name>Lemon peel, raw</food-name>
    <carbohydrates-carbs_by_diff>16.00000</carbohydrates-carbs_by_diff>
    <carbohydrates-fiber>10.60000</carbohydrates-fiber>
    <carbohydrates-glycemicindex>0.00000</carbohydrates-glycemicindex>
    <energy-gross>47.00000</energy-gross>
    <fats-cholesterol>0.00000</fats-cholesterol>
    <fats-dha>0.00000</fats-dha>
    <fats-epa>0.00000</fats-epa>
    <fats-lauric>0.00000</fats-lauric>
    <fats-linoleic>0.06300</fats-linoleic>
    <fats-linolenic>0.02600</fats-linolenic>
    <fats-monounsaturated>0.01100</fats-monounsaturated>
    <fats-myristic>0.00100</fats-myristic>
    <fats-palmitic>0.03000</fats-palmitic>
    <fats-polyunsaturated>0.08900</fats-polyunsaturated>
    <fats-saturated>0.03900</fats-saturated>
    <fats-stearic>0.00200</fats-stearic>
    <fats-total>0.30000</fats-total>
    <minerals-calcium>134.00000</minerals-calcium>
    <minerals-copper>0.09200</minerals-copper>
    <minerals-iron>0.80000</minerals-iron>
    <minerals-magnesium>15.00000</minerals-magnesium>
    <minerals-manganese>0.00000</minerals-manganese>
    <minerals-phosphorus>12.00000</minerals-phosphorus>
    <minerals-potassium>160.00000</minerals-potassium>
    <minerals-selenium>0.70000</minerals-selenium>
    <minerals-sodium>6.00000</minerals-sodium>
    <minerals-zinc>0.25000</minerals-zinc>
    <other-alcohol>0.00000</other-alcohol>
    <other-cost>0.0</other-cost>
    <other-water>81.60000</other-water>
    <other-weight>100.00000</other-weight>
    <protein-complete>0.00000</protein-complete>
    <protein-total>1.50000</protein-total>
    <vitamins-choline>8.50000</vitamins-choline>
    <vitamins-folate>13.00000</vitamins-folate>
    <vitamins-niacin>0.40000</vitamins-niacin>
    <vitamins-pantothenic_acid>0.31900</vitamins-pantothenic_acid>
    <vitamins-riboflavin>0.08000</vitamins-riboflavin>
    <vitamins-thiamin>0.06000</vitamins-thiamin>
    <vitamins-vitamin_a>3.00000</vitamins-vitamin_a>
    <vitamins-vitamin_b12>0.00000</vitamins-vitamin_b12>
    <vitamins-vitamin_b6>0.17200</vitamins-vitamin_b6>
    <vitamins-vitamin_c>129.00000</vitamins-vitamin_c>
    <vitamins-vitamin_d>0.00000</vitamins-vitamin_d>
    <vitamins-vitamin_e>0.25000</vitamins-vitamin_e>
    <vitamins-vitamin_k>0.00000</vitamins-vitamin_k>
</food>