<food xmlns:xsi="http://www.w3.org/2001/XMLSchema-instance" xsi:noNamespaceSchemaLocation="https://xjrga.github.io/schemas/food_v2.xsd">
    <food-id>09176</food-id>
    <food-name>Mangos, raw</food-name>
    <carbohydrates-carbs_by_diff>14.98000</carbohydrates-carbs_by_diff>
    <carbohydrates-fiber>1.60000</carbohydrates-fiber>
    <carbohydrates-glycemicindex>51.00000</carbohydrates-glycemicindex>
    <energy-gross>60.00000</energy-gross>
    <fats-cholesterol>0.00000</fats-cholesterol>
    <fats-dha>0.00000</fats-dha>
    <fats-epa>0.00000</fats-epa>
    <fats-lauric>0.00100</fats-lauric>
    <fats-linoleic>0.01900</fats-linoleic>
    <fats-linolenic>0.05100</fats-linolenic>
    <fats-monounsaturated>0.14000</fats-monounsaturated>
    <fats-myristic>0.01000</fats-myristic>
    <fats-palmitic>0.07000</fats-palmitic>
    <fats-polyunsaturated>0.07100</fats-polyunsaturated>
    <fats-saturated>0.09200</fats-saturated>
    <fats-stearic>0.00400</fats-stearic>
    <fats-total>0.38000</fats-total>
    <minerals-calcium>11.00000</minerals-calcium>
    <minerals-copper>0.11100</minerals-copper>
    <minerals-iron>0.16000</minerals-iron>
    <minerals-magnesium>10.00000</minerals-magnesium>
    <minerals-manganese>0.06300</minerals-manganese>
    <minerals-phosphorus>14.00000</minerals-phosphorus>
    <minerals-potassium>168.00000</minerals-potassium>
    <minerals-selenium>0.60000</minerals-selenium>
    <minerals-sodium>1.00000</minerals-sodium>
    <minerals-zinc>0.09000</minerals-zinc>
    <other-alcohol>0.00000</other-alcohol>
    <other-cost>0.0</other-cost>
    <other-water>83.46000</other-water>
    <other-weight>100.00000</other-weight>
    <protein-complete>0.00000</protein-complete>
    <protein-total>0.82000</protein-total>
    <vitamins-choline>7.60000</vitamins-choline>
    <vitamins-folate>43.00000</vitamins-folate>
    <vitamins-niacin>0.66900</vitamins-niacin>
    <vitamins-pantothenic_acid>0.19700</vitamins-pantothenic_acid>
    <vitamins-riboflavin>0.03800</vitamins-riboflavin>
    <vitamins-thiamin>0.02800</vitamins-thiamin>
    <vitamins-vitamin_a>54.00000</vitamins-vitamin_a>
    <vitamins-vitamin_b12>0.00000</vitamins-vitamin_b12>
    <vitamins-vitamin_b6>0.11900</vitamins-vitamin_b6>
    <vitamins-vitamin_c>36.40000</vitamins-vitamin_c>
    <vitamins-vitamin_d>0.00000</vitamins-vitamin_d>
    <vitamins-vitamin_e>0.90000</vitamins-vitamin_e>
    <vitamins-vitamin_k>4.20000</vitamins-vitamin_k>
</food>