<food xmlns:xsi="http://www.w3.org/2001/XMLSchema-instance" xsi:noNamespaceSchemaLocation="https://xjrga.github.io/schemas/food_v2.xsd">
    <food-id>09194</food-id>
    <food-name>Olives, ripe, canned (jumbo-super colossal)</food-name>
    <carbohydrates-carbs_by_diff>5.61000</carbohydrates-carbs_by_diff>
    <carbohydrates-fiber>2.50000</carbohydrates-fiber>
    <carbohydrates-glycemicindex>0.00000</carbohydrates-glycemicindex>
    <energy-gross>81.00000</energy-gross>
    <fats-cholesterol>0.00000</fats-cholesterol>
    <fats-dha>0.00000</fats-dha>
    <fats-epa>0.00000</fats-epa>
    <fats-lauric>0.00000</fats-lauric>
    <fats-linoleic>0.54400</fats-linoleic>
    <fats-linolenic>0.04100</fats-linolenic>
    <fats-monounsaturated>5.07100</fats-monounsaturated>
    <fats-myristic>0.00000</fats-myristic>
    <fats-palmitic>0.75000</fats-palmitic>
    <fats-polyunsaturated>0.58600</fats-polyunsaturated>
    <fats-saturated>0.90900</fats-saturated>
    <fats-stearic>0.15000</fats-stearic>
    <fats-total>6.87000</fats-total>
    <minerals-calcium>94.00000</minerals-calcium>
    <minerals-copper>0.22600</minerals-copper>
    <minerals-iron>3.32000</minerals-iron>
    <minerals-magnesium>4.00000</minerals-magnesium>
    <minerals-manganese>0.02000</minerals-manganese>
    <minerals-phosphorus>3.00000</minerals-phosphorus>
    <minerals-potassium>9.00000</minerals-potassium>
    <minerals-selenium>0.90000</minerals-selenium>
    <minerals-sodium>735.00000</minerals-sodium>
    <minerals-zinc>0.22000</minerals-zinc>
    <other-alcohol>0.00000</other-alcohol>
    <other-cost>0.0</other-cost>
    <other-water>84.34000</other-water>
    <other-weight>100.00000</other-weight>
    <protein-complete>0.00000</protein-complete>
    <protein-total>0.97000</protein-total>
    <vitamins-choline>6.60000</vitamins-choline>
    <vitamins-folate>0.00000</vitamins-folate>
    <vitamins-niacin>0.02200</vitamins-niacin>
    <vitamins-pantothenic_acid>0.01500</vitamins-pantothenic_acid>
    <vitamins-riboflavin>0.00000</vitamins-riboflavin>
    <vitamins-thiamin>0.00300</vitamins-thiamin>
    <vitamins-vitamin_a>17.00000</vitamins-vitamin_a>
    <vitamins-vitamin_b12>0.00000</vitamins-vitamin_b12>
    <vitamins-vitamin_b6>0.01200</vitamins-vitamin_b6>
    <vitamins-vitamin_c>1.50000</vitamins-vitamin_c>
    <vitamins-vitamin_d>0.00000</vitamins-vitamin_d>
    <vitamins-vitamin_e>1.65000</vitamins-vitamin_e>
    <vitamins-vitamin_k>1.40000</vitamins-vitamin_k>
</food>