<food xmlns:xsi="http://www.w3.org/2001/XMLSchema-instance" xsi:noNamespaceSchemaLocation="https://xjrga.github.io/schemas/food_v2.xsd">
    <food-id>09150</food-id>
    <food-name>Lemons, raw, without peel</food-name>
    <carbohydrates-carbs_by_diff>9.32000</carbohydrates-carbs_by_diff>
    <carbohydrates-fiber>2.80000</carbohydrates-fiber>
    <carbohydrates-glycemicindex>0.00000</carbohydrates-glycemicindex>
    <energy-gross>29.00000</energy-gross>
    <fats-cholesterol>0.00000</fats-cholesterol>
    <fats-dha>0.00000</fats-dha>
    <fats-epa>0.00000</fats-epa>
    <fats-lauric>0.00000</fats-lauric>
    <fats-linoleic>0.06300</fats-linoleic>
    <fats-linolenic>0.02600</fats-linolenic>
    <fats-monounsaturated>0.01100</fats-monounsaturated>
    <fats-myristic>0.00100</fats-myristic>
    <fats-palmitic>0.03000</fats-palmitic>
    <fats-polyunsaturated>0.08900</fats-polyunsaturated>
    <fats-saturated>0.03900</fats-saturated>
    <fats-stearic>0.00200</fats-stearic>
    <fats-total>0.30000</fats-total>
    <minerals-calcium>26.00000</minerals-calcium>
    <minerals-copper>0.03700</minerals-copper>
    <minerals-iron>0.60000</minerals-iron>
    <minerals-magnesium>8.00000</minerals-magnesium>
    <minerals-manganese>0.03000</minerals-manganese>
    <minerals-phosphorus>16.00000</minerals-phosphorus>
    <minerals-potassium>138.00000</minerals-potassium>
    <minerals-selenium>0.40000</minerals-selenium>
    <minerals-sodium>2.00000</minerals-sodium>
    <minerals-zinc>0.06000</minerals-zinc>
    <other-alcohol>0.00000</other-alcohol>
    <other-cost>0.0</other-cost>
    <other-water>88.98000</other-water>
    <other-weight>100.00000</other-weight>
    <protein-complete>0.00000</protein-complete>
    <protein-total>1.10000</protein-total>
    <vitamins-choline>5.10000</vitamins-choline>
    <vitamins-folate>11.00000</vitamins-folate>
    <vitamins-niacin>0.10000</vitamins-niacin>
    <vitamins-pantothenic_acid>0.19000</vitamins-pantothenic_acid>
    <vitamins-riboflavin>0.02000</vitamins-riboflavin>
    <vitamins-thiamin>0.04000</vitamins-thiamin>
    <vitamins-vitamin_a>1.00000</vitamins-vitamin_a>
    <vitamins-vitamin_b12>0.00000</vitamins-vitamin_b12>
    <vitamins-vitamin_b6>0.08000</vitamins-vitamin_b6>
    <vitamins-vitamin_c>53.00000</vitamins-vitamin_c>
    <vitamins-vitamin_d>0.00000</vitamins-vitamin_d>
    <vitamins-vitamin_e>0.15000</vitamins-vitamin_e>
    <vitamins-vitamin_k>0.00000</vitamins-vitamin_k>
</food>