<food xmlns:xsi="http://www.w3.org/2001/XMLSchema-instance" xsi:noNamespaceSchemaLocation="https://xjrga.github.io/schemas/food_v2.xsd">
    <food-id>09153</food-id>
    <food-name>Lemon juice from concentrate, canned or bottled</food-name>
    <carbohydrates-carbs_by_diff>5.62000</carbohydrates-carbs_by_diff>
    <carbohydrates-fiber>0.70000</carbohydrates-fiber>
    <carbohydrates-glycemicindex>0.00000</carbohydrates-glycemicindex>
    <energy-gross>17.00000</energy-gross>
    <fats-cholesterol>0.00000</fats-cholesterol>
    <fats-dha>0.00000</fats-dha>
    <fats-epa>0.00000</fats-epa>
    <fats-lauric>0.00000</fats-lauric>
    <fats-linoleic>0.01100</fats-linoleic>
    <fats-linolenic>0.00600</fats-linolenic>
    <fats-monounsaturated>0.00600</fats-monounsaturated>
    <fats-myristic>0.00300</fats-myristic>
    <fats-palmitic>0.01000</fats-palmitic>
    <fats-polyunsaturated>0.01700</fats-polyunsaturated>
    <fats-saturated>0.02700</fats-saturated>
    <fats-stearic>0.00700</fats-stearic>
    <fats-total>0.07000</fats-total>
    <minerals-calcium>10.00000</minerals-calcium>
    <minerals-copper>0.01800</minerals-copper>
    <minerals-iron>0.06000</minerals-iron>
    <minerals-magnesium>7.00000</minerals-magnesium>
    <minerals-manganese>0.01600</minerals-manganese>
    <minerals-phosphorus>9.00000</minerals-phosphorus>
    <minerals-potassium>109.00000</minerals-potassium>
    <minerals-selenium>0.10000</minerals-selenium>
    <minerals-sodium>24.00000</minerals-sodium>
    <minerals-zinc>0.19000</minerals-zinc>
    <other-alcohol>0.00000</other-alcohol>
    <other-cost>0.0</other-cost>
    <other-water>93.64000</other-water>
    <other-weight>100.00000</other-weight>
    <protein-complete>0.00000</protein-complete>
    <protein-total>0.45000</protein-total>
    <vitamins-choline>5.10000</vitamins-choline>
    <vitamins-folate>9.00000</vitamins-folate>
    <vitamins-niacin>0.18000</vitamins-niacin>
    <vitamins-pantothenic_acid>0.08000</vitamins-pantothenic_acid>
    <vitamins-riboflavin>0.01700</vitamins-riboflavin>
    <vitamins-thiamin>0.02100</vitamins-thiamin>
    <vitamins-vitamin_a>2.00000</vitamins-vitamin_a>
    <vitamins-vitamin_b12>0.00000</vitamins-vitamin_b12>
    <vitamins-vitamin_b6>0.03700</vitamins-vitamin_b6>
    <vitamins-vitamin_c>14.30000</vitamins-vitamin_c>
    <vitamins-vitamin_d>0.00000</vitamins-vitamin_d>
    <vitamins-vitamin_e>0.23000</vitamins-vitamin_e>
    <vitamins-vitamin_k>0.10000</vitamins-vitamin_k>
</food>