<food xmlns:xsi="http://www.w3.org/2001/XMLSchema-instance" xsi:noNamespaceSchemaLocation="https://xjrga.github.io/schemas/food_v2.xsd">
    <food-id>09139</food-id>
    <food-name>Guavas, common, raw</food-name>
    <carbohydrates-carbs_by_diff>14.32000</carbohydrates-carbs_by_diff>
    <carbohydrates-fiber>5.40000</carbohydrates-fiber>
    <carbohydrates-glycemicindex>0.00000</carbohydrates-glycemicindex>
    <energy-gross>68.00000</energy-gross>
    <fats-cholesterol>0.00000</fats-cholesterol>
    <fats-dha>0.00000</fats-dha>
    <fats-epa>0.00000</fats-epa>
    <fats-lauric>0.00000</fats-lauric>
    <fats-linoleic>0.28800</fats-linoleic>
    <fats-linolenic>0.11200</fats-linolenic>
    <fats-monounsaturated>0.08700</fats-monounsaturated>
    <fats-myristic>0.01000</fats-myristic>
    <fats-palmitic>0.22000</fats-palmitic>
    <fats-polyunsaturated>0.40100</fats-polyunsaturated>
    <fats-saturated>0.27200</fats-saturated>
    <fats-stearic>0.02000</fats-stearic>
    <fats-total>0.95000</fats-total>
    <minerals-calcium>18.00000</minerals-calcium>
    <minerals-copper>0.23000</minerals-copper>
    <minerals-iron>0.26000</minerals-iron>
    <minerals-magnesium>22.00000</minerals-magnesium>
    <minerals-manganese>0.15000</minerals-manganese>
    <minerals-phosphorus>40.00000</minerals-phosphorus>
    <minerals-potassium>417.00000</minerals-potassium>
    <minerals-selenium>0.60000</minerals-selenium>
    <minerals-sodium>2.00000</minerals-sodium>
    <minerals-zinc>0.23000</minerals-zinc>
    <other-alcohol>0.00000</other-alcohol>
    <other-cost>0.0</other-cost>
    <other-water>80.80000</other-water>
    <other-weight>100.00000</other-weight>
    <protein-complete>0.00000</protein-complete>
    <protein-total>2.55000</protein-total>
    <vitamins-choline>7.60000</vitamins-choline>
    <vitamins-folate>49.00000</vitamins-folate>
    <vitamins-niacin>1.08400</vitamins-niacin>
    <vitamins-pantothenic_acid>0.45100</vitamins-pantothenic_acid>
    <vitamins-riboflavin>0.04000</vitamins-riboflavin>
    <vitamins-thiamin>0.06700</vitamins-thiamin>
    <vitamins-vitamin_a>31.00000</vitamins-vitamin_a>
    <vitamins-vitamin_b12>0.00000</vitamins-vitamin_b12>
    <vitamins-vitamin_b6>0.11000</vitamins-vitamin_b6>
    <vitamins-vitamin_c>228.30000</vitamins-vitamin_c>
    <vitamins-vitamin_d>0.00000</vitamins-vitamin_d>
    <vitamins-vitamin_e>0.73000</vitamins-vitamin_e>
    <vitamins-vitamin_k>2.60000</vitamins-vitamin_k>
</food>