<food xmlns:xsi="http://www.w3.org/2001/XMLSchema-instance" xsi:noNamespaceSchemaLocation="https://xjrga.github.io/schemas/food_v2.xsd">
    <food-id>09167</food-id>
    <food-name>Loganberries, frozen</food-name>
    <carbohydrates-carbs_by_diff>13.02000</carbohydrates-carbs_by_diff>
    <carbohydrates-fiber>5.30000</carbohydrates-fiber>
    <carbohydrates-glycemicindex>0.00000</carbohydrates-glycemicindex>
    <energy-gross>55.00000</energy-gross>
    <fats-cholesterol>0.00000</fats-cholesterol>
    <fats-dha>0.00000</fats-dha>
    <fats-epa>0.00000</fats-epa>
    <fats-lauric>0.00000</fats-lauric>
    <fats-linoleic>0.11700</fats-linoleic>
    <fats-linolenic>0.05900</fats-linolenic>
    <fats-monounsaturated>0.03000</fats-monounsaturated>
    <fats-myristic>0.00000</fats-myristic>
    <fats-palmitic>0.00700</fats-palmitic>
    <fats-polyunsaturated>0.17600</fats-polyunsaturated>
    <fats-saturated>0.01100</fats-saturated>
    <fats-stearic>0.00200</fats-stearic>
    <fats-total>0.31000</fats-total>
    <minerals-calcium>26.00000</minerals-calcium>
    <minerals-copper>0.11700</minerals-copper>
    <minerals-iron>0.64000</minerals-iron>
    <minerals-magnesium>21.00000</minerals-magnesium>
    <minerals-manganese>1.24700</minerals-manganese>
    <minerals-phosphorus>26.00000</minerals-phosphorus>
    <minerals-potassium>145.00000</minerals-potassium>
    <minerals-selenium>0.20000</minerals-selenium>
    <minerals-sodium>1.00000</minerals-sodium>
    <minerals-zinc>0.34000</minerals-zinc>
    <other-alcohol>0.00000</other-alcohol>
    <other-cost>0.0</other-cost>
    <other-water>84.61000</other-water>
    <other-weight>100.00000</other-weight>
    <protein-complete>0.00000</protein-complete>
    <protein-total>1.52000</protein-total>
    <vitamins-choline>8.50000</vitamins-choline>
    <vitamins-folate>26.00000</vitamins-folate>
    <vitamins-niacin>0.84000</vitamins-niacin>
    <vitamins-pantothenic_acid>0.24400</vitamins-pantothenic_acid>
    <vitamins-riboflavin>0.03400</vitamins-riboflavin>
    <vitamins-thiamin>0.05000</vitamins-thiamin>
    <vitamins-vitamin_a>2.00000</vitamins-vitamin_a>
    <vitamins-vitamin_b12>0.00000</vitamins-vitamin_b12>
    <vitamins-vitamin_b6>0.06500</vitamins-vitamin_b6>
    <vitamins-vitamin_c>15.30000</vitamins-vitamin_c>
    <vitamins-vitamin_d>0.00000</vitamins-vitamin_d>
    <vitamins-vitamin_e>0.87000</vitamins-vitamin_e>
    <vitamins-vitamin_k>7.80000</vitamins-vitamin_k>
</food>