<food xmlns:xsi="http://www.w3.org/2001/XMLSchema-instance" xsi:noNamespaceSchemaLocation="https://xjrga.github.io/schemas/food_v2.xsd">
    <food-id>09294</food-id>
    <food-name>Prune juice, canned</food-name>
    <carbohydrates-carbs_by_diff>17.45000</carbohydrates-carbs_by_diff>
    <carbohydrates-fiber>1.00000</carbohydrates-fiber>
    <carbohydrates-glycemicindex>0.00000</carbohydrates-glycemicindex>
    <energy-gross>71.00000</energy-gross>
    <fats-cholesterol>0.00000</fats-cholesterol>
    <fats-dha>0.00000</fats-dha>
    <fats-epa>0.00000</fats-epa>
    <fats-lauric>0.00000</fats-lauric>
    <fats-linoleic>0.00700</fats-linoleic>
    <fats-linolenic>0.00000</fats-linolenic>
    <fats-monounsaturated>0.02100</fats-monounsaturated>
    <fats-myristic>0.00000</fats-myristic>
    <fats-palmitic>0.00200</fats-palmitic>
    <fats-polyunsaturated>0.00700</fats-polyunsaturated>
    <fats-saturated>0.00300</fats-saturated>
    <fats-stearic>0.00000</fats-stearic>
    <fats-total>0.03000</fats-total>
    <minerals-calcium>12.00000</minerals-calcium>
    <minerals-copper>0.06800</minerals-copper>
    <minerals-iron>1.18000</minerals-iron>
    <minerals-magnesium>14.00000</minerals-magnesium>
    <minerals-manganese>0.15100</minerals-manganese>
    <minerals-phosphorus>25.00000</minerals-phosphorus>
    <minerals-potassium>276.00000</minerals-potassium>
    <minerals-selenium>0.60000</minerals-selenium>
    <minerals-sodium>4.00000</minerals-sodium>
    <minerals-zinc>0.21000</minerals-zinc>
    <other-alcohol>0.00000</other-alcohol>
    <other-cost>0.0</other-cost>
    <other-water>81.24000</other-water>
    <other-weight>100.00000</other-weight>
    <protein-complete>0.00000</protein-complete>
    <protein-total>0.61000</protein-total>
    <vitamins-choline>2.70000</vitamins-choline>
    <vitamins-folate>0.00000</vitamins-folate>
    <vitamins-niacin>0.78500</vitamins-niacin>
    <vitamins-pantothenic_acid>0.10700</vitamins-pantothenic_acid>
    <vitamins-riboflavin>0.07000</vitamins-riboflavin>
    <vitamins-thiamin>0.01600</vitamins-thiamin>
    <vitamins-vitamin_a>0.00000</vitamins-vitamin_a>
    <vitamins-vitamin_b12>0.00000</vitamins-vitamin_b12>
    <vitamins-vitamin_b6>0.21800</vitamins-vitamin_b6>
    <vitamins-vitamin_c>4.10000</vitamins-vitamin_c>
    <vitamins-vitamin_d>0.00000</vitamins-vitamin_d>
    <vitamins-vitamin_e>0.12000</vitamins-vitamin_e>
    <vitamins-vitamin_k>3.40000</vitamins-vitamin_k>
</food>