<food xmlns:xsi="http://www.w3.org/2001/XMLSchema-instance" xsi:noNamespaceSchemaLocation="https://xjrga.github.io/schemas/food_v2.xsd">
    <food-id>09213</food-id>
    <food-name>Orange juice, frozen concentrate, unsweetened, undiluted, with added calcium</food-name>
    <carbohydrates-carbs_by_diff>33.86000</carbohydrates-carbs_by_diff>
    <carbohydrates-fiber>1.00000</carbohydrates-fiber>
    <carbohydrates-glycemicindex>0.00000</carbohydrates-glycemicindex>
    <energy-gross>147.00000</energy-gross>
    <fats-cholesterol>0.00000</fats-cholesterol>
    <fats-dha>0.00000</fats-dha>
    <fats-epa>0.00000</fats-epa>
    <fats-lauric>0.00300</fats-lauric>
    <fats-linoleic>0.04600</fats-linoleic>
    <fats-linolenic>0.01700</fats-linolenic>
    <fats-monounsaturated>0.05000</fats-monounsaturated>
    <fats-myristic>0.00200</fats-myristic>
    <fats-palmitic>0.04000</fats-palmitic>
    <fats-polyunsaturated>0.06300</fats-polyunsaturated>
    <fats-saturated>0.05900</fats-saturated>
    <fats-stearic>0.00800</fats-stearic>
    <fats-total>0.25000</fats-total>
    <minerals-calcium>578.00000</minerals-calcium>
    <minerals-copper>0.05900</minerals-copper>
    <minerals-iron>0.33000</minerals-iron>
    <minerals-magnesium>35.00000</minerals-magnesium>
    <minerals-manganese>0.11600</minerals-manganese>
    <minerals-phosphorus>313.00000</minerals-phosphorus>
    <minerals-potassium>629.00000</minerals-potassium>
    <minerals-selenium>0.40000</minerals-selenium>
    <minerals-sodium>7.00000</minerals-sodium>
    <minerals-zinc>0.16000</minerals-zinc>
    <other-alcohol>0.00000</other-alcohol>
    <other-cost>0.0</other-cost>
    <other-water>60.57000</other-water>
    <other-weight>100.00000</other-weight>
    <protein-complete>0.00000</protein-complete>
    <protein-total>2.40000</protein-total>
    <vitamins-choline>20.00000</vitamins-choline>
    <vitamins-folate>77.00000</vitamins-folate>
    <vitamins-niacin>1.09300</vitamins-niacin>
    <vitamins-pantothenic_acid>0.73200</vitamins-pantothenic_acid>
    <vitamins-riboflavin>0.17500</vitamins-riboflavin>
    <vitamins-thiamin>0.27500</vitamins-thiamin>
    <vitamins-vitamin_a>13.00000</vitamins-vitamin_a>
    <vitamins-vitamin_b12>0.00000</vitamins-vitamin_b12>
    <vitamins-vitamin_b6>0.26000</vitamins-vitamin_b6>
    <vitamins-vitamin_c>144.80000</vitamins-vitamin_c>
    <vitamins-vitamin_d>0.00000</vitamins-vitamin_d>
    <vitamins-vitamin_e>0.60000</vitamins-vitamin_e>
    <vitamins-vitamin_k>0.40000</vitamins-vitamin_k>
</food>