<food xmlns:xsi="http://www.w3.org/2001/XMLSchema-instance" xsi:noNamespaceSchemaLocation="https://xjrga.github.io/schemas/food_v2.xsd">
    <food-id>09273</food-id>
    <food-name>Pineapple juice, canned or bottled, unsweetened, without added ascorbic acid</food-name>
    <carbohydrates-carbs_by_diff>12.87000</carbohydrates-carbs_by_diff>
    <carbohydrates-fiber>0.20000</carbohydrates-fiber>
    <carbohydrates-glycemicindex>0.00000</carbohydrates-glycemicindex>
    <energy-gross>53.00000</energy-gross>
    <fats-cholesterol>0.00000</fats-cholesterol>
    <fats-dha>0.00000</fats-dha>
    <fats-epa>0.00000</fats-epa>
    <fats-lauric>0.00000</fats-lauric>
    <fats-linoleic>0.02400</fats-linoleic>
    <fats-linolenic>0.01800</fats-linolenic>
    <fats-monounsaturated>0.01400</fats-monounsaturated>
    <fats-myristic>0.00000</fats-myristic>
    <fats-palmitic>0.00500</fats-palmitic>
    <fats-polyunsaturated>0.04200</fats-polyunsaturated>
    <fats-saturated>0.00800</fats-saturated>
    <fats-stearic>0.00300</fats-stearic>
    <fats-total>0.12000</fats-total>
    <minerals-calcium>13.00000</minerals-calcium>
    <minerals-copper>0.06900</minerals-copper>
    <minerals-iron>0.31000</minerals-iron>
    <minerals-magnesium>12.00000</minerals-magnesium>
    <minerals-manganese>0.50400</minerals-manganese>
    <minerals-phosphorus>8.00000</minerals-phosphorus>
    <minerals-potassium>130.00000</minerals-potassium>
    <minerals-selenium>0.10000</minerals-selenium>
    <minerals-sodium>2.00000</minerals-sodium>
    <minerals-zinc>0.11000</minerals-zinc>
    <other-alcohol>0.00000</other-alcohol>
    <other-cost>0.0</other-cost>
    <other-water>86.37000</other-water>
    <other-weight>100.00000</other-weight>
    <protein-complete>0.00000</protein-complete>
    <protein-total>0.36000</protein-total>
    <vitamins-choline>3.30000</vitamins-choline>
    <vitamins-folate>18.00000</vitamins-folate>
    <vitamins-niacin>0.19900</vitamins-niacin>
    <vitamins-pantothenic_acid>0.05600</vitamins-pantothenic_acid>
    <vitamins-riboflavin>0.02100</vitamins-riboflavin>
    <vitamins-thiamin>0.05800</vitamins-thiamin>
    <vitamins-vitamin_a>0.00000</vitamins-vitamin_a>
    <vitamins-vitamin_b12>0.00000</vitamins-vitamin_b12>
    <vitamins-vitamin_b6>0.10000</vitamins-vitamin_b6>
    <vitamins-vitamin_c>10.00000</vitamins-vitamin_c>
    <vitamins-vitamin_d>0.00000</vitamins-vitamin_d>
    <vitamins-vitamin_e>0.02000</vitamins-vitamin_e>
    <vitamins-vitamin_k>0.30000</vitamins-vitamin_k>
</food>