<food xmlns:xsi="http://www.w3.org/2001/XMLSchema-instance" xsi:noNamespaceSchemaLocation="https://xjrga.github.io/schemas/food_v2.xsd">
    <food-id>09212</food-id>
    <food-name>Orange juice, frozen concentrate, unsweetened, diluted with 3 volume water, with added calcium</food-name>
    <carbohydrates-carbs_by_diff>8.47000</carbohydrates-carbs_by_diff>
    <carbohydrates-fiber>0.20000</carbohydrates-fiber>
    <carbohydrates-glycemicindex>0.00000</carbohydrates-glycemicindex>
    <energy-gross>37.00000</energy-gross>
    <fats-cholesterol>0.00000</fats-cholesterol>
    <fats-dha>0.00000</fats-dha>
    <fats-epa>0.00000</fats-epa>
    <fats-lauric>0.00100</fats-lauric>
    <fats-linoleic>0.01200</fats-linoleic>
    <fats-linolenic>0.00400</fats-linolenic>
    <fats-monounsaturated>0.01200</fats-monounsaturated>
    <fats-myristic>0.00100</fats-myristic>
    <fats-palmitic>0.01000</fats-palmitic>
    <fats-polyunsaturated>0.01600</fats-polyunsaturated>
    <fats-saturated>0.01500</fats-saturated>
    <fats-stearic>0.00200</fats-stearic>
    <fats-total>0.06000</fats-total>
    <minerals-calcium>147.00000</minerals-calcium>
    <minerals-copper>0.02100</minerals-copper>
    <minerals-iron>0.08000</minerals-iron>
    <minerals-magnesium>10.00000</minerals-magnesium>
    <minerals-manganese>0.00000</minerals-manganese>
    <minerals-phosphorus>78.00000</minerals-phosphorus>
    <minerals-potassium>158.00000</minerals-potassium>
    <minerals-selenium>0.10000</minerals-selenium>
    <minerals-sodium>4.00000</minerals-sodium>
    <minerals-zinc>0.04000</minerals-zinc>
    <other-alcohol>0.00000</other-alcohol>
    <other-cost>0.0</other-cost>
    <other-water>90.07000</other-water>
    <other-weight>100.00000</other-weight>
    <protein-complete>0.00000</protein-complete>
    <protein-total>0.60000</protein-total>
    <vitamins-choline>5.00000</vitamins-choline>
    <vitamins-folate>19.00000</vitamins-folate>
    <vitamins-niacin>0.27300</vitamins-niacin>
    <vitamins-pantothenic_acid>0.00000</vitamins-pantothenic_acid>
    <vitamins-riboflavin>0.04400</vitamins-riboflavin>
    <vitamins-thiamin>0.06900</vitamins-thiamin>
    <vitamins-vitamin_a>3.00000</vitamins-vitamin_a>
    <vitamins-vitamin_b12>0.00000</vitamins-vitamin_b12>
    <vitamins-vitamin_b6>0.06500</vitamins-vitamin_b6>
    <vitamins-vitamin_c>36.20000</vitamins-vitamin_c>
    <vitamins-vitamin_d>0.00000</vitamins-vitamin_d>
    <vitamins-vitamin_e>0.15000</vitamins-vitamin_e>
    <vitamins-vitamin_k>0.10000</vitamins-vitamin_k>
</food>