<food xmlns:xsi="http://www.w3.org/2001/XMLSchema-instance" xsi:noNamespaceSchemaLocation="https://xjrga.github.io/schemas/food_v2.xsd">
    <food-id>09241</food-id>
    <food-name>Peaches, canned, heavy syrup pack, solids and liquids</food-name>
    <carbohydrates-carbs_by_diff>19.94000</carbohydrates-carbs_by_diff>
    <carbohydrates-fiber>1.30000</carbohydrates-fiber>
    <carbohydrates-glycemicindex>0.00000</carbohydrates-glycemicindex>
    <energy-gross>74.00000</energy-gross>
    <fats-cholesterol>0.00000</fats-cholesterol>
    <fats-dha>0.00000</fats-dha>
    <fats-epa>0.00000</fats-epa>
    <fats-lauric>0.00000</fats-lauric>
    <fats-linoleic>0.04600</fats-linoleic>
    <fats-linolenic>0.00100</fats-linolenic>
    <fats-monounsaturated>0.03500</fats-monounsaturated>
    <fats-myristic>0.00000</fats-myristic>
    <fats-palmitic>0.00900</fats-palmitic>
    <fats-polyunsaturated>0.04700</fats-polyunsaturated>
    <fats-saturated>0.01000</fats-saturated>
    <fats-stearic>0.00100</fats-stearic>
    <fats-total>0.10000</fats-total>
    <minerals-calcium>3.00000</minerals-calcium>
    <minerals-copper>0.05100</minerals-copper>
    <minerals-iron>0.27000</minerals-iron>
    <minerals-magnesium>5.00000</minerals-magnesium>
    <minerals-manganese>0.04500</minerals-manganese>
    <minerals-phosphorus>11.00000</minerals-phosphorus>
    <minerals-potassium>92.00000</minerals-potassium>
    <minerals-selenium>0.30000</minerals-selenium>
    <minerals-sodium>6.00000</minerals-sodium>
    <minerals-zinc>0.09000</minerals-zinc>
    <other-alcohol>0.00000</other-alcohol>
    <other-cost>0.0</other-cost>
    <other-water>79.28000</other-water>
    <other-weight>100.00000</other-weight>
    <protein-complete>0.00000</protein-complete>
    <protein-total>0.45000</protein-total>
    <vitamins-choline>4.10000</vitamins-choline>
    <vitamins-folate>3.00000</vitamins-folate>
    <vitamins-niacin>0.61400</vitamins-niacin>
    <vitamins-pantothenic_acid>0.05000</vitamins-pantothenic_acid>
    <vitamins-riboflavin>0.02400</vitamins-riboflavin>
    <vitamins-thiamin>0.01100</vitamins-thiamin>
    <vitamins-vitamin_a>17.00000</vitamins-vitamin_a>
    <vitamins-vitamin_b12>0.00000</vitamins-vitamin_b12>
    <vitamins-vitamin_b6>0.01900</vitamins-vitamin_b6>
    <vitamins-vitamin_c>2.80000</vitamins-vitamin_c>
    <vitamins-vitamin_d>0.00000</vitamins-vitamin_d>
    <vitamins-vitamin_e>0.49000</vitamins-vitamin_e>
    <vitamins-vitamin_k>1.70000</vitamins-vitamin_k>
</food>