<food xmlns:xsi="http://www.w3.org/2001/XMLSchema-instance" xsi:noNamespaceSchemaLocation="https://xjrga.github.io/schemas/food_v2.xsd">
    <food-id>09205</food-id>
    <food-name>Oranges, raw, with peel</food-name>
    <carbohydrates-carbs_by_diff>15.50000</carbohydrates-carbs_by_diff>
    <carbohydrates-fiber>4.50000</carbohydrates-fiber>
    <carbohydrates-glycemicindex>0.00000</carbohydrates-glycemicindex>
    <energy-gross>63.00000</energy-gross>
    <fats-cholesterol>0.00000</fats-cholesterol>
    <fats-dha>0.00000</fats-dha>
    <fats-epa>0.00000</fats-epa>
    <fats-lauric>0.00100</fats-lauric>
    <fats-linoleic>0.04400</fats-linoleic>
    <fats-linolenic>0.01600</fats-linolenic>
    <fats-monounsaturated>0.05500</fats-monounsaturated>
    <fats-myristic>0.00100</fats-myristic>
    <fats-palmitic>0.03000</fats-palmitic>
    <fats-polyunsaturated>0.06000</fats-polyunsaturated>
    <fats-saturated>0.03500</fats-saturated>
    <fats-stearic>0.00100</fats-stearic>
    <fats-total>0.30000</fats-total>
    <minerals-calcium>70.00000</minerals-calcium>
    <minerals-copper>0.05700</minerals-copper>
    <minerals-iron>0.80000</minerals-iron>
    <minerals-magnesium>14.00000</minerals-magnesium>
    <minerals-manganese>0.00000</minerals-manganese>
    <minerals-phosphorus>22.00000</minerals-phosphorus>
    <minerals-potassium>196.00000</minerals-potassium>
    <minerals-selenium>0.70000</minerals-selenium>
    <minerals-sodium>2.00000</minerals-sodium>
    <minerals-zinc>0.11000</minerals-zinc>
    <other-alcohol>0.00000</other-alcohol>
    <other-cost>0.0</other-cost>
    <other-water>82.30000</other-water>
    <other-weight>100.00000</other-weight>
    <protein-complete>0.00000</protein-complete>
    <protein-total>1.30000</protein-total>
    <vitamins-choline>0.00000</vitamins-choline>
    <vitamins-folate>30.00000</vitamins-folate>
    <vitamins-niacin>0.50000</vitamins-niacin>
    <vitamins-pantothenic_acid>0.33000</vitamins-pantothenic_acid>
    <vitamins-riboflavin>0.05000</vitamins-riboflavin>
    <vitamins-thiamin>0.10000</vitamins-thiamin>
    <vitamins-vitamin_a>13.00000</vitamins-vitamin_a>
    <vitamins-vitamin_b12>0.00000</vitamins-vitamin_b12>
    <vitamins-vitamin_b6>0.09300</vitamins-vitamin_b6>
    <vitamins-vitamin_c>71.00000</vitamins-vitamin_c>
    <vitamins-vitamin_d>0.00000</vitamins-vitamin_d>
    <vitamins-vitamin_e>0.00000</vitamins-vitamin_e>
    <vitamins-vitamin_k>0.00000</vitamins-vitamin_k>
</food>