<food xmlns:xsi="http://www.w3.org/2001/XMLSchema-instance" xsi:noNamespaceSchemaLocation="https://xjrga.github.io/schemas/food_v2.xsd">
    <food-id>09245</food-id>
    <food-name>Peaches, dehydrated (low-moisture), sulfured, stewed</food-name>
    <carbohydrates-carbs_by_diff>34.14000</carbohydrates-carbs_by_diff>
    <carbohydrates-fiber>0.00000</carbohydrates-fiber>
    <carbohydrates-glycemicindex>0.00000</carbohydrates-glycemicindex>
    <energy-gross>133.00000</energy-gross>
    <fats-cholesterol>0.00000</fats-cholesterol>
    <fats-dha>0.00000</fats-dha>
    <fats-epa>0.00000</fats-epa>
    <fats-lauric>0.00000</fats-lauric>
    <fats-linoleic>0.19900</fats-linoleic>
    <fats-linolenic>0.00500</fats-linolenic>
    <fats-monounsaturated>0.15400</fats-monounsaturated>
    <fats-myristic>0.00000</fats-myristic>
    <fats-palmitic>0.04000</fats-palmitic>
    <fats-polyunsaturated>0.20400</fats-polyunsaturated>
    <fats-saturated>0.04500</fats-saturated>
    <fats-stearic>0.00600</fats-stearic>
    <fats-total>0.42000</fats-total>
    <minerals-calcium>16.00000</minerals-calcium>
    <minerals-copper>0.20200</minerals-copper>
    <minerals-iron>2.26000</minerals-iron>
    <minerals-magnesium>23.00000</minerals-magnesium>
    <minerals-manganese>0.17000</minerals-manganese>
    <minerals-phosphorus>66.00000</minerals-phosphorus>
    <minerals-potassium>554.00000</minerals-potassium>
    <minerals-selenium>0.00000</minerals-selenium>
    <minerals-sodium>4.00000</minerals-sodium>
    <minerals-zinc>0.32000</minerals-zinc>
    <other-alcohol>0.00000</other-alcohol>
    <other-cost>0.0</other-cost>
    <other-water>62.04000</other-water>
    <other-weight>100.00000</other-weight>
    <protein-complete>0.00000</protein-complete>
    <protein-total>2.01000</protein-total>
    <vitamins-choline>0.00000</vitamins-choline>
    <vitamins-folate>3.00000</vitamins-folate>
    <vitamins-niacin>2.03000</vitamins-niacin>
    <vitamins-pantothenic_acid>0.35600</vitamins-pantothenic_acid>
    <vitamins-riboflavin>0.06000</vitamins-riboflavin>
    <vitamins-thiamin>0.00800</vitamins-thiamin>
    <vitamins-vitamin_a>20.00000</vitamins-vitamin_a>
    <vitamins-vitamin_b12>0.00000</vitamins-vitamin_b12>
    <vitamins-vitamin_b6>0.05400</vitamins-vitamin_b6>
    <vitamins-vitamin_c>6.80000</vitamins-vitamin_c>
    <vitamins-vitamin_d>0.00000</vitamins-vitamin_d>
    <vitamins-vitamin_e>0.00000</vitamins-vitamin_e>
    <vitamins-vitamin_k>0.00000</vitamins-vitamin_k>
</food>