<food xmlns:xsi="http://www.w3.org/2001/XMLSchema-instance" xsi:noNamespaceSchemaLocation="https://xjrga.github.io/schemas/food_v2.xsd">
    <food-id>09292</food-id>
    <food-name>Plums, dried (prunes), stewed, without added sugar</food-name>
    <carbohydrates-carbs_by_diff>28.08000</carbohydrates-carbs_by_diff>
    <carbohydrates-fiber>3.10000</carbohydrates-fiber>
    <carbohydrates-glycemicindex>0.00000</carbohydrates-glycemicindex>
    <energy-gross>107.00000</energy-gross>
    <fats-cholesterol>0.00000</fats-cholesterol>
    <fats-dha>0.00000</fats-dha>
    <fats-epa>0.00000</fats-epa>
    <fats-lauric>0.00000</fats-lauric>
    <fats-linoleic>0.02600</fats-linoleic>
    <fats-linolenic>0.00000</fats-linolenic>
    <fats-monounsaturated>0.08000</fats-monounsaturated>
    <fats-myristic>0.00000</fats-myristic>
    <fats-palmitic>0.00800</fats-palmitic>
    <fats-polyunsaturated>0.02600</fats-polyunsaturated>
    <fats-saturated>0.01000</fats-saturated>
    <fats-stearic>0.00200</fats-stearic>
    <fats-total>0.16000</fats-total>
    <minerals-calcium>19.00000</minerals-calcium>
    <minerals-copper>0.12300</minerals-copper>
    <minerals-iron>0.41000</minerals-iron>
    <minerals-magnesium>18.00000</minerals-magnesium>
    <minerals-manganese>0.13100</minerals-manganese>
    <minerals-phosphorus>30.00000</minerals-phosphorus>
    <minerals-potassium>321.00000</minerals-potassium>
    <minerals-selenium>0.10000</minerals-selenium>
    <minerals-sodium>1.00000</minerals-sodium>
    <minerals-zinc>0.19000</minerals-zinc>
    <other-alcohol>0.00000</other-alcohol>
    <other-cost>0.0</other-cost>
    <other-water>69.73000</other-water>
    <other-weight>100.00000</other-weight>
    <protein-complete>0.00000</protein-complete>
    <protein-total>0.96000</protein-total>
    <vitamins-choline>4.40000</vitamins-choline>
    <vitamins-folate>0.00000</vitamins-folate>
    <vitamins-niacin>0.72300</vitamins-niacin>
    <vitamins-pantothenic_acid>0.10700</vitamins-pantothenic_acid>
    <vitamins-riboflavin>0.10000</vitamins-riboflavin>
    <vitamins-thiamin>0.02400</vitamins-thiamin>
    <vitamins-vitamin_a>17.00000</vitamins-vitamin_a>
    <vitamins-vitamin_b12>0.00000</vitamins-vitamin_b12>
    <vitamins-vitamin_b6>0.21800</vitamins-vitamin_b6>
    <vitamins-vitamin_c>2.90000</vitamins-vitamin_c>
    <vitamins-vitamin_d>0.00000</vitamins-vitamin_d>
    <vitamins-vitamin_e>0.19000</vitamins-vitamin_e>
    <vitamins-vitamin_k>26.10000</vitamins-vitamin_k>
</food>