<food xmlns:xsi="http://www.w3.org/2001/XMLSchema-instance" xsi:noNamespaceSchemaLocation="https://xjrga.github.io/schemas/food_v2.xsd">
    <food-id>09286</food-id>
    <food-name>Pomegranates, raw</food-name>
    <carbohydrates-carbs_by_diff>18.70000</carbohydrates-carbs_by_diff>
    <carbohydrates-fiber>4.00000</carbohydrates-fiber>
    <carbohydrates-glycemicindex>0.00000</carbohydrates-glycemicindex>
    <energy-gross>83.00000</energy-gross>
    <fats-cholesterol>0.00000</fats-cholesterol>
    <fats-dha>0.00000</fats-dha>
    <fats-epa>0.00000</fats-epa>
    <fats-lauric>0.00600</fats-lauric>
    <fats-linoleic>0.07900</fats-linoleic>
    <fats-linolenic>0.00000</fats-linolenic>
    <fats-monounsaturated>0.09300</fats-monounsaturated>
    <fats-myristic>0.00600</fats-myristic>
    <fats-palmitic>0.07000</fats-palmitic>
    <fats-polyunsaturated>0.07900</fats-polyunsaturated>
    <fats-saturated>0.12000</fats-saturated>
    <fats-stearic>0.03000</fats-stearic>
    <fats-total>1.17000</fats-total>
    <minerals-calcium>10.00000</minerals-calcium>
    <minerals-copper>0.15800</minerals-copper>
    <minerals-iron>0.30000</minerals-iron>
    <minerals-magnesium>12.00000</minerals-magnesium>
    <minerals-manganese>0.11900</minerals-manganese>
    <minerals-phosphorus>36.00000</minerals-phosphorus>
    <minerals-potassium>236.00000</minerals-potassium>
    <minerals-selenium>0.50000</minerals-selenium>
    <minerals-sodium>3.00000</minerals-sodium>
    <minerals-zinc>0.35000</minerals-zinc>
    <other-alcohol>0.00000</other-alcohol>
    <other-cost>0.0</other-cost>
    <other-water>77.93000</other-water>
    <other-weight>100.00000</other-weight>
    <protein-complete>0.00000</protein-complete>
    <protein-total>1.67000</protein-total>
    <vitamins-choline>7.60000</vitamins-choline>
    <vitamins-folate>38.00000</vitamins-folate>
    <vitamins-niacin>0.29300</vitamins-niacin>
    <vitamins-pantothenic_acid>0.37700</vitamins-pantothenic_acid>
    <vitamins-riboflavin>0.05300</vitamins-riboflavin>
    <vitamins-thiamin>0.06700</vitamins-thiamin>
    <vitamins-vitamin_a>0.00000</vitamins-vitamin_a>
    <vitamins-vitamin_b12>0.00000</vitamins-vitamin_b12>
    <vitamins-vitamin_b6>0.07500</vitamins-vitamin_b6>
    <vitamins-vitamin_c>10.20000</vitamins-vitamin_c>
    <vitamins-vitamin_d>0.00000</vitamins-vitamin_d>
    <vitamins-vitamin_e>0.60000</vitamins-vitamin_e>
    <vitamins-vitamin_k>16.40000</vitamins-vitamin_k>
</food>