<food xmlns:xsi="http://www.w3.org/2001/XMLSchema-instance" xsi:noNamespaceSchemaLocation="https://xjrga.github.io/schemas/food_v2.xsd">
    <food-id>09252</food-id>
    <food-name>Pears, raw</food-name>
    <carbohydrates-carbs_by_diff>15.23000</carbohydrates-carbs_by_diff>
    <carbohydrates-fiber>3.10000</carbohydrates-fiber>
    <carbohydrates-glycemicindex>38.00000</carbohydrates-glycemicindex>
    <energy-gross>57.00000</energy-gross>
    <fats-cholesterol>0.00000</fats-cholesterol>
    <fats-dha>0.00000</fats-dha>
    <fats-epa>0.00000</fats-epa>
    <fats-lauric>0.00000</fats-lauric>
    <fats-linoleic>0.09300</fats-linoleic>
    <fats-linolenic>0.00100</fats-linolenic>
    <fats-monounsaturated>0.08400</fats-monounsaturated>
    <fats-myristic>0.00000</fats-myristic>
    <fats-palmitic>0.01000</fats-palmitic>
    <fats-polyunsaturated>0.09400</fats-polyunsaturated>
    <fats-saturated>0.02200</fats-saturated>
    <fats-stearic>0.00300</fats-stearic>
    <fats-total>0.14000</fats-total>
    <minerals-calcium>9.00000</minerals-calcium>
    <minerals-copper>0.08200</minerals-copper>
    <minerals-iron>0.18000</minerals-iron>
    <minerals-magnesium>7.00000</minerals-magnesium>
    <minerals-manganese>0.04800</minerals-manganese>
    <minerals-phosphorus>12.00000</minerals-phosphorus>
    <minerals-potassium>116.00000</minerals-potassium>
    <minerals-selenium>0.10000</minerals-selenium>
    <minerals-sodium>1.00000</minerals-sodium>
    <minerals-zinc>0.10000</minerals-zinc>
    <other-alcohol>0.00000</other-alcohol>
    <other-cost>0.0</other-cost>
    <other-water>83.96000</other-water>
    <other-weight>100.00000</other-weight>
    <protein-complete>0.00000</protein-complete>
    <protein-total>0.36000</protein-total>
    <vitamins-choline>5.10000</vitamins-choline>
    <vitamins-folate>7.00000</vitamins-folate>
    <vitamins-niacin>0.16100</vitamins-niacin>
    <vitamins-pantothenic_acid>0.04900</vitamins-pantothenic_acid>
    <vitamins-riboflavin>0.02600</vitamins-riboflavin>
    <vitamins-thiamin>0.01200</vitamins-thiamin>
    <vitamins-vitamin_a>1.00000</vitamins-vitamin_a>
    <vitamins-vitamin_b12>0.00000</vitamins-vitamin_b12>
    <vitamins-vitamin_b6>0.02900</vitamins-vitamin_b6>
    <vitamins-vitamin_c>4.30000</vitamins-vitamin_c>
    <vitamins-vitamin_d>0.00000</vitamins-vitamin_d>
    <vitamins-vitamin_e>0.12000</vitamins-vitamin_e>
    <vitamins-vitamin_k>4.40000</vitamins-vitamin_k>
</food>