<food xmlns:xsi="http://www.w3.org/2001/XMLSchema-instance" xsi:noNamespaceSchemaLocation="https://xjrga.github.io/schemas/food_v2.xsd">
    <food-id>09218</food-id>
    <food-name>Tangerines, (mandarin oranges), raw</food-name>
    <carbohydrates-carbs_by_diff>13.34000</carbohydrates-carbs_by_diff>
    <carbohydrates-fiber>1.80000</carbohydrates-fiber>
    <carbohydrates-glycemicindex>0.00000</carbohydrates-glycemicindex>
    <energy-gross>53.00000</energy-gross>
    <fats-cholesterol>0.00000</fats-cholesterol>
    <fats-dha>0.00000</fats-dha>
    <fats-epa>0.00000</fats-epa>
    <fats-lauric>0.00000</fats-lauric>
    <fats-linoleic>0.04800</fats-linoleic>
    <fats-linolenic>0.01800</fats-linolenic>
    <fats-monounsaturated>0.06000</fats-monounsaturated>
    <fats-myristic>0.00200</fats-myristic>
    <fats-palmitic>0.03000</fats-palmitic>
    <fats-polyunsaturated>0.06500</fats-polyunsaturated>
    <fats-saturated>0.03900</fats-saturated>
    <fats-stearic>0.00200</fats-stearic>
    <fats-total>0.31000</fats-total>
    <minerals-calcium>37.00000</minerals-calcium>
    <minerals-copper>0.04200</minerals-copper>
    <minerals-iron>0.15000</minerals-iron>
    <minerals-magnesium>12.00000</minerals-magnesium>
    <minerals-manganese>0.03900</minerals-manganese>
    <minerals-phosphorus>20.00000</minerals-phosphorus>
    <minerals-potassium>166.00000</minerals-potassium>
    <minerals-selenium>0.10000</minerals-selenium>
    <minerals-sodium>2.00000</minerals-sodium>
    <minerals-zinc>0.07000</minerals-zinc>
    <other-alcohol>0.00000</other-alcohol>
    <other-cost>0.0</other-cost>
    <other-water>85.17000</other-water>
    <other-weight>100.00000</other-weight>
    <protein-complete>0.00000</protein-complete>
    <protein-total>0.81000</protein-total>
    <vitamins-choline>10.20000</vitamins-choline>
    <vitamins-folate>16.00000</vitamins-folate>
    <vitamins-niacin>0.37600</vitamins-niacin>
    <vitamins-pantothenic_acid>0.21600</vitamins-pantothenic_acid>
    <vitamins-riboflavin>0.03600</vitamins-riboflavin>
    <vitamins-thiamin>0.05800</vitamins-thiamin>
    <vitamins-vitamin_a>34.00000</vitamins-vitamin_a>
    <vitamins-vitamin_b12>0.00000</vitamins-vitamin_b12>
    <vitamins-vitamin_b6>0.07800</vitamins-vitamin_b6>
    <vitamins-vitamin_c>26.70000</vitamins-vitamin_c>
    <vitamins-vitamin_d>0.00000</vitamins-vitamin_d>
    <vitamins-vitamin_e>0.20000</vitamins-vitamin_e>
    <vitamins-vitamin_k>0.00000</vitamins-vitamin_k>
</food>