<food xmlns:xsi="http://www.w3.org/2001/XMLSchema-instance" xsi:noNamespaceSchemaLocation="https://xjrga.github.io/schemas/food_v2.xsd">
    <food-id>09248</food-id>
    <food-name>Peaches, dried, sulfured, stewed, with added sugar</food-name>
    <carbohydrates-carbs_by_diff>26.60000</carbohydrates-carbs_by_diff>
    <carbohydrates-fiber>2.40000</carbohydrates-fiber>
    <carbohydrates-glycemicindex>0.00000</carbohydrates-glycemicindex>
    <energy-gross>103.00000</energy-gross>
    <fats-cholesterol>0.00000</fats-cholesterol>
    <fats-dha>0.00000</fats-dha>
    <fats-epa>0.00000</fats-epa>
    <fats-lauric>0.00000</fats-lauric>
    <fats-linoleic>0.10500</fats-linoleic>
    <fats-linolenic>0.00300</fats-linolenic>
    <fats-monounsaturated>0.08200</fats-monounsaturated>
    <fats-myristic>0.00000</fats-myristic>
    <fats-palmitic>0.02000</fats-palmitic>
    <fats-polyunsaturated>0.10800</fats-polyunsaturated>
    <fats-saturated>0.02400</fats-saturated>
    <fats-stearic>0.00300</fats-stearic>
    <fats-total>0.22000</fats-total>
    <minerals-calcium>8.00000</minerals-calcium>
    <minerals-copper>0.10700</minerals-copper>
    <minerals-iron>1.20000</minerals-iron>
    <minerals-magnesium>12.00000</minerals-magnesium>
    <minerals-manganese>0.08900</minerals-manganese>
    <minerals-phosphorus>35.00000</minerals-phosphorus>
    <minerals-potassium>292.00000</minerals-potassium>
    <minerals-selenium>0.70000</minerals-selenium>
    <minerals-sodium>2.00000</minerals-sodium>
    <minerals-zinc>0.17000</minerals-zinc>
    <other-alcohol>0.00000</other-alcohol>
    <other-cost>0.0</other-cost>
    <other-water>71.38000</other-water>
    <other-weight>100.00000</other-weight>
    <protein-complete>0.00000</protein-complete>
    <protein-total>1.06000</protein-total>
    <vitamins-choline>0.00000</vitamins-choline>
    <vitamins-folate>0.00000</vitamins-folate>
    <vitamins-niacin>1.38800</vitamins-niacin>
    <vitamins-pantothenic_acid>0.16500</vitamins-pantothenic_acid>
    <vitamins-riboflavin>0.01900</vitamins-riboflavin>
    <vitamins-thiamin>0.00500</vitamins-thiamin>
    <vitamins-vitamin_a>9.00000</vitamins-vitamin_a>
    <vitamins-vitamin_b12>0.00000</vitamins-vitamin_b12>
    <vitamins-vitamin_b6>0.03500</vitamins-vitamin_b6>
    <vitamins-vitamin_c>3.40000</vitamins-vitamin_c>
    <vitamins-vitamin_d>0.00000</vitamins-vitamin_d>
    <vitamins-vitamin_e>0.00000</vitamins-vitamin_e>
    <vitamins-vitamin_k>0.00000</vitamins-vitamin_k>
</food>