<food xmlns:xsi="http://www.w3.org/2001/XMLSchema-instance" xsi:noNamespaceSchemaLocation="https://xjrga.github.io/schemas/food_v2.xsd">
    <food-id>09261</food-id>
    <food-name>Pears, dried, sulfured, stewed, with added sugar</food-name>
    <carbohydrates-carbs_by_diff>37.14000</carbohydrates-carbs_by_diff>
    <carbohydrates-fiber>5.80000</carbohydrates-fiber>
    <carbohydrates-glycemicindex>0.00000</carbohydrates-glycemicindex>
    <energy-gross>140.00000</energy-gross>
    <fats-cholesterol>0.00000</fats-cholesterol>
    <fats-dha>0.00000</fats-dha>
    <fats-epa>0.00000</fats-epa>
    <fats-lauric>0.00000</fats-lauric>
    <fats-linoleic>0.06700</fats-linoleic>
    <fats-linolenic>0.00100</fats-linolenic>
    <fats-monounsaturated>0.06100</fats-monounsaturated>
    <fats-myristic>0.00000</fats-myristic>
    <fats-palmitic>0.01000</fats-palmitic>
    <fats-polyunsaturated>0.06800</fats-polyunsaturated>
    <fats-saturated>0.01600</fats-saturated>
    <fats-stearic>0.00200</fats-stearic>
    <fats-total>0.29000</fats-total>
    <minerals-calcium>15.00000</minerals-calcium>
    <minerals-copper>0.17100</minerals-copper>
    <minerals-iron>0.97000</minerals-iron>
    <minerals-magnesium>15.00000</minerals-magnesium>
    <minerals-manganese>0.15100</minerals-manganese>
    <minerals-phosphorus>27.00000</minerals-phosphorus>
    <minerals-potassium>245.00000</minerals-potassium>
    <minerals-selenium>2.40000</minerals-selenium>
    <minerals-sodium>3.00000</minerals-sodium>
    <minerals-zinc>0.18000</minerals-zinc>
    <other-alcohol>0.00000</other-alcohol>
    <other-cost>0.0</other-cost>
    <other-water>61.20000</other-water>
    <other-weight>100.00000</other-weight>
    <protein-complete>0.00000</protein-complete>
    <protein-total>0.86000</protein-total>
    <vitamins-choline>0.00000</vitamins-choline>
    <vitamins-folate>0.00000</vitamins-folate>
    <vitamins-niacin>0.33300</vitamins-niacin>
    <vitamins-pantothenic_acid>0.07000</vitamins-pantothenic_acid>
    <vitamins-riboflavin>0.01900</vitamins-riboflavin>
    <vitamins-thiamin>0.00400</vitamins-thiamin>
    <vitamins-vitamin_a>2.00000</vitamins-vitamin_a>
    <vitamins-vitamin_b12>0.00000</vitamins-vitamin_b12>
    <vitamins-vitamin_b6>0.03300</vitamins-vitamin_b6>
    <vitamins-vitamin_c>3.80000</vitamins-vitamin_c>
    <vitamins-vitamin_d>0.00000</vitamins-vitamin_d>
    <vitamins-vitamin_e>0.00000</vitamins-vitamin_e>
    <vitamins-vitamin_k>0.00000</vitamins-vitamin_k>
</food>