<food xmlns:xsi="http://www.w3.org/2001/XMLSchema-instance" xsi:noNamespaceSchemaLocation="https://xjrga.github.io/schemas/food_v2.xsd">
    <food-id>09203</food-id>
    <food-name>Oranges, raw, Florida</food-name>
    <carbohydrates-carbs_by_diff>11.54000</carbohydrates-carbs_by_diff>
    <carbohydrates-fiber>2.40000</carbohydrates-fiber>
    <carbohydrates-glycemicindex>0.00000</carbohydrates-glycemicindex>
    <energy-gross>46.00000</energy-gross>
    <fats-cholesterol>0.00000</fats-cholesterol>
    <fats-dha>0.00000</fats-dha>
    <fats-epa>0.00000</fats-epa>
    <fats-lauric>0.00000</fats-lauric>
    <fats-linoleic>0.03100</fats-linoleic>
    <fats-linolenic>0.01100</fats-linolenic>
    <fats-monounsaturated>0.03900</fats-monounsaturated>
    <fats-myristic>0.00100</fats-myristic>
    <fats-palmitic>0.02000</fats-palmitic>
    <fats-polyunsaturated>0.04200</fats-polyunsaturated>
    <fats-saturated>0.02500</fats-saturated>
    <fats-stearic>0.00100</fats-stearic>
    <fats-total>0.21000</fats-total>
    <minerals-calcium>43.00000</minerals-calcium>
    <minerals-copper>0.03900</minerals-copper>
    <minerals-iron>0.09000</minerals-iron>
    <minerals-magnesium>10.00000</minerals-magnesium>
    <minerals-manganese>0.02400</minerals-manganese>
    <minerals-phosphorus>12.00000</minerals-phosphorus>
    <minerals-potassium>169.00000</minerals-potassium>
    <minerals-selenium>0.50000</minerals-selenium>
    <minerals-sodium>0.00000</minerals-sodium>
    <minerals-zinc>0.08000</minerals-zinc>
    <other-alcohol>0.00000</other-alcohol>
    <other-cost>0.0</other-cost>
    <other-water>87.14000</other-water>
    <other-weight>100.00000</other-weight>
    <protein-complete>0.00000</protein-complete>
    <protein-total>0.70000</protein-total>
    <vitamins-choline>8.40000</vitamins-choline>
    <vitamins-folate>17.00000</vitamins-folate>
    <vitamins-niacin>0.40000</vitamins-niacin>
    <vitamins-pantothenic_acid>0.25000</vitamins-pantothenic_acid>
    <vitamins-riboflavin>0.04000</vitamins-riboflavin>
    <vitamins-thiamin>0.10000</vitamins-thiamin>
    <vitamins-vitamin_a>11.00000</vitamins-vitamin_a>
    <vitamins-vitamin_b12>0.00000</vitamins-vitamin_b12>
    <vitamins-vitamin_b6>0.05100</vitamins-vitamin_b6>
    <vitamins-vitamin_c>45.00000</vitamins-vitamin_c>
    <vitamins-vitamin_d>0.00000</vitamins-vitamin_d>
    <vitamins-vitamin_e>0.18000</vitamins-vitamin_e>
    <vitamins-vitamin_k>0.00000</vitamins-vitamin_k>
</food>