<food xmlns:xsi="http://www.w3.org/2001/XMLSchema-instance" xsi:noNamespaceSchemaLocation="https://xjrga.github.io/schemas/food_v2.xsd">
    <food-id>09262</food-id>
    <food-name>Pear nectar, canned, without added ascorbic acid</food-name>
    <carbohydrates-carbs_by_diff>15.76000</carbohydrates-carbs_by_diff>
    <carbohydrates-fiber>0.60000</carbohydrates-fiber>
    <carbohydrates-glycemicindex>0.00000</carbohydrates-glycemicindex>
    <energy-gross>60.00000</energy-gross>
    <fats-cholesterol>0.00000</fats-cholesterol>
    <fats-dha>0.00000</fats-dha>
    <fats-epa>0.00000</fats-epa>
    <fats-lauric>0.00000</fats-lauric>
    <fats-linoleic>0.00300</fats-linoleic>
    <fats-linolenic>0.00000</fats-linolenic>
    <fats-monounsaturated>0.00300</fats-monounsaturated>
    <fats-myristic>0.00000</fats-myristic>
    <fats-palmitic>0.00100</fats-palmitic>
    <fats-polyunsaturated>0.00300</fats-polyunsaturated>
    <fats-saturated>0.00100</fats-saturated>
    <fats-stearic>0.00000</fats-stearic>
    <fats-total>0.01000</fats-total>
    <minerals-calcium>5.00000</minerals-calcium>
    <minerals-copper>0.06700</minerals-copper>
    <minerals-iron>0.26000</minerals-iron>
    <minerals-magnesium>3.00000</minerals-magnesium>
    <minerals-manganese>0.03000</minerals-manganese>
    <minerals-phosphorus>3.00000</minerals-phosphorus>
    <minerals-potassium>13.00000</minerals-potassium>
    <minerals-selenium>0.00000</minerals-selenium>
    <minerals-sodium>4.00000</minerals-sodium>
    <minerals-zinc>0.07000</minerals-zinc>
    <other-alcohol>0.00000</other-alcohol>
    <other-cost>0.0</other-cost>
    <other-water>84.01000</other-water>
    <other-weight>100.00000</other-weight>
    <protein-complete>0.00000</protein-complete>
    <protein-total>0.11000</protein-total>
    <vitamins-choline>2.00000</vitamins-choline>
    <vitamins-folate>1.00000</vitamins-folate>
    <vitamins-niacin>0.12800</vitamins-niacin>
    <vitamins-pantothenic_acid>0.02200</vitamins-pantothenic_acid>
    <vitamins-riboflavin>0.01300</vitamins-riboflavin>
    <vitamins-thiamin>0.00200</vitamins-thiamin>
    <vitamins-vitamin_a>0.00000</vitamins-vitamin_a>
    <vitamins-vitamin_b12>0.00000</vitamins-vitamin_b12>
    <vitamins-vitamin_b6>0.01400</vitamins-vitamin_b6>
    <vitamins-vitamin_c>1.10000</vitamins-vitamin_c>
    <vitamins-vitamin_d>0.00000</vitamins-vitamin_d>
    <vitamins-vitamin_e>0.05000</vitamins-vitamin_e>
    <vitamins-vitamin_k>1.80000</vitamins-vitamin_k>
</food>