<food xmlns:xsi="http://www.w3.org/2001/XMLSchema-instance" xsi:noNamespaceSchemaLocation="https://xjrga.github.io/schemas/food_v2.xsd">
    <food-id>09229</food-id>
    <food-name>Papaya nectar, canned</food-name>
    <carbohydrates-carbs_by_diff>14.51000</carbohydrates-carbs_by_diff>
    <carbohydrates-fiber>0.60000</carbohydrates-fiber>
    <carbohydrates-glycemicindex>0.00000</carbohydrates-glycemicindex>
    <energy-gross>57.00000</energy-gross>
    <fats-cholesterol>0.00000</fats-cholesterol>
    <fats-dha>0.00000</fats-dha>
    <fats-epa>0.00000</fats-epa>
    <fats-lauric>0.00200</fats-lauric>
    <fats-linoleic>0.00700</fats-linoleic>
    <fats-linolenic>0.02800</fats-linolenic>
    <fats-monounsaturated>0.04100</fats-monounsaturated>
    <fats-myristic>0.00800</fats-myristic>
    <fats-palmitic>0.03000</fats-palmitic>
    <fats-polyunsaturated>0.03500</fats-polyunsaturated>
    <fats-saturated>0.04700</fats-saturated>
    <fats-stearic>0.00200</fats-stearic>
    <fats-total>0.15000</fats-total>
    <minerals-calcium>10.00000</minerals-calcium>
    <minerals-copper>0.01300</minerals-copper>
    <minerals-iron>0.34000</minerals-iron>
    <minerals-magnesium>3.00000</minerals-magnesium>
    <minerals-manganese>0.01300</minerals-manganese>
    <minerals-phosphorus>0.00000</minerals-phosphorus>
    <minerals-potassium>31.00000</minerals-potassium>
    <minerals-selenium>0.30000</minerals-selenium>
    <minerals-sodium>5.00000</minerals-sodium>
    <minerals-zinc>0.15000</minerals-zinc>
    <other-alcohol>0.00000</other-alcohol>
    <other-cost>0.0</other-cost>
    <other-water>85.02000</other-water>
    <other-weight>100.00000</other-weight>
    <protein-complete>0.00000</protein-complete>
    <protein-total>0.17000</protein-total>
    <vitamins-choline>2.00000</vitamins-choline>
    <vitamins-folate>2.00000</vitamins-folate>
    <vitamins-niacin>0.15000</vitamins-niacin>
    <vitamins-pantothenic_acid>0.05400</vitamins-pantothenic_acid>
    <vitamins-riboflavin>0.00400</vitamins-riboflavin>
    <vitamins-thiamin>0.00600</vitamins-thiamin>
    <vitamins-vitamin_a>18.00000</vitamins-vitamin_a>
    <vitamins-vitamin_b12>0.00000</vitamins-vitamin_b12>
    <vitamins-vitamin_b6>0.00900</vitamins-vitamin_b6>
    <vitamins-vitamin_c>3.00000</vitamins-vitamin_c>
    <vitamins-vitamin_d>0.00000</vitamins-vitamin_d>
    <vitamins-vitamin_e>0.24000</vitamins-vitamin_e>
    <vitamins-vitamin_k>0.80000</vitamins-vitamin_k>
</food>