<food xmlns:xsi="http://www.w3.org/2001/XMLSchema-instance" xsi:noNamespaceSchemaLocation="https://xjrga.github.io/schemas/food_v2.xsd">
    <food-id>09202</food-id>
    <food-name>Oranges, raw, navels</food-name>
    <carbohydrates-carbs_by_diff>12.54000</carbohydrates-carbs_by_diff>
    <carbohydrates-fiber>2.20000</carbohydrates-fiber>
    <carbohydrates-glycemicindex>0.00000</carbohydrates-glycemicindex>
    <energy-gross>49.00000</energy-gross>
    <fats-cholesterol>0.00000</fats-cholesterol>
    <fats-dha>0.00000</fats-dha>
    <fats-epa>0.00000</fats-epa>
    <fats-lauric>0.00000</fats-lauric>
    <fats-linoleic>0.02300</fats-linoleic>
    <fats-linolenic>0.00900</fats-linolenic>
    <fats-monounsaturated>0.03000</fats-monounsaturated>
    <fats-myristic>0.00000</fats-myristic>
    <fats-palmitic>0.01000</fats-palmitic>
    <fats-polyunsaturated>0.03100</fats-polyunsaturated>
    <fats-saturated>0.01700</fats-saturated>
    <fats-stearic>0.00000</fats-stearic>
    <fats-total>0.15000</fats-total>
    <minerals-calcium>43.00000</minerals-calcium>
    <minerals-copper>0.03900</minerals-copper>
    <minerals-iron>0.13000</minerals-iron>
    <minerals-magnesium>11.00000</minerals-magnesium>
    <minerals-manganese>0.02900</minerals-manganese>
    <minerals-phosphorus>23.00000</minerals-phosphorus>
    <minerals-potassium>166.00000</minerals-potassium>
    <minerals-selenium>0.00000</minerals-selenium>
    <minerals-sodium>1.00000</minerals-sodium>
    <minerals-zinc>0.08000</minerals-zinc>
    <other-alcohol>0.00000</other-alcohol>
    <other-cost>0.0</other-cost>
    <other-water>85.97000</other-water>
    <other-weight>100.00000</other-weight>
    <protein-complete>0.00000</protein-complete>
    <protein-total>0.91000</protein-total>
    <vitamins-choline>8.40000</vitamins-choline>
    <vitamins-folate>34.00000</vitamins-folate>
    <vitamins-niacin>0.42500</vitamins-niacin>
    <vitamins-pantothenic_acid>0.26100</vitamins-pantothenic_acid>
    <vitamins-riboflavin>0.05100</vitamins-riboflavin>
    <vitamins-thiamin>0.06800</vitamins-thiamin>
    <vitamins-vitamin_a>12.00000</vitamins-vitamin_a>
    <vitamins-vitamin_b12>0.00000</vitamins-vitamin_b12>
    <vitamins-vitamin_b6>0.07900</vitamins-vitamin_b6>
    <vitamins-vitamin_c>59.10000</vitamins-vitamin_c>
    <vitamins-vitamin_d>0.00000</vitamins-vitamin_d>
    <vitamins-vitamin_e>0.15000</vitamins-vitamin_e>
    <vitamins-vitamin_k>0.00000</vitamins-vitamin_k>
</food>