<food xmlns:xsi="http://www.w3.org/2001/XMLSchema-instance" xsi:noNamespaceSchemaLocation="https://xjrga.github.io/schemas/food_v2.xsd">
    <food-id>09279</food-id>
    <food-name>Plums, raw</food-name>
    <carbohydrates-carbs_by_diff>11.42000</carbohydrates-carbs_by_diff>
    <carbohydrates-fiber>1.40000</carbohydrates-fiber>
    <carbohydrates-glycemicindex>39.00000</carbohydrates-glycemicindex>
    <energy-gross>46.00000</energy-gross>
    <fats-cholesterol>0.00000</fats-cholesterol>
    <fats-dha>0.00000</fats-dha>
    <fats-epa>0.00000</fats-epa>
    <fats-lauric>0.00000</fats-lauric>
    <fats-linoleic>0.04400</fats-linoleic>
    <fats-linolenic>0.00000</fats-linolenic>
    <fats-monounsaturated>0.13400</fats-monounsaturated>
    <fats-myristic>0.00000</fats-myristic>
    <fats-palmitic>0.01000</fats-palmitic>
    <fats-polyunsaturated>0.04400</fats-polyunsaturated>
    <fats-saturated>0.01700</fats-saturated>
    <fats-stearic>0.00300</fats-stearic>
    <fats-total>0.28000</fats-total>
    <minerals-calcium>6.00000</minerals-calcium>
    <minerals-copper>0.05700</minerals-copper>
    <minerals-iron>0.17000</minerals-iron>
    <minerals-magnesium>7.00000</minerals-magnesium>
    <minerals-manganese>0.05200</minerals-manganese>
    <minerals-phosphorus>16.00000</minerals-phosphorus>
    <minerals-potassium>157.00000</minerals-potassium>
    <minerals-selenium>0.00000</minerals-selenium>
    <minerals-sodium>0.00000</minerals-sodium>
    <minerals-zinc>0.10000</minerals-zinc>
    <other-alcohol>0.00000</other-alcohol>
    <other-cost>0.0</other-cost>
    <other-water>87.23000</other-water>
    <other-weight>100.00000</other-weight>
    <protein-complete>0.00000</protein-complete>
    <protein-total>0.70000</protein-total>
    <vitamins-choline>1.90000</vitamins-choline>
    <vitamins-folate>5.00000</vitamins-folate>
    <vitamins-niacin>0.41700</vitamins-niacin>
    <vitamins-pantothenic_acid>0.13500</vitamins-pantothenic_acid>
    <vitamins-riboflavin>0.02600</vitamins-riboflavin>
    <vitamins-thiamin>0.02800</vitamins-thiamin>
    <vitamins-vitamin_a>17.00000</vitamins-vitamin_a>
    <vitamins-vitamin_b12>0.00000</vitamins-vitamin_b12>
    <vitamins-vitamin_b6>0.02900</vitamins-vitamin_b6>
    <vitamins-vitamin_c>9.50000</vitamins-vitamin_c>
    <vitamins-vitamin_d>0.00000</vitamins-vitamin_d>
    <vitamins-vitamin_e>0.26000</vitamins-vitamin_e>
    <vitamins-vitamin_k>6.40000</vitamins-vitamin_k>
</food>