<food xmlns:xsi="http://www.w3.org/2001/XMLSchema-instance" xsi:noNamespaceSchemaLocation="https://xjrga.github.io/schemas/food_v2.xsd">
    <food-id>09253</food-id>
    <food-name>Pears, canned, water pack, solids and liquids</food-name>
    <carbohydrates-carbs_by_diff>7.81000</carbohydrates-carbs_by_diff>
    <carbohydrates-fiber>1.60000</carbohydrates-fiber>
    <carbohydrates-glycemicindex>0.00000</carbohydrates-glycemicindex>
    <energy-gross>29.00000</energy-gross>
    <fats-cholesterol>0.00000</fats-cholesterol>
    <fats-dha>0.00000</fats-dha>
    <fats-epa>0.00000</fats-epa>
    <fats-lauric>0.00000</fats-lauric>
    <fats-linoleic>0.00700</fats-linoleic>
    <fats-linolenic>0.00000</fats-linolenic>
    <fats-monounsaturated>0.00600</fats-monounsaturated>
    <fats-myristic>0.00000</fats-myristic>
    <fats-palmitic>0.00100</fats-palmitic>
    <fats-polyunsaturated>0.00700</fats-polyunsaturated>
    <fats-saturated>0.00200</fats-saturated>
    <fats-stearic>0.00000</fats-stearic>
    <fats-total>0.03000</fats-total>
    <minerals-calcium>4.00000</minerals-calcium>
    <minerals-copper>0.05100</minerals-copper>
    <minerals-iron>0.21000</minerals-iron>
    <minerals-magnesium>4.00000</minerals-magnesium>
    <minerals-manganese>0.03400</minerals-manganese>
    <minerals-phosphorus>7.00000</minerals-phosphorus>
    <minerals-potassium>53.00000</minerals-potassium>
    <minerals-selenium>0.00000</minerals-selenium>
    <minerals-sodium>2.00000</minerals-sodium>
    <minerals-zinc>0.09000</minerals-zinc>
    <other-alcohol>0.00000</other-alcohol>
    <other-cost>0.0</other-cost>
    <other-water>91.81000</other-water>
    <other-weight>100.00000</other-weight>
    <protein-complete>0.00000</protein-complete>
    <protein-total>0.19000</protein-total>
    <vitamins-choline>3.40000</vitamins-choline>
    <vitamins-folate>1.00000</vitamins-folate>
    <vitamins-niacin>0.05400</vitamins-niacin>
    <vitamins-pantothenic_acid>0.02200</vitamins-pantothenic_acid>
    <vitamins-riboflavin>0.01000</vitamins-riboflavin>
    <vitamins-thiamin>0.00800</vitamins-thiamin>
    <vitamins-vitamin_a>0.00000</vitamins-vitamin_a>
    <vitamins-vitamin_b12>0.00000</vitamins-vitamin_b12>
    <vitamins-vitamin_b6>0.01400</vitamins-vitamin_b6>
    <vitamins-vitamin_c>1.00000</vitamins-vitamin_c>
    <vitamins-vitamin_d>0.00000</vitamins-vitamin_d>
    <vitamins-vitamin_e>0.08000</vitamins-vitamin_e>
    <vitamins-vitamin_k>0.30000</vitamins-vitamin_k>
</food>