<food xmlns:xsi="http://www.w3.org/2001/XMLSchema-instance" xsi:noNamespaceSchemaLocation="https://xjrga.github.io/schemas/food_v2.xsd">
    <food-id>09267</food-id>
    <food-name>Pineapple, canned, water pack, solids and liquids</food-name>
    <carbohydrates-carbs_by_diff>8.30000</carbohydrates-carbs_by_diff>
    <carbohydrates-fiber>0.80000</carbohydrates-fiber>
    <carbohydrates-glycemicindex>0.00000</carbohydrates-glycemicindex>
    <energy-gross>32.00000</energy-gross>
    <fats-cholesterol>0.00000</fats-cholesterol>
    <fats-dha>0.00000</fats-dha>
    <fats-epa>0.00000</fats-epa>
    <fats-lauric>0.00000</fats-lauric>
    <fats-linoleic>0.01800</fats-linoleic>
    <fats-linolenic>0.01300</fats-linolenic>
    <fats-monounsaturated>0.01100</fats-monounsaturated>
    <fats-myristic>0.00000</fats-myristic>
    <fats-palmitic>0.00400</fats-palmitic>
    <fats-polyunsaturated>0.03100</fats-polyunsaturated>
    <fats-saturated>0.00600</fats-saturated>
    <fats-stearic>0.00200</fats-stearic>
    <fats-total>0.09000</fats-total>
    <minerals-calcium>15.00000</minerals-calcium>
    <minerals-copper>0.10500</minerals-copper>
    <minerals-iron>0.40000</minerals-iron>
    <minerals-magnesium>18.00000</minerals-magnesium>
    <minerals-manganese>1.12100</minerals-manganese>
    <minerals-phosphorus>4.00000</minerals-phosphorus>
    <minerals-potassium>127.00000</minerals-potassium>
    <minerals-selenium>0.40000</minerals-selenium>
    <minerals-sodium>1.00000</minerals-sodium>
    <minerals-zinc>0.12000</minerals-zinc>
    <other-alcohol>0.00000</other-alcohol>
    <other-cost>0.0</other-cost>
    <other-water>90.82000</other-water>
    <other-weight>100.00000</other-weight>
    <protein-complete>0.00000</protein-complete>
    <protein-total>0.43000</protein-total>
    <vitamins-choline>3.80000</vitamins-choline>
    <vitamins-folate>5.00000</vitamins-folate>
    <vitamins-niacin>0.29800</vitamins-niacin>
    <vitamins-pantothenic_acid>0.10000</vitamins-pantothenic_acid>
    <vitamins-riboflavin>0.02600</vitamins-riboflavin>
    <vitamins-thiamin>0.09300</vitamins-thiamin>
    <vitamins-vitamin_a>2.00000</vitamins-vitamin_a>
    <vitamins-vitamin_b12>0.00000</vitamins-vitamin_b12>
    <vitamins-vitamin_b6>0.07400</vitamins-vitamin_b6>
    <vitamins-vitamin_c>7.70000</vitamins-vitamin_c>
    <vitamins-vitamin_d>0.00000</vitamins-vitamin_d>
    <vitamins-vitamin_e>0.01000</vitamins-vitamin_e>
    <vitamins-vitamin_k>0.30000</vitamins-vitamin_k>
</food>