<food xmlns:xsi="http://www.w3.org/2001/XMLSchema-instance" xsi:noNamespaceSchemaLocation="https://xjrga.github.io/schemas/food_v2.xsd">
    <food-id>09236</food-id>
    <food-name>Peaches, yellow, raw</food-name>
    <carbohydrates-carbs_by_diff>9.54000</carbohydrates-carbs_by_diff>
    <carbohydrates-fiber>1.50000</carbohydrates-fiber>
    <carbohydrates-glycemicindex>38.00000</carbohydrates-glycemicindex>
    <energy-gross>39.00000</energy-gross>
    <fats-cholesterol>0.00000</fats-cholesterol>
    <fats-dha>0.00000</fats-dha>
    <fats-epa>0.00000</fats-epa>
    <fats-lauric>0.00000</fats-lauric>
    <fats-linoleic>0.08400</fats-linoleic>
    <fats-linolenic>0.00200</fats-linolenic>
    <fats-monounsaturated>0.06700</fats-monounsaturated>
    <fats-myristic>0.00000</fats-myristic>
    <fats-palmitic>0.01000</fats-palmitic>
    <fats-polyunsaturated>0.08600</fats-polyunsaturated>
    <fats-saturated>0.01900</fats-saturated>
    <fats-stearic>0.00200</fats-stearic>
    <fats-total>0.25000</fats-total>
    <minerals-calcium>6.00000</minerals-calcium>
    <minerals-copper>0.06800</minerals-copper>
    <minerals-iron>0.25000</minerals-iron>
    <minerals-magnesium>9.00000</minerals-magnesium>
    <minerals-manganese>0.06100</minerals-manganese>
    <minerals-phosphorus>20.00000</minerals-phosphorus>
    <minerals-potassium>190.00000</minerals-potassium>
    <minerals-selenium>0.10000</minerals-selenium>
    <minerals-sodium>0.00000</minerals-sodium>
    <minerals-zinc>0.17000</minerals-zinc>
    <other-alcohol>0.00000</other-alcohol>
    <other-cost>0.0</other-cost>
    <other-water>88.87000</other-water>
    <other-weight>100.00000</other-weight>
    <protein-complete>0.00000</protein-complete>
    <protein-total>0.91000</protein-total>
    <vitamins-choline>6.10000</vitamins-choline>
    <vitamins-folate>4.00000</vitamins-folate>
    <vitamins-niacin>0.80600</vitamins-niacin>
    <vitamins-pantothenic_acid>0.15300</vitamins-pantothenic_acid>
    <vitamins-riboflavin>0.03100</vitamins-riboflavin>
    <vitamins-thiamin>0.02400</vitamins-thiamin>
    <vitamins-vitamin_a>16.00000</vitamins-vitamin_a>
    <vitamins-vitamin_b12>0.00000</vitamins-vitamin_b12>
    <vitamins-vitamin_b6>0.02500</vitamins-vitamin_b6>
    <vitamins-vitamin_c>6.60000</vitamins-vitamin_c>
    <vitamins-vitamin_d>0.00000</vitamins-vitamin_d>
    <vitamins-vitamin_e>0.73000</vitamins-vitamin_e>
    <vitamins-vitamin_k>2.60000</vitamins-vitamin_k>
</food>