<food xmlns:xsi="http://www.w3.org/2001/XMLSchema-instance" xsi:noNamespaceSchemaLocation="https://xjrga.github.io/schemas/food_v2.xsd">
    <food-id>09278</food-id>
    <food-name>Plantains, cooked</food-name>
    <carbohydrates-carbs_by_diff>31.15000</carbohydrates-carbs_by_diff>
    <carbohydrates-fiber>2.30000</carbohydrates-fiber>
    <carbohydrates-glycemicindex>0.00000</carbohydrates-glycemicindex>
    <energy-gross>116.00000</energy-gross>
    <fats-cholesterol>0.00000</fats-cholesterol>
    <fats-dha>0.00000</fats-dha>
    <fats-epa>0.00000</fats-epa>
    <fats-lauric>0.00100</fats-lauric>
    <fats-linoleic>0.02100</fats-linoleic>
    <fats-linolenic>0.01200</fats-linolenic>
    <fats-monounsaturated>0.01500</fats-monounsaturated>
    <fats-myristic>0.00100</fats-myristic>
    <fats-palmitic>0.04000</fats-palmitic>
    <fats-polyunsaturated>0.03300</fats-polyunsaturated>
    <fats-saturated>0.06900</fats-saturated>
    <fats-stearic>0.00200</fats-stearic>
    <fats-total>0.18000</fats-total>
    <minerals-calcium>2.00000</minerals-calcium>
    <minerals-copper>0.06600</minerals-copper>
    <minerals-iron>0.58000</minerals-iron>
    <minerals-magnesium>32.00000</minerals-magnesium>
    <minerals-manganese>0.00000</minerals-manganese>
    <minerals-phosphorus>28.00000</minerals-phosphorus>
    <minerals-potassium>465.00000</minerals-potassium>
    <minerals-selenium>1.40000</minerals-selenium>
    <minerals-sodium>5.00000</minerals-sodium>
    <minerals-zinc>0.13000</minerals-zinc>
    <other-alcohol>0.00000</other-alcohol>
    <other-cost>0.0</other-cost>
    <other-water>67.30000</other-water>
    <other-weight>100.00000</other-weight>
    <protein-complete>0.00000</protein-complete>
    <protein-total>0.79000</protein-total>
    <vitamins-choline>12.70000</vitamins-choline>
    <vitamins-folate>26.00000</vitamins-folate>
    <vitamins-niacin>0.75600</vitamins-niacin>
    <vitamins-pantothenic_acid>0.23300</vitamins-pantothenic_acid>
    <vitamins-riboflavin>0.05200</vitamins-riboflavin>
    <vitamins-thiamin>0.04600</vitamins-thiamin>
    <vitamins-vitamin_a>45.00000</vitamins-vitamin_a>
    <vitamins-vitamin_b12>0.00000</vitamins-vitamin_b12>
    <vitamins-vitamin_b6>0.24000</vitamins-vitamin_b6>
    <vitamins-vitamin_c>10.90000</vitamins-vitamin_c>
    <vitamins-vitamin_d>0.00000</vitamins-vitamin_d>
    <vitamins-vitamin_e>0.13000</vitamins-vitamin_e>
    <vitamins-vitamin_k>0.70000</vitamins-vitamin_k>
</food>