<food xmlns:xsi="http://www.w3.org/2001/XMLSchema-instance" xsi:noNamespaceSchemaLocation="https://xjrga.github.io/schemas/food_v2.xsd">
    <food-id>09243</food-id>
    <food-name>Peaches, spiced, canned, heavy syrup pack, solids and liquids</food-name>
    <carbohydrates-carbs_by_diff>20.08000</carbohydrates-carbs_by_diff>
    <carbohydrates-fiber>1.30000</carbohydrates-fiber>
    <carbohydrates-glycemicindex>0.00000</carbohydrates-glycemicindex>
    <energy-gross>75.00000</energy-gross>
    <fats-cholesterol>0.00000</fats-cholesterol>
    <fats-dha>0.00000</fats-dha>
    <fats-epa>0.00000</fats-epa>
    <fats-lauric>0.00000</fats-lauric>
    <fats-linoleic>0.04700</fats-linoleic>
    <fats-linolenic>0.00100</fats-linolenic>
    <fats-monounsaturated>0.03600</fats-monounsaturated>
    <fats-myristic>0.00000</fats-myristic>
    <fats-palmitic>0.00900</fats-palmitic>
    <fats-polyunsaturated>0.04800</fats-polyunsaturated>
    <fats-saturated>0.01100</fats-saturated>
    <fats-stearic>0.00100</fats-stearic>
    <fats-total>0.10000</fats-total>
    <minerals-calcium>6.00000</minerals-calcium>
    <minerals-copper>0.09800</minerals-copper>
    <minerals-iron>0.28000</minerals-iron>
    <minerals-magnesium>7.00000</minerals-magnesium>
    <minerals-manganese>0.00000</minerals-manganese>
    <minerals-phosphorus>9.00000</minerals-phosphorus>
    <minerals-potassium>85.00000</minerals-potassium>
    <minerals-selenium>0.30000</minerals-selenium>
    <minerals-sodium>4.00000</minerals-sodium>
    <minerals-zinc>0.08000</minerals-zinc>
    <other-alcohol>0.00000</other-alcohol>
    <other-cost>0.0</other-cost>
    <other-water>79.20000</other-water>
    <other-weight>100.00000</other-weight>
    <protein-complete>0.00000</protein-complete>
    <protein-total>0.41000</protein-total>
    <vitamins-choline>4.10000</vitamins-choline>
    <vitamins-folate>3.00000</vitamins-folate>
    <vitamins-niacin>0.53700</vitamins-niacin>
    <vitamins-pantothenic_acid>0.05000</vitamins-pantothenic_acid>
    <vitamins-riboflavin>0.03500</vitamins-riboflavin>
    <vitamins-thiamin>0.01100</vitamins-thiamin>
    <vitamins-vitamin_a>16.00000</vitamins-vitamin_a>
    <vitamins-vitamin_b12>0.00000</vitamins-vitamin_b12>
    <vitamins-vitamin_b6>0.01900</vitamins-vitamin_b6>
    <vitamins-vitamin_c>5.30000</vitamins-vitamin_c>
    <vitamins-vitamin_d>0.00000</vitamins-vitamin_d>
    <vitamins-vitamin_e>0.49000</vitamins-vitamin_e>
    <vitamins-vitamin_k>1.70000</vitamins-vitamin_k>
</food>