<food xmlns:xsi="http://www.w3.org/2001/XMLSchema-instance" xsi:noNamespaceSchemaLocation="https://xjrga.github.io/schemas/food_v2.xsd">
    <food-id>09309</food-id>
    <food-name>Rhubarb, frozen, uncooked</food-name>
    <carbohydrates-carbs_by_diff>5.10000</carbohydrates-carbs_by_diff>
    <carbohydrates-fiber>1.80000</carbohydrates-fiber>
    <carbohydrates-glycemicindex>0.00000</carbohydrates-glycemicindex>
    <energy-gross>21.00000</energy-gross>
    <fats-cholesterol>0.00000</fats-cholesterol>
    <fats-dha>0.00000</fats-dha>
    <fats-epa>0.00000</fats-epa>
    <fats-lauric>0.00000</fats-lauric>
    <fats-linoleic>0.05400</fats-linoleic>
    <fats-linolenic>0.00000</fats-linolenic>
    <fats-monounsaturated>0.02100</fats-monounsaturated>
    <fats-myristic>0.00100</fats-myristic>
    <fats-palmitic>0.02000</fats-palmitic>
    <fats-polyunsaturated>0.05400</fats-polyunsaturated>
    <fats-saturated>0.02900</fats-saturated>
    <fats-stearic>0.00200</fats-stearic>
    <fats-total>0.11000</fats-total>
    <minerals-calcium>194.00000</minerals-calcium>
    <minerals-copper>0.02300</minerals-copper>
    <minerals-iron>0.29000</minerals-iron>
    <minerals-magnesium>18.00000</minerals-magnesium>
    <minerals-manganese>0.09700</minerals-manganese>
    <minerals-phosphorus>12.00000</minerals-phosphorus>
    <minerals-potassium>108.00000</minerals-potassium>
    <minerals-selenium>1.10000</minerals-selenium>
    <minerals-sodium>2.00000</minerals-sodium>
    <minerals-zinc>0.10000</minerals-zinc>
    <other-alcohol>0.00000</other-alcohol>
    <other-cost>0.0</other-cost>
    <other-water>93.51000</other-water>
    <other-weight>100.00000</other-weight>
    <protein-complete>0.00000</protein-complete>
    <protein-total>0.55000</protein-total>
    <vitamins-choline>6.10000</vitamins-choline>
    <vitamins-folate>8.00000</vitamins-folate>
    <vitamins-niacin>0.20300</vitamins-niacin>
    <vitamins-pantothenic_acid>0.06500</vitamins-pantothenic_acid>
    <vitamins-riboflavin>0.02900</vitamins-riboflavin>
    <vitamins-thiamin>0.03100</vitamins-thiamin>
    <vitamins-vitamin_a>5.00000</vitamins-vitamin_a>
    <vitamins-vitamin_b12>0.00000</vitamins-vitamin_b12>
    <vitamins-vitamin_b6>0.02500</vitamins-vitamin_b6>
    <vitamins-vitamin_c>4.80000</vitamins-vitamin_c>
    <vitamins-vitamin_d>0.00000</vitamins-vitamin_d>
    <vitamins-vitamin_e>0.27000</vitamins-vitamin_e>
    <vitamins-vitamin_k>29.30000</vitamins-vitamin_k>
</food>