<food xmlns:xsi="http://www.w3.org/2001/XMLSchema-instance" xsi:noNamespaceSchemaLocation="https://xjrga.github.io/schemas/food_v2.xsd">
    <food-id>09316</food-id>
    <food-name>Strawberries, raw</food-name>
    <carbohydrates-carbs_by_diff>7.68000</carbohydrates-carbs_by_diff>
    <carbohydrates-fiber>2.00000</carbohydrates-fiber>
    <carbohydrates-glycemicindex>0.00000</carbohydrates-glycemicindex>
    <energy-gross>32.00000</energy-gross>
    <fats-cholesterol>0.00000</fats-cholesterol>
    <fats-dha>0.00000</fats-dha>
    <fats-epa>0.00000</fats-epa>
    <fats-lauric>0.00000</fats-lauric>
    <fats-linoleic>0.09000</fats-linoleic>
    <fats-linolenic>0.06500</fats-linolenic>
    <fats-monounsaturated>0.04300</fats-monounsaturated>
    <fats-myristic>0.00000</fats-myristic>
    <fats-palmitic>0.01000</fats-palmitic>
    <fats-polyunsaturated>0.15500</fats-polyunsaturated>
    <fats-saturated>0.01500</fats-saturated>
    <fats-stearic>0.00300</fats-stearic>
    <fats-total>0.30000</fats-total>
    <minerals-calcium>16.00000</minerals-calcium>
    <minerals-copper>0.04800</minerals-copper>
    <minerals-iron>0.41000</minerals-iron>
    <minerals-magnesium>13.00000</minerals-magnesium>
    <minerals-manganese>0.38600</minerals-manganese>
    <minerals-phosphorus>24.00000</minerals-phosphorus>
    <minerals-potassium>153.00000</minerals-potassium>
    <minerals-selenium>0.40000</minerals-selenium>
    <minerals-sodium>1.00000</minerals-sodium>
    <minerals-zinc>0.14000</minerals-zinc>
    <other-alcohol>0.00000</other-alcohol>
    <other-cost>0.0</other-cost>
    <other-water>90.95000</other-water>
    <other-weight>100.00000</other-weight>
    <protein-complete>0.00000</protein-complete>
    <protein-total>0.67000</protein-total>
    <vitamins-choline>5.70000</vitamins-choline>
    <vitamins-folate>24.00000</vitamins-folate>
    <vitamins-niacin>0.38600</vitamins-niacin>
    <vitamins-pantothenic_acid>0.12500</vitamins-pantothenic_acid>
    <vitamins-riboflavin>0.02200</vitamins-riboflavin>
    <vitamins-thiamin>0.02400</vitamins-thiamin>
    <vitamins-vitamin_a>1.00000</vitamins-vitamin_a>
    <vitamins-vitamin_b12>0.00000</vitamins-vitamin_b12>
    <vitamins-vitamin_b6>0.04700</vitamins-vitamin_b6>
    <vitamins-vitamin_c>58.80000</vitamins-vitamin_c>
    <vitamins-vitamin_d>0.00000</vitamins-vitamin_d>
    <vitamins-vitamin_e>0.29000</vitamins-vitamin_e>
    <vitamins-vitamin_k>2.20000</vitamins-vitamin_k>
</food>