<food xmlns:xsi="http://www.w3.org/2001/XMLSchema-instance" xsi:noNamespaceSchemaLocation="https://xjrga.github.io/schemas/food_v2.xsd">
    <food-id>09319</food-id>
    <food-name>Strawberries, frozen, sweetened, whole</food-name>
    <carbohydrates-carbs_by_diff>21.00000</carbohydrates-carbs_by_diff>
    <carbohydrates-fiber>1.90000</carbohydrates-fiber>
    <carbohydrates-glycemicindex>0.00000</carbohydrates-glycemicindex>
    <energy-gross>78.00000</energy-gross>
    <fats-cholesterol>0.00000</fats-cholesterol>
    <fats-dha>0.00000</fats-dha>
    <fats-epa>0.00000</fats-epa>
    <fats-lauric>0.00000</fats-lauric>
    <fats-linoleic>0.04000</fats-linoleic>
    <fats-linolenic>0.02900</fats-linolenic>
    <fats-monounsaturated>0.01900</fats-monounsaturated>
    <fats-myristic>0.00000</fats-myristic>
    <fats-palmitic>0.00500</fats-palmitic>
    <fats-polyunsaturated>0.06800</fats-polyunsaturated>
    <fats-saturated>0.00700</fats-saturated>
    <fats-stearic>0.00100</fats-stearic>
    <fats-total>0.14000</fats-total>
    <minerals-calcium>11.00000</minerals-calcium>
    <minerals-copper>0.01900</minerals-copper>
    <minerals-iron>0.47000</minerals-iron>
    <minerals-magnesium>6.00000</minerals-magnesium>
    <minerals-manganese>0.24900</minerals-manganese>
    <minerals-phosphorus>12.00000</minerals-phosphorus>
    <minerals-potassium>98.00000</minerals-potassium>
    <minerals-selenium>0.70000</minerals-selenium>
    <minerals-sodium>1.00000</minerals-sodium>
    <minerals-zinc>0.05000</minerals-zinc>
    <other-alcohol>0.00000</other-alcohol>
    <other-cost>0.0</other-cost>
    <other-water>78.05000</other-water>
    <other-weight>100.00000</other-weight>
    <protein-complete>0.00000</protein-complete>
    <protein-total>0.52000</protein-total>
    <vitamins-choline>4.80000</vitamins-choline>
    <vitamins-folate>4.00000</vitamins-folate>
    <vitamins-niacin>0.29300</vitamins-niacin>
    <vitamins-pantothenic_acid>0.10800</vitamins-pantothenic_acid>
    <vitamins-riboflavin>0.07700</vitamins-riboflavin>
    <vitamins-thiamin>0.01500</vitamins-thiamin>
    <vitamins-vitamin_a>1.00000</vitamins-vitamin_a>
    <vitamins-vitamin_b12>0.00000</vitamins-vitamin_b12>
    <vitamins-vitamin_b6>0.02800</vitamins-vitamin_b6>
    <vitamins-vitamin_c>39.50000</vitamins-vitamin_c>
    <vitamins-vitamin_d>0.00000</vitamins-vitamin_d>
    <vitamins-vitamin_e>0.24000</vitamins-vitamin_e>
    <vitamins-vitamin_k>1.90000</vitamins-vitamin_k>
</food>