<food xmlns:xsi="http://www.w3.org/2001/XMLSchema-instance" xsi:noNamespaceSchemaLocation="https://xjrga.github.io/schemas/food_v2.xsd">
    <food-id>09306</food-id>
    <food-name>Raspberries, frozen, red, sweetened</food-name>
    <carbohydrates-carbs_by_diff>26.16000</carbohydrates-carbs_by_diff>
    <carbohydrates-fiber>4.40000</carbohydrates-fiber>
    <carbohydrates-glycemicindex>0.00000</carbohydrates-glycemicindex>
    <energy-gross>103.00000</energy-gross>
    <fats-cholesterol>0.00000</fats-cholesterol>
    <fats-dha>0.00000</fats-dha>
    <fats-epa>0.00000</fats-epa>
    <fats-lauric>0.00000</fats-lauric>
    <fats-linoleic>0.05900</fats-linoleic>
    <fats-linolenic>0.03000</fats-linolenic>
    <fats-monounsaturated>0.01500</fats-monounsaturated>
    <fats-myristic>0.00000</fats-myristic>
    <fats-palmitic>0.00400</fats-palmitic>
    <fats-polyunsaturated>0.08900</fats-polyunsaturated>
    <fats-saturated>0.00500</fats-saturated>
    <fats-stearic>0.00100</fats-stearic>
    <fats-total>0.16000</fats-total>
    <minerals-calcium>15.00000</minerals-calcium>
    <minerals-copper>0.10500</minerals-copper>
    <minerals-iron>0.65000</minerals-iron>
    <minerals-magnesium>13.00000</minerals-magnesium>
    <minerals-manganese>0.65000</minerals-manganese>
    <minerals-phosphorus>17.00000</minerals-phosphorus>
    <minerals-potassium>114.00000</minerals-potassium>
    <minerals-selenium>0.30000</minerals-selenium>
    <minerals-sodium>1.00000</minerals-sodium>
    <minerals-zinc>0.18000</minerals-zinc>
    <other-alcohol>0.00000</other-alcohol>
    <other-cost>0.0</other-cost>
    <other-water>72.75000</other-water>
    <other-weight>100.00000</other-weight>
    <protein-complete>0.00000</protein-complete>
    <protein-total>0.70000</protein-total>
    <vitamins-choline>10.20000</vitamins-choline>
    <vitamins-folate>26.00000</vitamins-folate>
    <vitamins-niacin>0.23000</vitamins-niacin>
    <vitamins-pantothenic_acid>0.15000</vitamins-pantothenic_acid>
    <vitamins-riboflavin>0.04500</vitamins-riboflavin>
    <vitamins-thiamin>0.01900</vitamins-thiamin>
    <vitamins-vitamin_a>3.00000</vitamins-vitamin_a>
    <vitamins-vitamin_b12>0.00000</vitamins-vitamin_b12>
    <vitamins-vitamin_b6>0.03400</vitamins-vitamin_b6>
    <vitamins-vitamin_c>16.50000</vitamins-vitamin_c>
    <vitamins-vitamin_d>0.00000</vitamins-vitamin_d>
    <vitamins-vitamin_e>0.72000</vitamins-vitamin_e>
    <vitamins-vitamin_k>6.50000</vitamins-vitamin_k>
</food>