<food xmlns:xsi="http://www.w3.org/2001/XMLSchema-instance" xsi:noNamespaceSchemaLocation="https://xjrga.github.io/schemas/food_v2.xsd">
    <food-id>09357</food-id>
    <food-name>Apricots, canned, heavy syrup, drained</food-name>
    <carbohydrates-carbs_by_diff>21.31000</carbohydrates-carbs_by_diff>
    <carbohydrates-fiber>2.70000</carbohydrates-fiber>
    <carbohydrates-glycemicindex>0.00000</carbohydrates-glycemicindex>
    <energy-gross>83.00000</energy-gross>
    <fats-cholesterol>0.00000</fats-cholesterol>
    <fats-dha>0.00000</fats-dha>
    <fats-epa>0.00000</fats-epa>
    <fats-lauric>0.00000</fats-lauric>
    <fats-linoleic>0.02100</fats-linoleic>
    <fats-linolenic>0.00000</fats-linolenic>
    <fats-monounsaturated>0.04500</fats-monounsaturated>
    <fats-myristic>0.00000</fats-myristic>
    <fats-palmitic>0.00700</fats-palmitic>
    <fats-polyunsaturated>0.02100</fats-polyunsaturated>
    <fats-saturated>0.00700</fats-saturated>
    <fats-stearic>0.00100</fats-stearic>
    <fats-total>0.11000</fats-total>
    <minerals-calcium>10.00000</minerals-calcium>
    <minerals-copper>0.09700</minerals-copper>
    <minerals-iron>0.30000</minerals-iron>
    <minerals-magnesium>7.00000</minerals-magnesium>
    <minerals-manganese>0.00000</minerals-manganese>
    <minerals-phosphorus>13.00000</minerals-phosphorus>
    <minerals-potassium>143.00000</minerals-potassium>
    <minerals-selenium>0.10000</minerals-selenium>
    <minerals-sodium>4.00000</minerals-sodium>
    <minerals-zinc>0.11000</minerals-zinc>
    <other-alcohol>0.00000</other-alcohol>
    <other-cost>0.0</other-cost>
    <other-water>77.56000</other-water>
    <other-weight>100.00000</other-weight>
    <protein-complete>0.00000</protein-complete>
    <protein-total>0.64000</protein-total>
    <vitamins-choline>2.80000</vitamins-choline>
    <vitamins-folate>2.00000</vitamins-folate>
    <vitamins-niacin>0.37600</vitamins-niacin>
    <vitamins-pantothenic_acid>0.00000</vitamins-pantothenic_acid>
    <vitamins-riboflavin>0.02400</vitamins-riboflavin>
    <vitamins-thiamin>0.02100</vitamins-thiamin>
    <vitamins-vitamin_a>146.00000</vitamins-vitamin_a>
    <vitamins-vitamin_b12>0.00000</vitamins-vitamin_b12>
    <vitamins-vitamin_b6>0.05500</vitamins-vitamin_b6>
    <vitamins-vitamin_c>3.10000</vitamins-vitamin_c>
    <vitamins-vitamin_d>0.00000</vitamins-vitamin_d>
    <vitamins-vitamin_e>0.89000</vitamins-vitamin_e>
    <vitamins-vitamin_k>3.30000</vitamins-vitamin_k>
</food>