<food xmlns:xsi="http://www.w3.org/2001/XMLSchema-instance" xsi:noNamespaceSchemaLocation="https://xjrga.github.io/schemas/food_v2.xsd">
    <food-id>09314</food-id>
    <food-name>Sapote, mamey, raw</food-name>
    <carbohydrates-carbs_by_diff>32.10000</carbohydrates-carbs_by_diff>
    <carbohydrates-fiber>5.40000</carbohydrates-fiber>
    <carbohydrates-glycemicindex>0.00000</carbohydrates-glycemicindex>
    <energy-gross>124.00000</energy-gross>
    <fats-cholesterol>0.00000</fats-cholesterol>
    <fats-dha>0.00000</fats-dha>
    <fats-epa>0.00000</fats-epa>
    <fats-lauric>0.00800</fats-lauric>
    <fats-linoleic>0.01100</fats-linoleic>
    <fats-linolenic>0.08200</fats-linolenic>
    <fats-monounsaturated>0.10200</fats-monounsaturated>
    <fats-myristic>0.01000</fats-myristic>
    <fats-palmitic>0.10000</fats-palmitic>
    <fats-polyunsaturated>0.09700</fats-polyunsaturated>
    <fats-saturated>0.16900</fats-saturated>
    <fats-stearic>0.02000</fats-stearic>
    <fats-total>0.46000</fats-total>
    <minerals-calcium>18.00000</minerals-calcium>
    <minerals-copper>0.21300</minerals-copper>
    <minerals-iron>0.78000</minerals-iron>
    <minerals-magnesium>11.00000</minerals-magnesium>
    <minerals-manganese>0.20400</minerals-manganese>
    <minerals-phosphorus>26.00000</minerals-phosphorus>
    <minerals-potassium>454.00000</minerals-potassium>
    <minerals-selenium>0.00000</minerals-selenium>
    <minerals-sodium>7.00000</minerals-sodium>
    <minerals-zinc>0.19000</minerals-zinc>
    <other-alcohol>0.00000</other-alcohol>
    <other-cost>0.0</other-cost>
    <other-water>64.87000</other-water>
    <other-weight>100.00000</other-weight>
    <protein-complete>0.00000</protein-complete>
    <protein-total>1.45000</protein-total>
    <vitamins-choline>0.00000</vitamins-choline>
    <vitamins-folate>0.00000</vitamins-folate>
    <vitamins-niacin>1.43200</vitamins-niacin>
    <vitamins-pantothenic_acid>0.39700</vitamins-pantothenic_acid>
    <vitamins-riboflavin>0.11600</vitamins-riboflavin>
    <vitamins-thiamin>0.01300</vitamins-thiamin>
    <vitamins-vitamin_a>7.00000</vitamins-vitamin_a>
    <vitamins-vitamin_b12>0.00000</vitamins-vitamin_b12>
    <vitamins-vitamin_b6>0.72000</vitamins-vitamin_b6>
    <vitamins-vitamin_c>23.00000</vitamins-vitamin_c>
    <vitamins-vitamin_d>0.00000</vitamins-vitamin_d>
    <vitamins-vitamin_e>2.11000</vitamins-vitamin_e>
    <vitamins-vitamin_k>0.00000</vitamins-vitamin_k>
</food>