<food xmlns:xsi="http://www.w3.org/2001/XMLSchema-instance" xsi:noNamespaceSchemaLocation="https://xjrga.github.io/schemas/food_v2.xsd">
    <food-id>09313</food-id>
    <food-name>Sapodilla, raw</food-name>
    <carbohydrates-carbs_by_diff>19.96000</carbohydrates-carbs_by_diff>
    <carbohydrates-fiber>5.30000</carbohydrates-fiber>
    <carbohydrates-glycemicindex>0.00000</carbohydrates-glycemicindex>
    <energy-gross>83.00000</energy-gross>
    <fats-cholesterol>0.00000</fats-cholesterol>
    <fats-dha>0.00000</fats-dha>
    <fats-epa>0.00000</fats-epa>
    <fats-lauric>0.00000</fats-lauric>
    <fats-linoleic>0.01100</fats-linoleic>
    <fats-linolenic>0.00000</fats-linolenic>
    <fats-monounsaturated>0.52100</fats-monounsaturated>
    <fats-myristic>0.00000</fats-myristic>
    <fats-palmitic>0.10000</fats-palmitic>
    <fats-polyunsaturated>0.01100</fats-polyunsaturated>
    <fats-saturated>0.19400</fats-saturated>
    <fats-stearic>0.09000</fats-stearic>
    <fats-total>1.10000</fats-total>
    <minerals-calcium>21.00000</minerals-calcium>
    <minerals-copper>0.08600</minerals-copper>
    <minerals-iron>0.80000</minerals-iron>
    <minerals-magnesium>12.00000</minerals-magnesium>
    <minerals-manganese>0.00000</minerals-manganese>
    <minerals-phosphorus>12.00000</minerals-phosphorus>
    <minerals-potassium>193.00000</minerals-potassium>
    <minerals-selenium>0.60000</minerals-selenium>
    <minerals-sodium>12.00000</minerals-sodium>
    <minerals-zinc>0.10000</minerals-zinc>
    <other-alcohol>0.00000</other-alcohol>
    <other-cost>0.0</other-cost>
    <other-water>78.00000</other-water>
    <other-weight>100.00000</other-weight>
    <protein-complete>0.00000</protein-complete>
    <protein-total>0.44000</protein-total>
    <vitamins-choline>0.00000</vitamins-choline>
    <vitamins-folate>14.00000</vitamins-folate>
    <vitamins-niacin>0.20000</vitamins-niacin>
    <vitamins-pantothenic_acid>0.25200</vitamins-pantothenic_acid>
    <vitamins-riboflavin>0.02000</vitamins-riboflavin>
    <vitamins-thiamin>0.00000</vitamins-thiamin>
    <vitamins-vitamin_a>3.00000</vitamins-vitamin_a>
    <vitamins-vitamin_b12>0.00000</vitamins-vitamin_b12>
    <vitamins-vitamin_b6>0.03700</vitamins-vitamin_b6>
    <vitamins-vitamin_c>14.70000</vitamins-vitamin_c>
    <vitamins-vitamin_d>0.00000</vitamins-vitamin_d>
    <vitamins-vitamin_e>0.00000</vitamins-vitamin_e>
    <vitamins-vitamin_k>0.00000</vitamins-vitamin_k>
</food>