<food xmlns:xsi="http://www.w3.org/2001/XMLSchema-instance" xsi:noNamespaceSchemaLocation="https://xjrga.github.io/schemas/food_v2.xsd">
    <food-id>09334</food-id>
    <food-name>Feijoa, raw</food-name>
    <carbohydrates-carbs_by_diff>15.21000</carbohydrates-carbs_by_diff>
    <carbohydrates-fiber>6.40000</carbohydrates-fiber>
    <carbohydrates-glycemicindex>0.00000</carbohydrates-glycemicindex>
    <energy-gross>61.00000</energy-gross>
    <fats-cholesterol>0.00000</fats-cholesterol>
    <fats-dha>0.00000</fats-dha>
    <fats-epa>0.00000</fats-epa>
    <fats-lauric>0.00100</fats-lauric>
    <fats-linoleic>0.10700</fats-linoleic>
    <fats-linolenic>0.02900</fats-linolenic>
    <fats-monounsaturated>0.05600</fats-monounsaturated>
    <fats-myristic>0.00300</fats-myristic>
    <fats-palmitic>0.07000</fats-palmitic>
    <fats-polyunsaturated>0.13600</fats-polyunsaturated>
    <fats-saturated>0.10400</fats-saturated>
    <fats-stearic>0.01000</fats-stearic>
    <fats-total>0.42000</fats-total>
    <minerals-calcium>17.00000</minerals-calcium>
    <minerals-copper>0.03600</minerals-copper>
    <minerals-iron>0.14000</minerals-iron>
    <minerals-magnesium>9.00000</minerals-magnesium>
    <minerals-manganese>0.08400</minerals-manganese>
    <minerals-phosphorus>19.00000</minerals-phosphorus>
    <minerals-potassium>172.00000</minerals-potassium>
    <minerals-selenium>0.00000</minerals-selenium>
    <minerals-sodium>3.00000</minerals-sodium>
    <minerals-zinc>0.06000</minerals-zinc>
    <other-alcohol>0.00000</other-alcohol>
    <other-cost>0.0</other-cost>
    <other-water>83.28000</other-water>
    <other-weight>100.00000</other-weight>
    <protein-complete>0.00000</protein-complete>
    <protein-total>0.71000</protein-total>
    <vitamins-choline>0.00000</vitamins-choline>
    <vitamins-folate>23.00000</vitamins-folate>
    <vitamins-niacin>0.29500</vitamins-niacin>
    <vitamins-pantothenic_acid>0.23300</vitamins-pantothenic_acid>
    <vitamins-riboflavin>0.01800</vitamins-riboflavin>
    <vitamins-thiamin>0.00600</vitamins-thiamin>
    <vitamins-vitamin_a>0.00000</vitamins-vitamin_a>
    <vitamins-vitamin_b12>0.00000</vitamins-vitamin_b12>
    <vitamins-vitamin_b6>0.06700</vitamins-vitamin_b6>
    <vitamins-vitamin_c>32.90000</vitamins-vitamin_c>
    <vitamins-vitamin_d>0.00000</vitamins-vitamin_d>
    <vitamins-vitamin_e>0.16000</vitamins-vitamin_e>
    <vitamins-vitamin_k>3.50000</vitamins-vitamin_k>
</food>