<food xmlns:xsi="http://www.w3.org/2001/XMLSchema-instance" xsi:noNamespaceSchemaLocation="https://xjrga.github.io/schemas/food_v2.xsd">
    <food-id>09325</food-id>
    <food-name>Fruit salad, (pineapple and papaya and banana and guava), tropical, canned, heavy syrup, solids and liquids</food-name>
    <carbohydrates-carbs_by_diff>22.36000</carbohydrates-carbs_by_diff>
    <carbohydrates-fiber>1.30000</carbohydrates-fiber>
    <carbohydrates-glycemicindex>0.00000</carbohydrates-glycemicindex>
    <energy-gross>86.00000</energy-gross>
    <fats-cholesterol>0.00000</fats-cholesterol>
    <fats-dha>0.00000</fats-dha>
    <fats-epa>0.00000</fats-epa>
    <fats-lauric>0.00000</fats-lauric>
    <fats-linoleic>0.01800</fats-linoleic>
    <fats-linolenic>0.01400</fats-linolenic>
    <fats-monounsaturated>0.01800</fats-monounsaturated>
    <fats-myristic>0.00200</fats-myristic>
    <fats-palmitic>0.01000</fats-palmitic>
    <fats-polyunsaturated>0.03200</fats-polyunsaturated>
    <fats-saturated>0.01900</fats-saturated>
    <fats-stearic>0.00300</fats-stearic>
    <fats-total>0.10000</fats-total>
    <minerals-calcium>13.00000</minerals-calcium>
    <minerals-copper>0.08000</minerals-copper>
    <minerals-iron>0.52000</minerals-iron>
    <minerals-magnesium>13.00000</minerals-magnesium>
    <minerals-manganese>0.00000</minerals-manganese>
    <minerals-phosphorus>7.00000</minerals-phosphorus>
    <minerals-potassium>131.00000</minerals-potassium>
    <minerals-selenium>0.50000</minerals-selenium>
    <minerals-sodium>2.00000</minerals-sodium>
    <minerals-zinc>0.11000</minerals-zinc>
    <other-alcohol>0.00000</other-alcohol>
    <other-cost>0.0</other-cost>
    <other-water>76.78000</other-water>
    <other-weight>100.00000</other-weight>
    <protein-complete>0.00000</protein-complete>
    <protein-total>0.41000</protein-total>
    <vitamins-choline>0.00000</vitamins-choline>
    <vitamins-folate>9.00000</vitamins-folate>
    <vitamins-niacin>0.56200</vitamins-niacin>
    <vitamins-pantothenic_acid>0.00000</vitamins-pantothenic_acid>
    <vitamins-riboflavin>0.04500</vitamins-riboflavin>
    <vitamins-thiamin>0.05400</vitamins-thiamin>
    <vitamins-vitamin_a>6.00000</vitamins-vitamin_a>
    <vitamins-vitamin_b12>0.00000</vitamins-vitamin_b12>
    <vitamins-vitamin_b6>0.12000</vitamins-vitamin_b6>
    <vitamins-vitamin_c>17.50000</vitamins-vitamin_c>
    <vitamins-vitamin_d>0.00000</vitamins-vitamin_d>
    <vitamins-vitamin_e>0.00000</vitamins-vitamin_e>
    <vitamins-vitamin_k>0.00000</vitamins-vitamin_k>
</food>