<food xmlns:xsi="http://www.w3.org/2001/XMLSchema-instance" xsi:noNamespaceSchemaLocation="https://xjrga.github.io/schemas/food_v2.xsd">
    <food-id>09367</food-id>
    <food-name>Cherries, sweet, canned, pitted, heavy syrup, drained</food-name>
    <carbohydrates-carbs_by_diff>21.07000</carbohydrates-carbs_by_diff>
    <carbohydrates-fiber>2.30000</carbohydrates-fiber>
    <carbohydrates-glycemicindex>0.00000</carbohydrates-glycemicindex>
    <energy-gross>83.00000</energy-gross>
    <fats-cholesterol>0.00000</fats-cholesterol>
    <fats-dha>0.00000</fats-dha>
    <fats-epa>0.00000</fats-epa>
    <fats-lauric>0.00000</fats-lauric>
    <fats-linoleic>0.02800</fats-linoleic>
    <fats-linolenic>0.02600</fats-linolenic>
    <fats-monounsaturated>0.04900</fats-monounsaturated>
    <fats-myristic>0.00100</fats-myristic>
    <fats-palmitic>0.02000</fats-palmitic>
    <fats-polyunsaturated>0.05500</fats-polyunsaturated>
    <fats-saturated>0.04100</fats-saturated>
    <fats-stearic>0.01000</fats-stearic>
    <fats-total>0.21000</fats-total>
    <minerals-calcium>10.00000</minerals-calcium>
    <minerals-copper>0.17600</minerals-copper>
    <minerals-iron>0.35000</minerals-iron>
    <minerals-magnesium>9.00000</minerals-magnesium>
    <minerals-manganese>0.04800</minerals-manganese>
    <minerals-phosphorus>20.00000</minerals-phosphorus>
    <minerals-potassium>148.00000</minerals-potassium>
    <minerals-selenium>0.00000</minerals-selenium>
    <minerals-sodium>3.00000</minerals-sodium>
    <minerals-zinc>0.10000</minerals-zinc>
    <other-alcohol>0.00000</other-alcohol>
    <other-cost>0.0</other-cost>
    <other-water>77.61000</other-water>
    <other-weight>100.00000</other-weight>
    <protein-complete>0.00000</protein-complete>
    <protein-total>0.73000</protein-total>
    <vitamins-choline>2.70000</vitamins-choline>
    <vitamins-folate>5.00000</vitamins-folate>
    <vitamins-niacin>0.39600</vitamins-niacin>
    <vitamins-pantothenic_acid>0.06000</vitamins-pantothenic_acid>
    <vitamins-riboflavin>0.04300</vitamins-riboflavin>
    <vitamins-thiamin>0.02200</vitamins-thiamin>
    <vitamins-vitamin_a>12.00000</vitamins-vitamin_a>
    <vitamins-vitamin_b12>0.00000</vitamins-vitamin_b12>
    <vitamins-vitamin_b6>0.02200</vitamins-vitamin_b6>
    <vitamins-vitamin_c>3.60000</vitamins-vitamin_c>
    <vitamins-vitamin_d>0.00000</vitamins-vitamin_d>
    <vitamins-vitamin_e>0.17000</vitamins-vitamin_e>
    <vitamins-vitamin_k>0.90000</vitamins-vitamin_k>
</food>