<food xmlns:xsi="http://www.w3.org/2001/XMLSchema-instance" xsi:noNamespaceSchemaLocation="https://xjrga.github.io/schemas/food_v2.xsd">
    <food-id>09322</food-id>
    <food-name>Tamarinds, raw</food-name>
    <carbohydrates-carbs_by_diff>62.50000</carbohydrates-carbs_by_diff>
    <carbohydrates-fiber>5.10000</carbohydrates-fiber>
    <carbohydrates-glycemicindex>0.00000</carbohydrates-glycemicindex>
    <energy-gross>239.00000</energy-gross>
    <fats-cholesterol>0.00000</fats-cholesterol>
    <fats-dha>0.00000</fats-dha>
    <fats-epa>0.00000</fats-epa>
    <fats-lauric>0.00000</fats-lauric>
    <fats-linoleic>0.05900</fats-linoleic>
    <fats-linolenic>0.00000</fats-linolenic>
    <fats-monounsaturated>0.18100</fats-monounsaturated>
    <fats-myristic>0.00700</fats-myristic>
    <fats-palmitic>0.16000</fats-palmitic>
    <fats-polyunsaturated>0.05900</fats-polyunsaturated>
    <fats-saturated>0.27200</fats-saturated>
    <fats-stearic>0.06000</fats-stearic>
    <fats-total>0.60000</fats-total>
    <minerals-calcium>74.00000</minerals-calcium>
    <minerals-copper>0.08600</minerals-copper>
    <minerals-iron>2.80000</minerals-iron>
    <minerals-magnesium>92.00000</minerals-magnesium>
    <minerals-manganese>0.00000</minerals-manganese>
    <minerals-phosphorus>113.00000</minerals-phosphorus>
    <minerals-potassium>628.00000</minerals-potassium>
    <minerals-selenium>1.30000</minerals-selenium>
    <minerals-sodium>28.00000</minerals-sodium>
    <minerals-zinc>0.10000</minerals-zinc>
    <other-alcohol>0.00000</other-alcohol>
    <other-cost>0.0</other-cost>
    <other-water>31.40000</other-water>
    <other-weight>100.00000</other-weight>
    <protein-complete>0.00000</protein-complete>
    <protein-total>2.80000</protein-total>
    <vitamins-choline>8.60000</vitamins-choline>
    <vitamins-folate>14.00000</vitamins-folate>
    <vitamins-niacin>1.93800</vitamins-niacin>
    <vitamins-pantothenic_acid>0.14300</vitamins-pantothenic_acid>
    <vitamins-riboflavin>0.15200</vitamins-riboflavin>
    <vitamins-thiamin>0.42800</vitamins-thiamin>
    <vitamins-vitamin_a>2.00000</vitamins-vitamin_a>
    <vitamins-vitamin_b12>0.00000</vitamins-vitamin_b12>
    <vitamins-vitamin_b6>0.06600</vitamins-vitamin_b6>
    <vitamins-vitamin_c>3.50000</vitamins-vitamin_c>
    <vitamins-vitamin_d>0.00000</vitamins-vitamin_d>
    <vitamins-vitamin_e>0.10000</vitamins-vitamin_e>
    <vitamins-vitamin_k>2.80000</vitamins-vitamin_k>
</food>