<food xmlns:xsi="http://www.w3.org/2001/XMLSchema-instance" xsi:noNamespaceSchemaLocation="https://xjrga.github.io/schemas/food_v2.xsd">
    <food-id>09302</food-id>
    <food-name>Raspberries, raw</food-name>
    <carbohydrates-carbs_by_diff>11.94000</carbohydrates-carbs_by_diff>
    <carbohydrates-fiber>6.50000</carbohydrates-fiber>
    <carbohydrates-glycemicindex>0.00000</carbohydrates-glycemicindex>
    <energy-gross>52.00000</energy-gross>
    <fats-cholesterol>0.00000</fats-cholesterol>
    <fats-dha>0.00000</fats-dha>
    <fats-epa>0.00000</fats-epa>
    <fats-lauric>0.00000</fats-lauric>
    <fats-linoleic>0.24900</fats-linoleic>
    <fats-linolenic>0.12600</fats-linolenic>
    <fats-monounsaturated>0.06400</fats-monounsaturated>
    <fats-myristic>0.00000</fats-myristic>
    <fats-palmitic>0.01000</fats-palmitic>
    <fats-polyunsaturated>0.37500</fats-polyunsaturated>
    <fats-saturated>0.01900</fats-saturated>
    <fats-stearic>0.00400</fats-stearic>
    <fats-total>0.65000</fats-total>
    <minerals-calcium>25.00000</minerals-calcium>
    <minerals-copper>0.09000</minerals-copper>
    <minerals-iron>0.69000</minerals-iron>
    <minerals-magnesium>22.00000</minerals-magnesium>
    <minerals-manganese>0.67000</minerals-manganese>
    <minerals-phosphorus>29.00000</minerals-phosphorus>
    <minerals-potassium>151.00000</minerals-potassium>
    <minerals-selenium>0.20000</minerals-selenium>
    <minerals-sodium>1.00000</minerals-sodium>
    <minerals-zinc>0.42000</minerals-zinc>
    <other-alcohol>0.00000</other-alcohol>
    <other-cost>0.0</other-cost>
    <other-water>85.75000</other-water>
    <other-weight>100.00000</other-weight>
    <protein-complete>0.00000</protein-complete>
    <protein-total>1.20000</protein-total>
    <vitamins-choline>12.30000</vitamins-choline>
    <vitamins-folate>21.00000</vitamins-folate>
    <vitamins-niacin>0.59800</vitamins-niacin>
    <vitamins-pantothenic_acid>0.32900</vitamins-pantothenic_acid>
    <vitamins-riboflavin>0.03800</vitamins-riboflavin>
    <vitamins-thiamin>0.03200</vitamins-thiamin>
    <vitamins-vitamin_a>2.00000</vitamins-vitamin_a>
    <vitamins-vitamin_b12>0.00000</vitamins-vitamin_b12>
    <vitamins-vitamin_b6>0.05500</vitamins-vitamin_b6>
    <vitamins-vitamin_c>26.20000</vitamins-vitamin_c>
    <vitamins-vitamin_d>0.00000</vitamins-vitamin_d>
    <vitamins-vitamin_e>0.87000</vitamins-vitamin_e>
    <vitamins-vitamin_k>7.80000</vitamins-vitamin_k>
</food>