<food xmlns:xsi="http://www.w3.org/2001/XMLSchema-instance" xsi:noNamespaceSchemaLocation="https://xjrga.github.io/schemas/food_v2.xsd">
    <food-id>09422</food-id>
    <food-name>Durian, raw or frozen</food-name>
    <carbohydrates-carbs_by_diff>27.09000</carbohydrates-carbs_by_diff>
    <carbohydrates-fiber>3.80000</carbohydrates-fiber>
    <carbohydrates-glycemicindex>0.00000</carbohydrates-glycemicindex>
    <energy-gross>147.00000</energy-gross>
    <fats-cholesterol>0.00000</fats-cholesterol>
    <fats-dha>0.00000</fats-dha>
    <fats-epa>0.00000</fats-epa>
    <fats-lauric>0.00000</fats-lauric>
    <fats-linoleic>0.00000</fats-linoleic>
    <fats-linolenic>0.00000</fats-linolenic>
    <fats-monounsaturated>0.00000</fats-monounsaturated>
    <fats-myristic>0.00000</fats-myristic>
    <fats-palmitic>0.00000</fats-palmitic>
    <fats-polyunsaturated>0.00000</fats-polyunsaturated>
    <fats-saturated>0.00000</fats-saturated>
    <fats-stearic>0.00000</fats-stearic>
    <fats-total>5.33000</fats-total>
    <minerals-calcium>6.00000</minerals-calcium>
    <minerals-copper>0.20700</minerals-copper>
    <minerals-iron>0.43000</minerals-iron>
    <minerals-magnesium>30.00000</minerals-magnesium>
    <minerals-manganese>0.32500</minerals-manganese>
    <minerals-phosphorus>39.00000</minerals-phosphorus>
    <minerals-potassium>436.00000</minerals-potassium>
    <minerals-selenium>0.00000</minerals-selenium>
    <minerals-sodium>2.00000</minerals-sodium>
    <minerals-zinc>0.28000</minerals-zinc>
    <other-alcohol>0.00000</other-alcohol>
    <other-cost>0.0</other-cost>
    <other-water>64.99000</other-water>
    <other-weight>100.00000</other-weight>
    <protein-complete>0.00000</protein-complete>
    <protein-total>1.47000</protein-total>
    <vitamins-choline>0.00000</vitamins-choline>
    <vitamins-folate>0.00000</vitamins-folate>
    <vitamins-niacin>1.07400</vitamins-niacin>
    <vitamins-pantothenic_acid>0.23000</vitamins-pantothenic_acid>
    <vitamins-riboflavin>0.20000</vitamins-riboflavin>
    <vitamins-thiamin>0.37400</vitamins-thiamin>
    <vitamins-vitamin_a>2.00000</vitamins-vitamin_a>
    <vitamins-vitamin_b12>0.00000</vitamins-vitamin_b12>
    <vitamins-vitamin_b6>0.31600</vitamins-vitamin_b6>
    <vitamins-vitamin_c>19.70000</vitamins-vitamin_c>
    <vitamins-vitamin_d>0.00000</vitamins-vitamin_d>
    <vitamins-vitamin_e>0.00000</vitamins-vitamin_e>
    <vitamins-vitamin_k>0.00000</vitamins-vitamin_k>
</food>