<food xmlns:xsi="http://www.w3.org/2001/XMLSchema-instance" xsi:noNamespaceSchemaLocation="https://xjrga.github.io/schemas/food_v2.xsd">
    <food-id>09443</food-id>
    <food-name>Juice, apple and grape blend, with added ascorbic acid</food-name>
    <carbohydrates-carbs_by_diff>12.46000</carbohydrates-carbs_by_diff>
    <carbohydrates-fiber>0.20000</carbohydrates-fiber>
    <carbohydrates-glycemicindex>0.00000</carbohydrates-glycemicindex>
    <energy-gross>50.00000</energy-gross>
    <fats-cholesterol>0.00000</fats-cholesterol>
    <fats-dha>0.00000</fats-dha>
    <fats-epa>0.00000</fats-epa>
    <fats-lauric>0.00000</fats-lauric>
    <fats-linoleic>0.02700</fats-linoleic>
    <fats-linolenic>0.00600</fats-linolenic>
    <fats-monounsaturated>0.00500</fats-monounsaturated>
    <fats-myristic>0.00100</fats-myristic>
    <fats-palmitic>0.01000</fats-palmitic>
    <fats-polyunsaturated>0.03200</fats-polyunsaturated>
    <fats-saturated>0.02300</fats-saturated>
    <fats-stearic>0.00300</fats-stearic>
    <fats-total>0.12000</fats-total>
    <minerals-calcium>11.00000</minerals-calcium>
    <minerals-copper>0.01000</minerals-copper>
    <minerals-iron>0.11000</minerals-iron>
    <minerals-magnesium>7.00000</minerals-magnesium>
    <minerals-manganese>0.04100</minerals-manganese>
    <minerals-phosphorus>9.00000</minerals-phosphorus>
    <minerals-potassium>96.00000</minerals-potassium>
    <minerals-selenium>0.10000</minerals-selenium>
    <minerals-sodium>7.00000</minerals-sodium>
    <minerals-zinc>0.05000</minerals-zinc>
    <other-alcohol>0.00000</other-alcohol>
    <other-cost>0.0</other-cost>
    <other-water>87.05000</other-water>
    <other-weight>100.00000</other-weight>
    <protein-complete>0.00000</protein-complete>
    <protein-total>0.16000</protein-total>
    <vitamins-choline>2.40000</vitamins-choline>
    <vitamins-folate>0.00000</vitamins-folate>
    <vitamins-niacin>0.08700</vitamins-niacin>
    <vitamins-pantothenic_acid>0.03500</vitamins-pantothenic_acid>
    <vitamins-riboflavin>0.01500</vitamins-riboflavin>
    <vitamins-thiamin>0.00600</vitamins-thiamin>
    <vitamins-vitamin_a>0.00000</vitamins-vitamin_a>
    <vitamins-vitamin_b12>0.00000</vitamins-vitamin_b12>
    <vitamins-vitamin_b6>0.02100</vitamins-vitamin_b6>
    <vitamins-vitamin_c>28.20000</vitamins-vitamin_c>
    <vitamins-vitamin_d>0.00000</vitamins-vitamin_d>
    <vitamins-vitamin_e>0.01000</vitamins-vitamin_e>
    <vitamins-vitamin_k>0.20000</vitamins-vitamin_k>
</food>