<food xmlns:xsi="http://www.w3.org/2001/XMLSchema-instance" xsi:noNamespaceSchemaLocation="https://xjrga.github.io/schemas/food_v2.xsd">
    <food-id>09432</food-id>
    <food-name>USDA Commodity, mixed fruit (peaches, pears, grapes), canned, light syrup, solids and liquids</food-name>
    <carbohydrates-carbs_by_diff>14.30000</carbohydrates-carbs_by_diff>
    <carbohydrates-fiber>1.20000</carbohydrates-fiber>
    <carbohydrates-glycemicindex>0.00000</carbohydrates-glycemicindex>
    <energy-gross>55.00000</energy-gross>
    <fats-cholesterol>0.00000</fats-cholesterol>
    <fats-dha>0.00000</fats-dha>
    <fats-epa>0.00000</fats-epa>
    <fats-lauric>0.00000</fats-lauric>
    <fats-linoleic>0.00000</fats-linoleic>
    <fats-linolenic>0.00000</fats-linolenic>
    <fats-monounsaturated>0.00000</fats-monounsaturated>
    <fats-myristic>0.00000</fats-myristic>
    <fats-palmitic>0.00000</fats-palmitic>
    <fats-polyunsaturated>0.00000</fats-polyunsaturated>
    <fats-saturated>0.01000</fats-saturated>
    <fats-stearic>0.00000</fats-stearic>
    <fats-total>0.08000</fats-total>
    <minerals-calcium>5.00000</minerals-calcium>
    <minerals-copper>0.07500</minerals-copper>
    <minerals-iron>0.29000</minerals-iron>
    <minerals-magnesium>5.00000</minerals-magnesium>
    <minerals-manganese>0.02900</minerals-manganese>
    <minerals-phosphorus>13.00000</minerals-phosphorus>
    <minerals-potassium>85.00000</minerals-potassium>
    <minerals-selenium>0.00000</minerals-selenium>
    <minerals-sodium>6.00000</minerals-sodium>
    <minerals-zinc>0.08000</minerals-zinc>
    <other-alcohol>0.00000</other-alcohol>
    <other-cost>0.0</other-cost>
    <other-water>85.02000</other-water>
    <other-weight>100.00000</other-weight>
    <protein-complete>0.00000</protein-complete>
    <protein-total>0.41000</protein-total>
    <vitamins-choline>0.00000</vitamins-choline>
    <vitamins-folate>2.00000</vitamins-folate>
    <vitamins-niacin>0.38500</vitamins-niacin>
    <vitamins-pantothenic_acid>0.04100</vitamins-pantothenic_acid>
    <vitamins-riboflavin>0.03800</vitamins-riboflavin>
    <vitamins-thiamin>0.01300</vitamins-thiamin>
    <vitamins-vitamin_a>10.00000</vitamins-vitamin_a>
    <vitamins-vitamin_b12>0.00000</vitamins-vitamin_b12>
    <vitamins-vitamin_b6>0.01600</vitamins-vitamin_b6>
    <vitamins-vitamin_c>3.10000</vitamins-vitamin_c>
    <vitamins-vitamin_d>0.00000</vitamins-vitamin_d>
    <vitamins-vitamin_e>0.00000</vitamins-vitamin_e>
    <vitamins-vitamin_k>2.90000</vitamins-vitamin_k>
</food>