<food xmlns:xsi="http://www.w3.org/2001/XMLSchema-instance" xsi:noNamespaceSchemaLocation="https://xjrga.github.io/schemas/food_v2.xsd">
    <food-id>09410</food-id>
    <food-name>Apple juice, frozen concentrate, unsweetened, undiluted, with added ascorbic acid</food-name>
    <carbohydrates-carbs_by_diff>41.00000</carbohydrates-carbs_by_diff>
    <carbohydrates-fiber>0.00000</carbohydrates-fiber>
    <carbohydrates-glycemicindex>0.00000</carbohydrates-glycemicindex>
    <energy-gross>166.00000</energy-gross>
    <fats-cholesterol>0.00000</fats-cholesterol>
    <fats-dha>0.00000</fats-dha>
    <fats-epa>0.00000</fats-epa>
    <fats-lauric>0.00100</fats-lauric>
    <fats-linoleic>0.08900</fats-linoleic>
    <fats-linolenic>0.01900</fats-linolenic>
    <fats-monounsaturated>0.01500</fats-monounsaturated>
    <fats-myristic>0.00200</fats-myristic>
    <fats-palmitic>0.05000</fats-palmitic>
    <fats-polyunsaturated>0.10800</fats-polyunsaturated>
    <fats-saturated>0.06000</fats-saturated>
    <fats-stearic>0.00800</fats-stearic>
    <fats-total>0.37000</fats-total>
    <minerals-calcium>20.00000</minerals-calcium>
    <minerals-copper>0.05000</minerals-copper>
    <minerals-iron>0.91000</minerals-iron>
    <minerals-magnesium>17.00000</minerals-magnesium>
    <minerals-manganese>0.22500</minerals-manganese>
    <minerals-phosphorus>25.00000</minerals-phosphorus>
    <minerals-potassium>448.00000</minerals-potassium>
    <minerals-selenium>0.40000</minerals-selenium>
    <minerals-sodium>25.00000</minerals-sodium>
    <minerals-zinc>0.13000</minerals-zinc>
    <other-alcohol>0.00000</other-alcohol>
    <other-cost>0.0</other-cost>
    <other-water>57.00000</other-water>
    <other-weight>100.00000</other-weight>
    <protein-complete>0.00000</protein-complete>
    <protein-total>0.51000</protein-total>
    <vitamins-choline>0.00000</vitamins-choline>
    <vitamins-folate>1.00000</vitamins-folate>
    <vitamins-niacin>0.13500</vitamins-niacin>
    <vitamins-pantothenic_acid>0.22300</vitamins-pantothenic_acid>
    <vitamins-riboflavin>0.05400</vitamins-riboflavin>
    <vitamins-thiamin>0.01100</vitamins-thiamin>
    <vitamins-vitamin_a>0.00000</vitamins-vitamin_a>
    <vitamins-vitamin_b12>0.00000</vitamins-vitamin_b12>
    <vitamins-vitamin_b6>0.11600</vitamins-vitamin_b6>
    <vitamins-vitamin_c>88.90000</vitamins-vitamin_c>
    <vitamins-vitamin_d>0.00000</vitamins-vitamin_d>
    <vitamins-vitamin_e>0.00000</vitamins-vitamin_e>
    <vitamins-vitamin_k>0.00000</vitamins-vitamin_k>
</food>