<food xmlns:xsi="http://www.w3.org/2001/XMLSchema-instance" xsi:noNamespaceSchemaLocation="https://xjrga.github.io/schemas/food_v2.xsd">
    <food-id>09447</food-id>
    <food-name>Plantains, yellow, fried, Latino restaurant</food-name>
    <carbohydrates-carbs_by_diff>40.77000</carbohydrates-carbs_by_diff>
    <carbohydrates-fiber>3.20000</carbohydrates-fiber>
    <carbohydrates-glycemicindex>0.00000</carbohydrates-glycemicindex>
    <energy-gross>236.00000</energy-gross>
    <fats-cholesterol>0.00000</fats-cholesterol>
    <fats-dha>0.00100</fats-dha>
    <fats-epa>0.00100</fats-epa>
    <fats-lauric>0.00500</fats-lauric>
    <fats-linoleic>2.01700</fats-linoleic>
    <fats-linolenic>0.21900</fats-linolenic>
    <fats-monounsaturated>2.31900</fats-monounsaturated>
    <fats-myristic>0.04000</fats-myristic>
    <fats-palmitic>1.21000</fats-palmitic>
    <fats-polyunsaturated>2.27500</fats-polyunsaturated>
    <fats-saturated>1.81600</fats-saturated>
    <fats-stearic>0.48000</fats-stearic>
    <fats-total>7.51000</fats-total>
    <minerals-calcium>6.00000</minerals-calcium>
    <minerals-copper>0.11600</minerals-copper>
    <minerals-iron>0.62000</minerals-iron>
    <minerals-magnesium>45.00000</minerals-magnesium>
    <minerals-manganese>0.28000</minerals-manganese>
    <minerals-phosphorus>43.00000</minerals-phosphorus>
    <minerals-potassium>507.00000</minerals-potassium>
    <minerals-selenium>0.40000</minerals-selenium>
    <minerals-sodium>6.00000</minerals-sodium>
    <minerals-zinc>0.24000</minerals-zinc>
    <other-alcohol>0.00000</other-alcohol>
    <other-cost>0.0</other-cost>
    <other-water>49.04000</other-water>
    <other-weight>100.00000</other-weight>
    <protein-complete>0.00000</protein-complete>
    <protein-total>1.42000</protein-total>
    <vitamins-choline>0.00000</vitamins-choline>
    <vitamins-folate>0.00000</vitamins-folate>
    <vitamins-niacin>0.83700</vitamins-niacin>
    <vitamins-pantothenic_acid>0.60000</vitamins-pantothenic_acid>
    <vitamins-riboflavin>0.02000</vitamins-riboflavin>
    <vitamins-thiamin>0.07000</vitamins-thiamin>
    <vitamins-vitamin_a>66.00000</vitamins-vitamin_a>
    <vitamins-vitamin_b12>0.00000</vitamins-vitamin_b12>
    <vitamins-vitamin_b6>0.29000</vitamins-vitamin_b6>
    <vitamins-vitamin_c>0.00000</vitamins-vitamin_c>
    <vitamins-vitamin_d>0.00000</vitamins-vitamin_d>
    <vitamins-vitamin_e>1.10000</vitamins-vitamin_e>
    <vitamins-vitamin_k>31.80000</vitamins-vitamin_k>
</food>