<food xmlns:xsi="http://www.w3.org/2001/XMLSchema-instance" xsi:noNamespaceSchemaLocation="https://xjrga.github.io/schemas/food_v2.xsd">
    <food-id>09415</food-id>
    <food-name>Pears, raw, green anjou</food-name>
    <carbohydrates-carbs_by_diff>15.79000</carbohydrates-carbs_by_diff>
    <carbohydrates-fiber>3.10000</carbohydrates-fiber>
    <carbohydrates-glycemicindex>0.00000</carbohydrates-glycemicindex>
    <energy-gross>66.00000</energy-gross>
    <fats-cholesterol>0.00000</fats-cholesterol>
    <fats-dha>0.00000</fats-dha>
    <fats-epa>0.00000</fats-epa>
    <fats-lauric>0.00000</fats-lauric>
    <fats-linoleic>0.00000</fats-linoleic>
    <fats-linolenic>0.00000</fats-linolenic>
    <fats-monounsaturated>0.00000</fats-monounsaturated>
    <fats-myristic>0.00000</fats-myristic>
    <fats-palmitic>0.00000</fats-palmitic>
    <fats-polyunsaturated>0.00000</fats-polyunsaturated>
    <fats-saturated>0.00000</fats-saturated>
    <fats-stearic>0.00000</fats-stearic>
    <fats-total>0.10000</fats-total>
    <minerals-calcium>11.00000</minerals-calcium>
    <minerals-copper>0.07700</minerals-copper>
    <minerals-iron>0.24000</minerals-iron>
    <minerals-magnesium>7.00000</minerals-magnesium>
    <minerals-manganese>0.04800</minerals-manganese>
    <minerals-phosphorus>13.00000</minerals-phosphorus>
    <minerals-potassium>127.00000</minerals-potassium>
    <minerals-selenium>0.00000</minerals-selenium>
    <minerals-sodium>1.00000</minerals-sodium>
    <minerals-zinc>0.10000</minerals-zinc>
    <other-alcohol>0.00000</other-alcohol>
    <other-cost>0.0</other-cost>
    <other-water>83.31000</other-water>
    <other-weight>100.00000</other-weight>
    <protein-complete>0.00000</protein-complete>
    <protein-total>0.44000</protein-total>
    <vitamins-choline>5.10000</vitamins-choline>
    <vitamins-folate>0.00000</vitamins-folate>
    <vitamins-niacin>0.15100</vitamins-niacin>
    <vitamins-pantothenic_acid>0.04300</vitamins-pantothenic_acid>
    <vitamins-riboflavin>0.02200</vitamins-riboflavin>
    <vitamins-thiamin>0.01000</vitamins-thiamin>
    <vitamins-vitamin_a>1.00000</vitamins-vitamin_a>
    <vitamins-vitamin_b12>0.00000</vitamins-vitamin_b12>
    <vitamins-vitamin_b6>0.02600</vitamins-vitamin_b6>
    <vitamins-vitamin_c>4.40000</vitamins-vitamin_c>
    <vitamins-vitamin_d>0.00000</vitamins-vitamin_d>
    <vitamins-vitamin_e>0.12000</vitamins-vitamin_e>
    <vitamins-vitamin_k>4.30000</vitamins-vitamin_k>
</food>