<food xmlns:xsi="http://www.w3.org/2001/XMLSchema-instance" xsi:noNamespaceSchemaLocation="https://xjrga.github.io/schemas/food_v2.xsd">
    <food-id>09446</food-id>
    <food-name>Plantains, green, fried</food-name>
    <carbohydrates-carbs_by_diff>49.17000</carbohydrates-carbs_by_diff>
    <carbohydrates-fiber>3.50000</carbohydrates-fiber>
    <carbohydrates-glycemicindex>0.00000</carbohydrates-glycemicindex>
    <energy-gross>309.00000</energy-gross>
    <fats-cholesterol>0.00000</fats-cholesterol>
    <fats-dha>0.00300</fats-dha>
    <fats-epa>0.00100</fats-epa>
    <fats-lauric>0.00900</fats-lauric>
    <fats-linoleic>2.34800</fats-linoleic>
    <fats-linolenic>0.21500</fats-linolenic>
    <fats-monounsaturated>4.35300</fats-monounsaturated>
    <fats-myristic>0.12000</fats-myristic>
    <fats-palmitic>2.26000</fats-palmitic>
    <fats-polyunsaturated>2.69700</fats-polyunsaturated>
    <fats-saturated>3.69000</fats-saturated>
    <fats-stearic>1.19000</fats-stearic>
    <fats-total>11.81000</fats-total>
    <minerals-calcium>4.00000</minerals-calcium>
    <minerals-copper>0.18300</minerals-copper>
    <minerals-iron>0.67000</minerals-iron>
    <minerals-magnesium>58.00000</minerals-magnesium>
    <minerals-manganese>0.18800</minerals-manganese>
    <minerals-phosphorus>44.00000</minerals-phosphorus>
    <minerals-potassium>482.00000</minerals-potassium>
    <minerals-selenium>0.00000</minerals-selenium>
    <minerals-sodium>2.00000</minerals-sodium>
    <minerals-zinc>0.23000</minerals-zinc>
    <other-alcohol>0.00000</other-alcohol>
    <other-cost>0.0</other-cost>
    <other-water>36.08000</other-water>
    <other-weight>100.00000</other-weight>
    <protein-complete>0.00000</protein-complete>
    <protein-total>1.50000</protein-total>
    <vitamins-choline>0.00000</vitamins-choline>
    <vitamins-folate>0.00000</vitamins-folate>
    <vitamins-niacin>0.81800</vitamins-niacin>
    <vitamins-pantothenic_acid>0.38800</vitamins-pantothenic_acid>
    <vitamins-riboflavin>0.10200</vitamins-riboflavin>
    <vitamins-thiamin>0.04700</vitamins-thiamin>
    <vitamins-vitamin_a>60.00000</vitamins-vitamin_a>
    <vitamins-vitamin_b12>0.00000</vitamins-vitamin_b12>
    <vitamins-vitamin_b6>0.26400</vitamins-vitamin_b6>
    <vitamins-vitamin_c>3.40000</vitamins-vitamin_c>
    <vitamins-vitamin_d>0.00000</vitamins-vitamin_d>
    <vitamins-vitamin_e>0.00000</vitamins-vitamin_e>
    <vitamins-vitamin_k>0.00000</vitamins-vitamin_k>
</food>