<food xmlns:xsi="http://www.w3.org/2001/XMLSchema-instance" xsi:noNamespaceSchemaLocation="https://xjrga.github.io/schemas/food_v2.xsd">
    <food-id>09501</food-id>
    <food-name>Apples, raw, golden delicious, with skin</food-name>
    <carbohydrates-carbs_by_diff>13.60000</carbohydrates-carbs_by_diff>
    <carbohydrates-fiber>2.40000</carbohydrates-fiber>
    <carbohydrates-glycemicindex>0.00000</carbohydrates-glycemicindex>
    <energy-gross>57.00000</energy-gross>
    <fats-cholesterol>0.00000</fats-cholesterol>
    <fats-dha>0.00000</fats-dha>
    <fats-epa>0.00000</fats-epa>
    <fats-lauric>0.00000</fats-lauric>
    <fats-linoleic>0.00000</fats-linoleic>
    <fats-linolenic>0.00000</fats-linolenic>
    <fats-monounsaturated>0.00000</fats-monounsaturated>
    <fats-myristic>0.00000</fats-myristic>
    <fats-palmitic>0.00000</fats-palmitic>
    <fats-polyunsaturated>0.00000</fats-polyunsaturated>
    <fats-saturated>0.00000</fats-saturated>
    <fats-stearic>0.00000</fats-stearic>
    <fats-total>0.15000</fats-total>
    <minerals-calcium>6.00000</minerals-calcium>
    <minerals-copper>0.03000</minerals-copper>
    <minerals-iron>0.13000</minerals-iron>
    <minerals-magnesium>5.00000</minerals-magnesium>
    <minerals-manganese>0.03500</minerals-manganese>
    <minerals-phosphorus>10.00000</minerals-phosphorus>
    <minerals-potassium>100.00000</minerals-potassium>
    <minerals-selenium>0.00000</minerals-selenium>
    <minerals-sodium>2.00000</minerals-sodium>
    <minerals-zinc>0.04000</minerals-zinc>
    <other-alcohol>0.00000</other-alcohol>
    <other-cost>0.0</other-cost>
    <other-water>85.81000</other-water>
    <other-weight>100.00000</other-weight>
    <protein-complete>0.00000</protein-complete>
    <protein-total>0.28000</protein-total>
    <vitamins-choline>5.10000</vitamins-choline>
    <vitamins-folate>0.00000</vitamins-folate>
    <vitamins-niacin>0.09400</vitamins-niacin>
    <vitamins-pantothenic_acid>0.07400</vitamins-pantothenic_acid>
    <vitamins-riboflavin>0.02600</vitamins-riboflavin>
    <vitamins-thiamin>0.01800</vitamins-thiamin>
    <vitamins-vitamin_a>3.00000</vitamins-vitamin_a>
    <vitamins-vitamin_b12>0.00000</vitamins-vitamin_b12>
    <vitamins-vitamin_b6>0.05100</vitamins-vitamin_b6>
    <vitamins-vitamin_c>0.00000</vitamins-vitamin_c>
    <vitamins-vitamin_d>0.00000</vitamins-vitamin_d>
    <vitamins-vitamin_e>0.18000</vitamins-vitamin_e>
    <vitamins-vitamin_k>1.80000</vitamins-vitamin_k>
</food>