<food xmlns:xsi="http://www.w3.org/2001/XMLSchema-instance" xsi:noNamespaceSchemaLocation="https://xjrga.github.io/schemas/food_v2.xsd">
    <food-id>09513</food-id>
    <food-name>Fruit juice smoothie, ODWALLA, ORIGINAL SUPERFOOD</food-name>
    <carbohydrates-carbs_by_diff>11.51000</carbohydrates-carbs_by_diff>
    <carbohydrates-fiber>0.60000</carbohydrates-fiber>
    <carbohydrates-glycemicindex>0.00000</carbohydrates-glycemicindex>
    <energy-gross>50.00000</energy-gross>
    <fats-cholesterol>0.00000</fats-cholesterol>
    <fats-dha>0.00000</fats-dha>
    <fats-epa>0.00000</fats-epa>
    <fats-lauric>0.00000</fats-lauric>
    <fats-linoleic>0.09300</fats-linoleic>
    <fats-linolenic>0.01900</fats-linolenic>
    <fats-monounsaturated>0.04000</fats-monounsaturated>
    <fats-myristic>0.00500</fats-myristic>
    <fats-palmitic>0.06000</fats-palmitic>
    <fats-polyunsaturated>0.11200</fats-polyunsaturated>
    <fats-saturated>0.10500</fats-saturated>
    <fats-stearic>0.01000</fats-stearic>
    <fats-total>0.36000</fats-total>
    <minerals-calcium>7.00000</minerals-calcium>
    <minerals-copper>0.04000</minerals-copper>
    <minerals-iron>0.39000</minerals-iron>
    <minerals-magnesium>9.00000</minerals-magnesium>
    <minerals-manganese>0.07600</minerals-manganese>
    <minerals-phosphorus>24.00000</minerals-phosphorus>
    <minerals-potassium>145.00000</minerals-potassium>
    <minerals-selenium>0.30000</minerals-selenium>
    <minerals-sodium>3.00000</minerals-sodium>
    <minerals-zinc>0.06000</minerals-zinc>
    <other-alcohol>0.00000</other-alcohol>
    <other-cost>0.0</other-cost>
    <other-water>87.22000</other-water>
    <other-weight>100.00000</other-weight>
    <protein-complete>0.00000</protein-complete>
    <protein-total>0.63000</protein-total>
    <vitamins-choline>5.00000</vitamins-choline>
    <vitamins-folate>14.00000</vitamins-folate>
    <vitamins-niacin>0.45500</vitamins-niacin>
    <vitamins-pantothenic_acid>0.00000</vitamins-pantothenic_acid>
    <vitamins-riboflavin>0.08500</vitamins-riboflavin>
    <vitamins-thiamin>0.05000</vitamins-thiamin>
    <vitamins-vitamin_a>70.00000</vitamins-vitamin_a>
    <vitamins-vitamin_b12>0.00000</vitamins-vitamin_b12>
    <vitamins-vitamin_b6>0.02600</vitamins-vitamin_b6>
    <vitamins-vitamin_c>31.30000</vitamins-vitamin_c>
    <vitamins-vitamin_d>0.00000</vitamins-vitamin_d>
    <vitamins-vitamin_e>0.42000</vitamins-vitamin_e>
    <vitamins-vitamin_k>1.80000</vitamins-vitamin_k>
</food>