<food xmlns:xsi="http://www.w3.org/2001/XMLSchema-instance" xsi:noNamespaceSchemaLocation="https://xjrga.github.io/schemas/food_v2.xsd">
    <food-id>09531</food-id>
    <food-name>Fruit juice smoothie, NAKED JUICE, strawberry banana</food-name>
    <carbohydrates-carbs_by_diff>11.66000</carbohydrates-carbs_by_diff>
    <carbohydrates-fiber>0.60000</carbohydrates-fiber>
    <carbohydrates-glycemicindex>0.00000</carbohydrates-glycemicindex>
    <energy-gross>50.00000</energy-gross>
    <fats-cholesterol>0.00000</fats-cholesterol>
    <fats-dha>0.00000</fats-dha>
    <fats-epa>0.00000</fats-epa>
    <fats-lauric>0.00000</fats-lauric>
    <fats-linoleic>0.02400</fats-linoleic>
    <fats-linolenic>0.02000</fats-linolenic>
    <fats-monounsaturated>0.02400</fats-monounsaturated>
    <fats-myristic>0.00500</fats-myristic>
    <fats-palmitic>0.03000</fats-palmitic>
    <fats-polyunsaturated>0.04400</fats-polyunsaturated>
    <fats-saturated>0.09200</fats-saturated>
    <fats-stearic>0.01000</fats-stearic>
    <fats-total>0.27000</fats-total>
    <minerals-calcium>10.00000</minerals-calcium>
    <minerals-copper>0.04000</minerals-copper>
    <minerals-iron>0.20000</minerals-iron>
    <minerals-magnesium>14.00000</minerals-magnesium>
    <minerals-manganese>0.18000</minerals-manganese>
    <minerals-phosphorus>18.00000</minerals-phosphorus>
    <minerals-potassium>201.00000</minerals-potassium>
    <minerals-selenium>0.40000</minerals-selenium>
    <minerals-sodium>2.00000</minerals-sodium>
    <minerals-zinc>0.08000</minerals-zinc>
    <other-alcohol>0.00000</other-alcohol>
    <other-cost>0.0</other-cost>
    <other-water>87.28000</other-water>
    <other-weight>100.00000</other-weight>
    <protein-complete>0.00000</protein-complete>
    <protein-total>0.48000</protein-total>
    <vitamins-choline>3.80000</vitamins-choline>
    <vitamins-folate>35.00000</vitamins-folate>
    <vitamins-niacin>0.31000</vitamins-niacin>
    <vitamins-pantothenic_acid>0.00000</vitamins-pantothenic_acid>
    <vitamins-riboflavin>0.05700</vitamins-riboflavin>
    <vitamins-thiamin>0.04000</vitamins-thiamin>
    <vitamins-vitamin_a>2.00000</vitamins-vitamin_a>
    <vitamins-vitamin_b12>0.00000</vitamins-vitamin_b12>
    <vitamins-vitamin_b6>0.11500</vitamins-vitamin_b6>
    <vitamins-vitamin_c>8.40000</vitamins-vitamin_c>
    <vitamins-vitamin_d>0.00000</vitamins-vitamin_d>
    <vitamins-vitamin_e>0.13000</vitamins-vitamin_e>
    <vitamins-vitamin_k>0.90000</vitamins-vitamin_k>
</food>