<food xmlns:xsi="http://www.w3.org/2001/XMLSchema-instance" xsi:noNamespaceSchemaLocation="https://xjrga.github.io/schemas/food_v2.xsd">
    <food-id>09520</food-id>
    <food-name>Kiwifruit, ZESPRI SunGold, raw</food-name>
    <carbohydrates-carbs_by_diff>15.79000</carbohydrates-carbs_by_diff>
    <carbohydrates-fiber>1.40000</carbohydrates-fiber>
    <carbohydrates-glycemicindex>0.00000</carbohydrates-glycemicindex>
    <energy-gross>63.00000</energy-gross>
    <fats-cholesterol>0.00000</fats-cholesterol>
    <fats-dha>0.00000</fats-dha>
    <fats-epa>0.00000</fats-epa>
    <fats-lauric>0.00300</fats-lauric>
    <fats-linoleic>0.06000</fats-linoleic>
    <fats-linolenic>0.04300</fats-linolenic>
    <fats-monounsaturated>0.02300</fats-monounsaturated>
    <fats-myristic>0.00300</fats-myristic>
    <fats-palmitic>0.04000</fats-palmitic>
    <fats-polyunsaturated>0.11100</fats-polyunsaturated>
    <fats-saturated>0.06500</fats-saturated>
    <fats-stearic>0.00600</fats-stearic>
    <fats-total>0.28000</fats-total>
    <minerals-calcium>17.00000</minerals-calcium>
    <minerals-copper>0.15100</minerals-copper>
    <minerals-iron>0.21000</minerals-iron>
    <minerals-magnesium>12.00000</minerals-magnesium>
    <minerals-manganese>0.04800</minerals-manganese>
    <minerals-phosphorus>25.00000</minerals-phosphorus>
    <minerals-potassium>315.00000</minerals-potassium>
    <minerals-selenium>0.40000</minerals-selenium>
    <minerals-sodium>3.00000</minerals-sodium>
    <minerals-zinc>0.08000</minerals-zinc>
    <other-alcohol>0.00000</other-alcohol>
    <other-cost>0.0</other-cost>
    <other-water>82.44000</other-water>
    <other-weight>100.00000</other-weight>
    <protein-complete>0.00000</protein-complete>
    <protein-total>1.02000</protein-total>
    <vitamins-choline>1.90000</vitamins-choline>
    <vitamins-folate>31.00000</vitamins-folate>
    <vitamins-niacin>0.23100</vitamins-niacin>
    <vitamins-pantothenic_acid>0.12000</vitamins-pantothenic_acid>
    <vitamins-riboflavin>0.07400</vitamins-riboflavin>
    <vitamins-thiamin>0.00000</vitamins-thiamin>
    <vitamins-vitamin_a>1.00000</vitamins-vitamin_a>
    <vitamins-vitamin_b12>0.08000</vitamins-vitamin_b12>
    <vitamins-vitamin_b6>0.07900</vitamins-vitamin_b6>
    <vitamins-vitamin_c>161.30000</vitamins-vitamin_c>
    <vitamins-vitamin_d>0.00000</vitamins-vitamin_d>
    <vitamins-vitamin_e>1.40000</vitamins-vitamin_e>
    <vitamins-vitamin_k>6.10000</vitamins-vitamin_k>
</food>