<food xmlns:xsi="http://www.w3.org/2001/XMLSchema-instance" xsi:noNamespaceSchemaLocation="https://xjrga.github.io/schemas/food_v2.xsd">
    <food-id>09515</food-id>
    <food-name>Fruit juice smoothie, BOLTHOUSE FARMS, GREEN GOODNESS</food-name>
    <carbohydrates-carbs_by_diff>13.04000</carbohydrates-carbs_by_diff>
    <carbohydrates-fiber>0.60000</carbohydrates-fiber>
    <carbohydrates-glycemicindex>0.00000</carbohydrates-glycemicindex>
    <energy-gross>56.00000</energy-gross>
    <fats-cholesterol>0.00000</fats-cholesterol>
    <fats-dha>0.00000</fats-dha>
    <fats-epa>0.00000</fats-epa>
    <fats-lauric>0.00000</fats-lauric>
    <fats-linoleic>0.01500</fats-linoleic>
    <fats-linolenic>0.01900</fats-linolenic>
    <fats-monounsaturated>0.06400</fats-monounsaturated>
    <fats-myristic>0.00400</fats-myristic>
    <fats-palmitic>0.03000</fats-palmitic>
    <fats-polyunsaturated>0.06800</fats-polyunsaturated>
    <fats-saturated>0.06800</fats-saturated>
    <fats-stearic>0.01000</fats-stearic>
    <fats-total>0.33000</fats-total>
    <minerals-calcium>18.00000</minerals-calcium>
    <minerals-copper>0.04900</minerals-copper>
    <minerals-iron>0.34000</minerals-iron>
    <minerals-magnesium>15.00000</minerals-magnesium>
    <minerals-manganese>1.35700</minerals-manganese>
    <minerals-phosphorus>16.00000</minerals-phosphorus>
    <minerals-potassium>177.00000</minerals-potassium>
    <minerals-selenium>0.20000</minerals-selenium>
    <minerals-sodium>11.00000</minerals-sodium>
    <minerals-zinc>0.08000</minerals-zinc>
    <other-alcohol>0.00000</other-alcohol>
    <other-cost>0.0</other-cost>
    <other-water>85.61000</other-water>
    <other-weight>100.00000</other-weight>
    <protein-complete>0.00000</protein-complete>
    <protein-total>0.63000</protein-total>
    <vitamins-choline>4.10000</vitamins-choline>
    <vitamins-folate>17.00000</vitamins-folate>
    <vitamins-niacin>0.33300</vitamins-niacin>
    <vitamins-pantothenic_acid>0.00000</vitamins-pantothenic_acid>
    <vitamins-riboflavin>0.08000</vitamins-riboflavin>
    <vitamins-thiamin>0.06000</vitamins-thiamin>
    <vitamins-vitamin_a>21.00000</vitamins-vitamin_a>
    <vitamins-vitamin_b12>0.55000</vitamins-vitamin_b12>
    <vitamins-vitamin_b6>0.08000</vitamins-vitamin_b6>
    <vitamins-vitamin_c>6.20000</vitamins-vitamin_c>
    <vitamins-vitamin_d>0.00000</vitamins-vitamin_d>
    <vitamins-vitamin_e>0.18000</vitamins-vitamin_e>
    <vitamins-vitamin_k>2.60000</vitamins-vitamin_k>
</food>