<food xmlns:xsi="http://www.w3.org/2001/XMLSchema-instance" xsi:noNamespaceSchemaLocation="https://xjrga.github.io/schemas/food_v2.xsd">
    <food-id>09516</food-id>
    <food-name>Fruit juice smoothie, BOLTHOUSE FARMS, strawberry banana</food-name>
    <carbohydrates-carbs_by_diff>12.37000</carbohydrates-carbs_by_diff>
    <carbohydrates-fiber>0.60000</carbohydrates-fiber>
    <carbohydrates-glycemicindex>0.00000</carbohydrates-glycemicindex>
    <energy-gross>52.00000</energy-gross>
    <fats-cholesterol>0.00000</fats-cholesterol>
    <fats-dha>0.00000</fats-dha>
    <fats-epa>0.00000</fats-epa>
    <fats-lauric>0.00000</fats-lauric>
    <fats-linoleic>0.03300</fats-linoleic>
    <fats-linolenic>0.02300</fats-linolenic>
    <fats-monounsaturated>0.04600</fats-monounsaturated>
    <fats-myristic>0.00700</fats-myristic>
    <fats-palmitic>0.05000</fats-palmitic>
    <fats-polyunsaturated>0.11200</fats-polyunsaturated>
    <fats-saturated>0.12900</fats-saturated>
    <fats-stearic>0.02000</fats-stearic>
    <fats-total>0.30000</fats-total>
    <minerals-calcium>11.00000</minerals-calcium>
    <minerals-copper>0.03800</minerals-copper>
    <minerals-iron>0.32000</minerals-iron>
    <minerals-magnesium>13.00000</minerals-magnesium>
    <minerals-manganese>0.19400</minerals-manganese>
    <minerals-phosphorus>16.00000</minerals-phosphorus>
    <minerals-potassium>184.00000</minerals-potassium>
    <minerals-selenium>0.40000</minerals-selenium>
    <minerals-sodium>5.00000</minerals-sodium>
    <minerals-zinc>0.07000</minerals-zinc>
    <other-alcohol>0.00000</other-alcohol>
    <other-cost>0.0</other-cost>
    <other-water>86.60000</other-water>
    <other-weight>100.00000</other-weight>
    <protein-complete>0.00000</protein-complete>
    <protein-total>0.44000</protein-total>
    <vitamins-choline>5.30000</vitamins-choline>
    <vitamins-folate>24.00000</vitamins-folate>
    <vitamins-niacin>0.28700</vitamins-niacin>
    <vitamins-pantothenic_acid>0.09200</vitamins-pantothenic_acid>
    <vitamins-riboflavin>0.05300</vitamins-riboflavin>
    <vitamins-thiamin>0.03500</vitamins-thiamin>
    <vitamins-vitamin_a>1.00000</vitamins-vitamin_a>
    <vitamins-vitamin_b12>0.00000</vitamins-vitamin_b12>
    <vitamins-vitamin_b6>0.07500</vitamins-vitamin_b6>
    <vitamins-vitamin_c>47.30000</vitamins-vitamin_c>
    <vitamins-vitamin_d>0.00000</vitamins-vitamin_d>
    <vitamins-vitamin_e>0.16000</vitamins-vitamin_e>
    <vitamins-vitamin_k>1.60000</vitamins-vitamin_k>
</food>