<food xmlns:xsi="http://www.w3.org/2001/XMLSchema-instance" xsi:noNamespaceSchemaLocation="https://xjrga.github.io/schemas/food_v2.xsd">
    <food-id>35009</food-id>
    <food-name>Whale, beluga, meat, dried (Alaska Native)</food-name>
    <carbohydrates-carbs_by_diff>0.00000</carbohydrates-carbs_by_diff>
    <carbohydrates-fiber>0.00000</carbohydrates-fiber>
    <carbohydrates-glycemicindex>0.00000</carbohydrates-glycemicindex>
    <energy-gross>327.00000</energy-gross>
    <fats-cholesterol>122.00000</fats-cholesterol>
    <fats-dha>0.08600</fats-dha>
    <fats-epa>0.06000</fats-epa>
    <fats-lauric>0.00700</fats-lauric>
    <fats-linoleic>0.04700</fats-linoleic>
    <fats-linolenic>0.02700</fats-linolenic>
    <fats-monounsaturated>3.34500</fats-monounsaturated>
    <fats-myristic>0.24000</fats-myristic>
    <fats-palmitic>0.69000</fats-palmitic>
    <fats-polyunsaturated>0.31900</fats-polyunsaturated>
    <fats-saturated>1.20400</fats-saturated>
    <fats-stearic>0.20000</fats-stearic>
    <fats-total>5.34000</fats-total>
    <minerals-calcium>22.00000</minerals-calcium>
    <minerals-copper>0.32000</minerals-copper>
    <minerals-iron>72.35000</minerals-iron>
    <minerals-magnesium>63.00000</minerals-magnesium>
    <minerals-manganese>0.13000</minerals-manganese>
    <minerals-phosphorus>549.00000</minerals-phosphorus>
    <minerals-potassium>800.00000</minerals-potassium>
    <minerals-selenium>103.00000</minerals-selenium>
    <minerals-sodium>220.00000</minerals-sodium>
    <minerals-zinc>7.80000</minerals-zinc>
    <other-alcohol>0.00000</other-alcohol>
    <other-cost>0.0</other-cost>
    <other-water>22.39000</other-water>
    <other-weight>100.00000</other-weight>
    <protein-complete>0.00000</protein-complete>
    <protein-total>69.86000</protein-total>
    <vitamins-choline>131.70000</vitamins-choline>
    <vitamins-folate>10.00000</vitamins-folate>
    <vitamins-niacin>15.20000</vitamins-niacin>
    <vitamins-pantothenic_acid>1.68000</vitamins-pantothenic_acid>
    <vitamins-riboflavin>0.51900</vitamins-riboflavin>
    <vitamins-thiamin>0.03900</vitamins-thiamin>
    <vitamins-vitamin_a>0.00000</vitamins-vitamin_a>
    <vitamins-vitamin_b12>7.31000</vitamins-vitamin_b12>
    <vitamins-vitamin_b6>0.13100</vitamins-vitamin_b6>
    <vitamins-vitamin_c>0.00000</vitamins-vitamin_c>
    <vitamins-vitamin_d>0.00000</vitamins-vitamin_d>
    <vitamins-vitamin_e>0.27000</vitamins-vitamin_e>
    <vitamins-vitamin_k>0.00000</vitamins-vitamin_k>
</food>