<food xmlns:xsi="http://www.w3.org/2001/XMLSchema-instance" xsi:noNamespaceSchemaLocation="https://xjrga.github.io/schemas/food_v2.xsd">
    <food-id>35011</food-id>
    <food-name>Whale, beluga, meat, raw (Alaska Native)</food-name>
    <carbohydrates-carbs_by_diff>0.00000</carbohydrates-carbs_by_diff>
    <carbohydrates-fiber>0.00000</carbohydrates-fiber>
    <carbohydrates-glycemicindex>0.00000</carbohydrates-glycemicindex>
    <energy-gross>111.00000</energy-gross>
    <fats-cholesterol>80.00000</fats-cholesterol>
    <fats-dha>0.00600</fats-dha>
    <fats-epa>0.00400</fats-epa>
    <fats-lauric>0.00100</fats-lauric>
    <fats-linoleic>0.00300</fats-linoleic>
    <fats-linolenic>0.00200</fats-linolenic>
    <fats-monounsaturated>0.33700</fats-monounsaturated>
    <fats-myristic>0.01000</fats-myristic>
    <fats-palmitic>0.05000</fats-palmitic>
    <fats-polyunsaturated>0.02500</fats-polyunsaturated>
    <fats-saturated>0.09200</fats-saturated>
    <fats-stearic>0.01000</fats-stearic>
    <fats-total>0.50000</fats-total>
    <minerals-calcium>7.00000</minerals-calcium>
    <minerals-copper>0.11300</minerals-copper>
    <minerals-iron>25.90000</minerals-iron>
    <minerals-magnesium>22.00000</minerals-magnesium>
    <minerals-manganese>0.04600</minerals-manganese>
    <minerals-phosphorus>239.00000</minerals-phosphorus>
    <minerals-potassium>283.00000</minerals-potassium>
    <minerals-selenium>36.50000</minerals-selenium>
    <minerals-sodium>78.00000</minerals-sodium>
    <minerals-zinc>2.76000</minerals-zinc>
    <other-alcohol>0.00000</other-alcohol>
    <other-cost>0.0</other-cost>
    <other-water>72.50000</other-water>
    <other-weight>100.00000</other-weight>
    <protein-complete>0.00000</protein-complete>
    <protein-total>26.50000</protein-total>
    <vitamins-choline>35.10000</vitamins-choline>
    <vitamins-folate>4.00000</vitamins-folate>
    <vitamins-niacin>5.38600</vitamins-niacin>
    <vitamins-pantothenic_acid>0.59500</vitamins-pantothenic_acid>
    <vitamins-riboflavin>0.18400</vitamins-riboflavin>
    <vitamins-thiamin>0.01400</vitamins-thiamin>
    <vitamins-vitamin_a>102.00000</vitamins-vitamin_a>
    <vitamins-vitamin_b12>2.59000</vitamins-vitamin_b12>
    <vitamins-vitamin_b6>0.04600</vitamins-vitamin_b6>
    <vitamins-vitamin_c>0.00000</vitamins-vitamin_c>
    <vitamins-vitamin_d>0.00000</vitamins-vitamin_d>
    <vitamins-vitamin_e>0.00000</vitamins-vitamin_e>
    <vitamins-vitamin_k>0.00000</vitamins-vitamin_k>
</food>