<food xmlns:xsi="http://www.w3.org/2001/XMLSchema-instance" xsi:noNamespaceSchemaLocation="https://xjrga.github.io/schemas/food_v2.xsd">
    <food-id>35015</food-id>
    <food-name>Blackberries, wild, raw (Alaska Native)</food-name>
    <carbohydrates-carbs_by_diff>9.84000</carbohydrates-carbs_by_diff>
    <carbohydrates-fiber>3.20000</carbohydrates-fiber>
    <carbohydrates-glycemicindex>0.00000</carbohydrates-glycemicindex>
    <energy-gross>52.00000</energy-gross>
    <fats-cholesterol>0.00000</fats-cholesterol>
    <fats-dha>0.00000</fats-dha>
    <fats-epa>0.00000</fats-epa>
    <fats-lauric>0.00000</fats-lauric>
    <fats-linoleic>0.00000</fats-linoleic>
    <fats-linolenic>0.00000</fats-linolenic>
    <fats-monounsaturated>0.00000</fats-monounsaturated>
    <fats-myristic>0.00000</fats-myristic>
    <fats-palmitic>0.00000</fats-palmitic>
    <fats-polyunsaturated>0.00000</fats-polyunsaturated>
    <fats-saturated>0.00000</fats-saturated>
    <fats-stearic>0.00000</fats-stearic>
    <fats-total>1.07000</fats-total>
    <minerals-calcium>5.00000</minerals-calcium>
    <minerals-copper>0.22200</minerals-copper>
    <minerals-iron>0.21000</minerals-iron>
    <minerals-magnesium>4.00000</minerals-magnesium>
    <minerals-manganese>0.28700</minerals-manganese>
    <minerals-phosphorus>11.00000</minerals-phosphorus>
    <minerals-potassium>75.00000</minerals-potassium>
    <minerals-selenium>0.00000</minerals-selenium>
    <minerals-sodium>6.00000</minerals-sodium>
    <minerals-zinc>0.15000</minerals-zinc>
    <other-alcohol>0.00000</other-alcohol>
    <other-cost>0.0</other-cost>
    <other-water>88.05000</other-water>
    <other-weight>100.00000</other-weight>
    <protein-complete>0.00000</protein-complete>
    <protein-total>0.84000</protein-total>
    <vitamins-choline>0.00000</vitamins-choline>
    <vitamins-folate>11.00000</vitamins-folate>
    <vitamins-niacin>0.31400</vitamins-niacin>
    <vitamins-pantothenic_acid>1.25800</vitamins-pantothenic_acid>
    <vitamins-riboflavin>0.14400</vitamins-riboflavin>
    <vitamins-thiamin>0.06000</vitamins-thiamin>
    <vitamins-vitamin_a>5.00000</vitamins-vitamin_a>
    <vitamins-vitamin_b12>0.00000</vitamins-vitamin_b12>
    <vitamins-vitamin_b6>0.03900</vitamins-vitamin_b6>
    <vitamins-vitamin_c>4.70000</vitamins-vitamin_c>
    <vitamins-vitamin_d>0.00000</vitamins-vitamin_d>
    <vitamins-vitamin_e>0.91000</vitamins-vitamin_e>
    <vitamins-vitamin_k>5.90000</vitamins-vitamin_k>
</food>