<food xmlns:xsi="http://www.w3.org/2001/XMLSchema-instance" xsi:noNamespaceSchemaLocation="https://xjrga.github.io/schemas/food_v2.xsd">
    <food-id>35001</food-id>
    <food-name>Agutuk, fish/berry with seal oil (Alaskan ice cream) (Alaska Native)</food-name>
    <carbohydrates-carbs_by_diff>13.40000</carbohydrates-carbs_by_diff>
    <carbohydrates-fiber>0.50000</carbohydrates-fiber>
    <carbohydrates-glycemicindex>0.00000</carbohydrates-glycemicindex>
    <energy-gross>353.00000</energy-gross>
    <fats-cholesterol>10.00000</fats-cholesterol>
    <fats-dha>0.00000</fats-dha>
    <fats-epa>0.00000</fats-epa>
    <fats-lauric>0.00000</fats-lauric>
    <fats-linoleic>7.10000</fats-linoleic>
    <fats-linolenic>0.53000</fats-linolenic>
    <fats-monounsaturated>14.40000</fats-monounsaturated>
    <fats-myristic>0.00000</fats-myristic>
    <fats-palmitic>0.00000</fats-palmitic>
    <fats-polyunsaturated>8.40000</fats-polyunsaturated>
    <fats-saturated>7.70000</fats-saturated>
    <fats-stearic>0.00000</fats-stearic>
    <fats-total>31.80000</fats-total>
    <minerals-calcium>8.00000</minerals-calcium>
    <minerals-copper>0.03000</minerals-copper>
    <minerals-iron>0.30000</minerals-iron>
    <minerals-magnesium>7.00000</minerals-magnesium>
    <minerals-manganese>0.13000</minerals-manganese>
    <minerals-phosphorus>46.00000</minerals-phosphorus>
    <minerals-potassium>70.00000</minerals-potassium>
    <minerals-selenium>0.00000</minerals-selenium>
    <minerals-sodium>21.00000</minerals-sodium>
    <minerals-zinc>0.18000</minerals-zinc>
    <other-alcohol>0.00000</other-alcohol>
    <other-cost>0.0</other-cost>
    <other-water>47.30000</other-water>
    <other-weight>100.00000</other-weight>
    <protein-complete>0.00000</protein-complete>
    <protein-total>3.40000</protein-total>
    <vitamins-choline>0.00000</vitamins-choline>
    <vitamins-folate>0.00000</vitamins-folate>
    <vitamins-niacin>0.55000</vitamins-niacin>
    <vitamins-pantothenic_acid>0.02000</vitamins-pantothenic_acid>
    <vitamins-riboflavin>0.05000</vitamins-riboflavin>
    <vitamins-thiamin>0.04000</vitamins-thiamin>
    <vitamins-vitamin_a>0.00000</vitamins-vitamin_a>
    <vitamins-vitamin_b12>0.00000</vitamins-vitamin_b12>
    <vitamins-vitamin_b6>0.01000</vitamins-vitamin_b6>
    <vitamins-vitamin_c>2.90000</vitamins-vitamin_c>
    <vitamins-vitamin_d>0.00000</vitamins-vitamin_d>
    <vitamins-vitamin_e>2.36000</vitamins-vitamin_e>
    <vitamins-vitamin_k>0.00000</vitamins-vitamin_k>
</food>