<food xmlns:xsi="http://www.w3.org/2001/XMLSchema-instance" xsi:noNamespaceSchemaLocation="https://xjrga.github.io/schemas/food_v2.xsd">
    <food-id>35051</food-id>
    <food-name>Moose, liver, braised (Alaska Native)</food-name>
    <carbohydrates-carbs_by_diff>3.43000</carbohydrates-carbs_by_diff>
    <carbohydrates-fiber>0.00000</carbohydrates-fiber>
    <carbohydrates-glycemicindex>0.00000</carbohydrates-glycemicindex>
    <energy-gross>155.00000</energy-gross>
    <fats-cholesterol>389.00000</fats-cholesterol>
    <fats-dha>0.00000</fats-dha>
    <fats-epa>0.00000</fats-epa>
    <fats-lauric>0.00000</fats-lauric>
    <fats-linoleic>0.00000</fats-linoleic>
    <fats-linolenic>0.45000</fats-linolenic>
    <fats-monounsaturated>0.65000</fats-monounsaturated>
    <fats-myristic>0.00000</fats-myristic>
    <fats-palmitic>0.00000</fats-palmitic>
    <fats-polyunsaturated>1.07000</fats-polyunsaturated>
    <fats-saturated>0.00000</fats-saturated>
    <fats-stearic>0.00000</fats-stearic>
    <fats-total>4.89000</fats-total>
    <minerals-calcium>7.00000</minerals-calcium>
    <minerals-copper>2.78900</minerals-copper>
    <minerals-iron>6.77000</minerals-iron>
    <minerals-magnesium>20.00000</minerals-magnesium>
    <minerals-manganese>0.41300</minerals-manganese>
    <minerals-phosphorus>429.00000</minerals-phosphorus>
    <minerals-potassium>235.00000</minerals-potassium>
    <minerals-selenium>0.00000</minerals-selenium>
    <minerals-sodium>70.00000</minerals-sodium>
    <minerals-zinc>6.07000</minerals-zinc>
    <other-alcohol>0.00000</other-alcohol>
    <other-cost>0.0</other-cost>
    <other-water>66.00000</other-water>
    <other-weight>100.00000</other-weight>
    <protein-complete>0.00000</protein-complete>
    <protein-total>24.38000</protein-total>
    <vitamins-choline>0.00000</vitamins-choline>
    <vitamins-folate>0.00000</vitamins-folate>
    <vitamins-niacin>10.72000</vitamins-niacin>
    <vitamins-pantothenic_acid>4.57000</vitamins-pantothenic_acid>
    <vitamins-riboflavin>4.10000</vitamins-riboflavin>
    <vitamins-thiamin>0.19600</vitamins-thiamin>
    <vitamins-vitamin_a>0.00000</vitamins-vitamin_a>
    <vitamins-vitamin_b12>71.00000</vitamins-vitamin_b12>
    <vitamins-vitamin_b6>0.91000</vitamins-vitamin_b6>
    <vitamins-vitamin_c>22.60000</vitamins-vitamin_c>
    <vitamins-vitamin_d>0.00000</vitamins-vitamin_d>
    <vitamins-vitamin_e>0.00000</vitamins-vitamin_e>
    <vitamins-vitamin_k>0.00000</vitamins-vitamin_k>
</food>