<food xmlns:xsi="http://www.w3.org/2001/XMLSchema-instance" xsi:noNamespaceSchemaLocation="https://xjrga.github.io/schemas/food_v2.xsd">
    <food-id>35152</food-id>
    <food-name>Fish, Salmon, Chum, raw (Alaska Native)</food-name>
    <carbohydrates-carbs_by_diff>0.00000</carbohydrates-carbs_by_diff>
    <carbohydrates-fiber>0.00000</carbohydrates-fiber>
    <carbohydrates-glycemicindex>0.00000</carbohydrates-glycemicindex>
    <energy-gross>116.00000</energy-gross>
    <fats-cholesterol>59.00000</fats-cholesterol>
    <fats-dha>0.41000</fats-dha>
    <fats-epa>0.17000</fats-epa>
    <fats-lauric>0.00000</fats-lauric>
    <fats-linoleic>0.03000</fats-linoleic>
    <fats-linolenic>0.04000</fats-linolenic>
    <fats-monounsaturated>0.94000</fats-monounsaturated>
    <fats-myristic>0.14000</fats-myristic>
    <fats-palmitic>0.30000</fats-palmitic>
    <fats-polyunsaturated>0.77000</fats-polyunsaturated>
    <fats-saturated>0.54700</fats-saturated>
    <fats-stearic>0.08000</fats-stearic>
    <fats-total>3.67000</fats-total>
    <minerals-calcium>7.00000</minerals-calcium>
    <minerals-copper>0.13700</minerals-copper>
    <minerals-iron>0.56000</minerals-iron>
    <minerals-magnesium>26.00000</minerals-magnesium>
    <minerals-manganese>0.03000</minerals-manganese>
    <minerals-phosphorus>230.00000</minerals-phosphorus>
    <minerals-potassium>370.00000</minerals-potassium>
    <minerals-selenium>39.70000</minerals-selenium>
    <minerals-sodium>59.00000</minerals-sodium>
    <minerals-zinc>0.54000</minerals-zinc>
    <other-alcohol>0.00000</other-alcohol>
    <other-cost>0.0</other-cost>
    <other-water>72.34000</other-water>
    <other-weight>100.00000</other-weight>
    <protein-complete>0.00000</protein-complete>
    <protein-total>20.69000</protein-total>
    <vitamins-choline>0.00000</vitamins-choline>
    <vitamins-folate>18.00000</vitamins-folate>
    <vitamins-niacin>8.79000</vitamins-niacin>
    <vitamins-pantothenic_acid>1.02000</vitamins-pantothenic_acid>
    <vitamins-riboflavin>0.21700</vitamins-riboflavin>
    <vitamins-thiamin>0.15600</vitamins-thiamin>
    <vitamins-vitamin_a>32.00000</vitamins-vitamin_a>
    <vitamins-vitamin_b12>8.08000</vitamins-vitamin_b12>
    <vitamins-vitamin_b6>0.18900</vitamins-vitamin_b6>
    <vitamins-vitamin_c>0.00000</vitamins-vitamin_c>
    <vitamins-vitamin_d>0.00000</vitamins-vitamin_d>
    <vitamins-vitamin_e>0.49000</vitamins-vitamin_e>
    <vitamins-vitamin_k>0.30000</vitamins-vitamin_k>
</food>