<food xmlns:xsi="http://www.w3.org/2001/XMLSchema-instance" xsi:noNamespaceSchemaLocation="https://xjrga.github.io/schemas/food_v2.xsd">
    <food-id>35183</food-id>
    <food-name>Corn, dried, yellow (Northern Plains Indians)</food-name>
    <carbohydrates-carbs_by_diff>66.27000</carbohydrates-carbs_by_diff>
    <carbohydrates-fiber>20.50000</carbohydrates-fiber>
    <carbohydrates-glycemicindex>0.00000</carbohydrates-glycemicindex>
    <energy-gross>419.00000</energy-gross>
    <fats-cholesterol>0.00000</fats-cholesterol>
    <fats-dha>0.00000</fats-dha>
    <fats-epa>0.00000</fats-epa>
    <fats-lauric>0.00000</fats-lauric>
    <fats-linoleic>4.41900</fats-linoleic>
    <fats-linolenic>0.12400</fats-linolenic>
    <fats-monounsaturated>3.75000</fats-monounsaturated>
    <fats-myristic>0.00000</fats-myristic>
    <fats-palmitic>1.59000</fats-palmitic>
    <fats-polyunsaturated>4.54300</fats-polyunsaturated>
    <fats-saturated>1.97400</fats-saturated>
    <fats-stearic>0.29000</fats-stearic>
    <fats-total>10.64000</fats-total>
    <minerals-calcium>25.00000</minerals-calcium>
    <minerals-copper>0.29300</minerals-copper>
    <minerals-iron>2.61000</minerals-iron>
    <minerals-magnesium>149.00000</minerals-magnesium>
    <minerals-manganese>0.90000</minerals-manganese>
    <minerals-phosphorus>344.00000</minerals-phosphorus>
    <minerals-potassium>775.00000</minerals-potassium>
    <minerals-selenium>56.50000</minerals-selenium>
    <minerals-sodium>4.00000</minerals-sodium>
    <minerals-zinc>3.06000</minerals-zinc>
    <other-alcohol>0.00000</other-alcohol>
    <other-cost>0.0</other-cost>
    <other-water>6.36000</other-water>
    <other-weight>100.00000</other-weight>
    <protein-complete>0.00000</protein-complete>
    <protein-total>14.48000</protein-total>
    <vitamins-choline>0.00000</vitamins-choline>
    <vitamins-folate>0.00000</vitamins-folate>
    <vitamins-niacin>8.25000</vitamins-niacin>
    <vitamins-pantothenic_acid>1.59000</vitamins-pantothenic_acid>
    <vitamins-riboflavin>0.18100</vitamins-riboflavin>
    <vitamins-thiamin>0.26100</vitamins-thiamin>
    <vitamins-vitamin_a>13.00000</vitamins-vitamin_a>
    <vitamins-vitamin_b12>0.00000</vitamins-vitamin_b12>
    <vitamins-vitamin_b6>1.11000</vitamins-vitamin_b6>
    <vitamins-vitamin_c>0.00000</vitamins-vitamin_c>
    <vitamins-vitamin_d>0.00000</vitamins-vitamin_d>
    <vitamins-vitamin_e>0.44000</vitamins-vitamin_e>
    <vitamins-vitamin_k>0.00000</vitamins-vitamin_k>
</food>