<food xmlns:xsi="http://www.w3.org/2001/XMLSchema-instance" xsi:noNamespaceSchemaLocation="https://xjrga.github.io/schemas/food_v2.xsd">
    <food-id>35180</food-id>
    <food-name>Steelhead trout, dried, flesh (Shoshone Bannock)</food-name>
    <carbohydrates-carbs_by_diff>0.00000</carbohydrates-carbs_by_diff>
    <carbohydrates-fiber>0.00000</carbohydrates-fiber>
    <carbohydrates-glycemicindex>0.00000</carbohydrates-glycemicindex>
    <energy-gross>382.00000</energy-gross>
    <fats-cholesterol>227.00000</fats-cholesterol>
    <fats-dha>1.08000</fats-dha>
    <fats-epa>0.26600</fats-epa>
    <fats-lauric>0.00000</fats-lauric>
    <fats-linoleic>0.06000</fats-linoleic>
    <fats-linolenic>0.03700</fats-linolenic>
    <fats-monounsaturated>1.22800</fats-monounsaturated>
    <fats-myristic>0.09000</fats-myristic>
    <fats-palmitic>0.54000</fats-palmitic>
    <fats-polyunsaturated>1.73900</fats-polyunsaturated>
    <fats-saturated>0.82900</fats-saturated>
    <fats-stearic>0.15000</fats-stearic>
    <fats-total>8.06000</fats-total>
    <minerals-calcium>85.00000</minerals-calcium>
    <minerals-copper>0.21700</minerals-copper>
    <minerals-iron>2.96000</minerals-iron>
    <minerals-magnesium>84.00000</minerals-magnesium>
    <minerals-manganese>0.07900</minerals-manganese>
    <minerals-phosphorus>976.00000</minerals-phosphorus>
    <minerals-potassium>1720.00000</minerals-potassium>
    <minerals-selenium>105.00000</minerals-selenium>
    <minerals-sodium>2850.00000</minerals-sodium>
    <minerals-zinc>1.79000</minerals-zinc>
    <other-alcohol>0.00000</other-alcohol>
    <other-cost>0.0</other-cost>
    <other-water>6.49000</other-water>
    <other-weight>100.00000</other-weight>
    <protein-complete>0.00000</protein-complete>
    <protein-total>77.27000</protein-total>
    <vitamins-choline>0.00000</vitamins-choline>
    <vitamins-folate>0.00000</vitamins-folate>
    <vitamins-niacin>0.00000</vitamins-niacin>
    <vitamins-pantothenic_acid>0.00000</vitamins-pantothenic_acid>
    <vitamins-riboflavin>0.00000</vitamins-riboflavin>
    <vitamins-thiamin>0.00000</vitamins-thiamin>
    <vitamins-vitamin_a>64.00000</vitamins-vitamin_a>
    <vitamins-vitamin_b12>22.40000</vitamins-vitamin_b12>
    <vitamins-vitamin_b6>0.00000</vitamins-vitamin_b6>
    <vitamins-vitamin_c>0.00000</vitamins-vitamin_c>
    <vitamins-vitamin_d>15.70000</vitamins-vitamin_d>
    <vitamins-vitamin_e>2.41000</vitamins-vitamin_e>
    <vitamins-vitamin_k>0.00000</vitamins-vitamin_k>
</food>