<food xmlns:xsi="http://www.w3.org/2001/XMLSchema-instance" xsi:noNamespaceSchemaLocation="https://xjrga.github.io/schemas/food_v2.xsd">
    <food-id>35133</food-id>
    <food-name>Chilchen (Red Berry Beverage) (Navajo)</food-name>
    <carbohydrates-carbs_by_diff>8.68000</carbohydrates-carbs_by_diff>
    <carbohydrates-fiber>0.00000</carbohydrates-fiber>
    <carbohydrates-glycemicindex>0.00000</carbohydrates-glycemicindex>
    <energy-gross>44.00000</energy-gross>
    <fats-cholesterol>0.00000</fats-cholesterol>
    <fats-dha>0.00000</fats-dha>
    <fats-epa>0.00000</fats-epa>
    <fats-lauric>0.00000</fats-lauric>
    <fats-linoleic>0.14400</fats-linoleic>
    <fats-linolenic>0.00700</fats-linolenic>
    <fats-monounsaturated>0.13500</fats-monounsaturated>
    <fats-myristic>0.00000</fats-myristic>
    <fats-palmitic>0.06000</fats-palmitic>
    <fats-polyunsaturated>0.15100</fats-polyunsaturated>
    <fats-saturated>0.07500</fats-saturated>
    <fats-stearic>0.01000</fats-stearic>
    <fats-total>0.63000</fats-total>
    <minerals-calcium>7.00000</minerals-calcium>
    <minerals-copper>0.01900</minerals-copper>
    <minerals-iron>0.95000</minerals-iron>
    <minerals-magnesium>9.00000</minerals-magnesium>
    <minerals-manganese>0.07400</minerals-manganese>
    <minerals-phosphorus>23.00000</minerals-phosphorus>
    <minerals-potassium>28.00000</minerals-potassium>
    <minerals-selenium>0.00000</minerals-selenium>
    <minerals-sodium>15.00000</minerals-sodium>
    <minerals-zinc>0.19000</minerals-zinc>
    <other-alcohol>0.00000</other-alcohol>
    <other-cost>0.0</other-cost>
    <other-water>89.69000</other-water>
    <other-weight>100.00000</other-weight>
    <protein-complete>0.00000</protein-complete>
    <protein-total>0.81000</protein-total>
    <vitamins-choline>0.00000</vitamins-choline>
    <vitamins-folate>0.00000</vitamins-folate>
    <vitamins-niacin>0.24800</vitamins-niacin>
    <vitamins-pantothenic_acid>0.03000</vitamins-pantothenic_acid>
    <vitamins-riboflavin>0.01500</vitamins-riboflavin>
    <vitamins-thiamin>0.02000</vitamins-thiamin>
    <vitamins-vitamin_a>0.00000</vitamins-vitamin_a>
    <vitamins-vitamin_b12>0.00000</vitamins-vitamin_b12>
    <vitamins-vitamin_b6>0.03300</vitamins-vitamin_b6>
    <vitamins-vitamin_c>0.00000</vitamins-vitamin_c>
    <vitamins-vitamin_d>0.00000</vitamins-vitamin_d>
    <vitamins-vitamin_e>0.00000</vitamins-vitamin_e>
    <vitamins-vitamin_k>0.00000</vitamins-vitamin_k>
</food>