<food xmlns:xsi="http://www.w3.org/2001/XMLSchema-instance" xsi:noNamespaceSchemaLocation="https://xjrga.github.io/schemas/food_v2.xsd">
    <food-id>35164</food-id>
    <food-name>Seal, bearded (Oogruk), meat, dried, in oil (Alaska Native)</food-name>
    <carbohydrates-carbs_by_diff>0.00000</carbohydrates-carbs_by_diff>
    <carbohydrates-fiber>0.00000</carbohydrates-fiber>
    <carbohydrates-glycemicindex>0.00000</carbohydrates-glycemicindex>
    <energy-gross>367.00000</energy-gross>
    <fats-cholesterol>64.00000</fats-cholesterol>
    <fats-dha>0.19000</fats-dha>
    <fats-epa>0.28000</fats-epa>
    <fats-lauric>0.03000</fats-lauric>
    <fats-linoleic>0.19000</fats-linoleic>
    <fats-linolenic>0.13000</fats-linolenic>
    <fats-monounsaturated>11.16000</fats-monounsaturated>
    <fats-myristic>0.69000</fats-myristic>
    <fats-palmitic>2.45000</fats-palmitic>
    <fats-polyunsaturated>1.18000</fats-polyunsaturated>
    <fats-saturated>3.92000</fats-saturated>
    <fats-stearic>0.54000</fats-stearic>
    <fats-total>25.08000</fats-total>
    <minerals-calcium>7.00000</minerals-calcium>
    <minerals-copper>0.27000</minerals-copper>
    <minerals-iron>17.00000</minerals-iron>
    <minerals-magnesium>29.00000</minerals-magnesium>
    <minerals-manganese>0.03700</minerals-manganese>
    <minerals-phosphorus>240.00000</minerals-phosphorus>
    <minerals-potassium>400.00000</minerals-potassium>
    <minerals-selenium>90.80000</minerals-selenium>
    <minerals-sodium>120.00000</minerals-sodium>
    <minerals-zinc>3.10000</minerals-zinc>
    <other-alcohol>0.00000</other-alcohol>
    <other-cost>0.0</other-cost>
    <other-water>35.48000</other-water>
    <other-weight>100.00000</other-weight>
    <protein-complete>0.00000</protein-complete>
    <protein-total>35.31000</protein-total>
    <vitamins-choline>68.10000</vitamins-choline>
    <vitamins-folate>11.00000</vitamins-folate>
    <vitamins-niacin>6.52000</vitamins-niacin>
    <vitamins-pantothenic_acid>0.72700</vitamins-pantothenic_acid>
    <vitamins-riboflavin>0.36400</vitamins-riboflavin>
    <vitamins-thiamin>0.01100</vitamins-thiamin>
    <vitamins-vitamin_a>0.00000</vitamins-vitamin_a>
    <vitamins-vitamin_b12>5.85000</vitamins-vitamin_b12>
    <vitamins-vitamin_b6>0.09100</vitamins-vitamin_b6>
    <vitamins-vitamin_c>0.00000</vitamins-vitamin_c>
    <vitamins-vitamin_d>0.00000</vitamins-vitamin_d>
    <vitamins-vitamin_e>0.55000</vitamins-vitamin_e>
    <vitamins-vitamin_k>0.00000</vitamins-vitamin_k>
</food>