<food xmlns:xsi="http://www.w3.org/2001/XMLSchema-instance" xsi:noNamespaceSchemaLocation="https://xjrga.github.io/schemas/food_v2.xsd">
    <food-id>35196</food-id>
    <food-name>Lambsquarters, raw (Northern Plains Indians)</food-name>
    <carbohydrates-carbs_by_diff>6.96000</carbohydrates-carbs_by_diff>
    <carbohydrates-fiber>6.30000</carbohydrates-fiber>
    <carbohydrates-glycemicindex>0.00000</carbohydrates-glycemicindex>
    <energy-gross>47.00000</energy-gross>
    <fats-cholesterol>0.00000</fats-cholesterol>
    <fats-dha>0.00000</fats-dha>
    <fats-epa>0.00000</fats-epa>
    <fats-lauric>0.00000</fats-lauric>
    <fats-linoleic>0.00000</fats-linoleic>
    <fats-linolenic>0.00000</fats-linolenic>
    <fats-monounsaturated>0.00000</fats-monounsaturated>
    <fats-myristic>0.00000</fats-myristic>
    <fats-palmitic>0.00000</fats-palmitic>
    <fats-polyunsaturated>0.00000</fats-polyunsaturated>
    <fats-saturated>0.00000</fats-saturated>
    <fats-stearic>0.00000</fats-stearic>
    <fats-total>0.28000</fats-total>
    <minerals-calcium>366.00000</minerals-calcium>
    <minerals-copper>0.12000</minerals-copper>
    <minerals-iron>1.16000</minerals-iron>
    <minerals-magnesium>163.00000</minerals-magnesium>
    <minerals-manganese>1.49000</minerals-manganese>
    <minerals-phosphorus>63.00000</minerals-phosphorus>
    <minerals-potassium>1270.00000</minerals-potassium>
    <minerals-selenium>1.10000</minerals-selenium>
    <minerals-sodium>7.00000</minerals-sodium>
    <minerals-zinc>0.72000</minerals-zinc>
    <other-alcohol>0.00000</other-alcohol>
    <other-cost>0.0</other-cost>
    <other-water>85.23000</other-water>
    <other-weight>100.00000</other-weight>
    <protein-complete>0.00000</protein-complete>
    <protein-total>4.21000</protein-total>
    <vitamins-choline>20.00000</vitamins-choline>
    <vitamins-folate>0.00000</vitamins-folate>
    <vitamins-niacin>0.79000</vitamins-niacin>
    <vitamins-pantothenic_acid>0.00000</vitamins-pantothenic_acid>
    <vitamins-riboflavin>0.30000</vitamins-riboflavin>
    <vitamins-thiamin>0.02900</vitamins-thiamin>
    <vitamins-vitamin_a>98.00000</vitamins-vitamin_a>
    <vitamins-vitamin_b12>0.00000</vitamins-vitamin_b12>
    <vitamins-vitamin_b6>0.18400</vitamins-vitamin_b6>
    <vitamins-vitamin_c>0.00000</vitamins-vitamin_c>
    <vitamins-vitamin_d>0.00000</vitamins-vitamin_d>
    <vitamins-vitamin_e>0.00000</vitamins-vitamin_e>
    <vitamins-vitamin_k>346.60000</vitamins-vitamin_k>
</food>