<food xmlns:xsi="http://www.w3.org/2001/XMLSchema-instance" xsi:noNamespaceSchemaLocation="https://xjrga.github.io/schemas/food_v2.xsd">
    <food-id>35136</food-id>
    <food-name>Cornmeal, white (Navajo)</food-name>
    <carbohydrates-carbs_by_diff>77.14000</carbohydrates-carbs_by_diff>
    <carbohydrates-fiber>10.40000</carbohydrates-fiber>
    <carbohydrates-glycemicindex>0.00000</carbohydrates-glycemicindex>
    <energy-gross>398.00000</energy-gross>
    <fats-cholesterol>0.00000</fats-cholesterol>
    <fats-dha>0.00000</fats-dha>
    <fats-epa>0.00000</fats-epa>
    <fats-lauric>0.00000</fats-lauric>
    <fats-linoleic>2.02400</fats-linoleic>
    <fats-linolenic>0.05400</fats-linolenic>
    <fats-monounsaturated>1.53200</fats-monounsaturated>
    <fats-myristic>0.00000</fats-myristic>
    <fats-palmitic>0.67000</fats-palmitic>
    <fats-polyunsaturated>2.07800</fats-polyunsaturated>
    <fats-saturated>0.85300</fats-saturated>
    <fats-stearic>0.13000</fats-stearic>
    <fats-total>5.04000</fats-total>
    <minerals-calcium>11.00000</minerals-calcium>
    <minerals-copper>0.21900</minerals-copper>
    <minerals-iron>3.79000</minerals-iron>
    <minerals-magnesium>125.00000</minerals-magnesium>
    <minerals-manganese>0.64600</minerals-manganese>
    <minerals-phosphorus>280.00000</minerals-phosphorus>
    <minerals-potassium>443.00000</minerals-potassium>
    <minerals-selenium>0.00000</minerals-selenium>
    <minerals-sodium>4.00000</minerals-sodium>
    <minerals-zinc>3.24000</minerals-zinc>
    <other-alcohol>0.00000</other-alcohol>
    <other-cost>0.0</other-cost>
    <other-water>5.42000</other-water>
    <other-weight>100.00000</other-weight>
    <protein-complete>0.00000</protein-complete>
    <protein-total>10.99000</protein-total>
    <vitamins-choline>0.00000</vitamins-choline>
    <vitamins-folate>32.00000</vitamins-folate>
    <vitamins-niacin>2.80000</vitamins-niacin>
    <vitamins-pantothenic_acid>2.49000</vitamins-pantothenic_acid>
    <vitamins-riboflavin>0.13700</vitamins-riboflavin>
    <vitamins-thiamin>0.31000</vitamins-thiamin>
    <vitamins-vitamin_a>0.00000</vitamins-vitamin_a>
    <vitamins-vitamin_b12>0.00000</vitamins-vitamin_b12>
    <vitamins-vitamin_b6>0.58300</vitamins-vitamin_b6>
    <vitamins-vitamin_c>0.00000</vitamins-vitamin_c>
    <vitamins-vitamin_d>0.00000</vitamins-vitamin_d>
    <vitamins-vitamin_e>0.37000</vitamins-vitamin_e>
    <vitamins-vitamin_k>0.40000</vitamins-vitamin_k>
</food>