<food xmlns:xsi="http://www.w3.org/2001/XMLSchema-instance" xsi:noNamespaceSchemaLocation="https://xjrga.github.io/schemas/food_v2.xsd">
    <food-id>35184</food-id>
    <food-name>Smelt, dried (Alaska Native)</food-name>
    <carbohydrates-carbs_by_diff>0.00000</carbohydrates-carbs_by_diff>
    <carbohydrates-fiber>0.00000</carbohydrates-fiber>
    <carbohydrates-glycemicindex>0.00000</carbohydrates-glycemicindex>
    <energy-gross>386.00000</energy-gross>
    <fats-cholesterol>249.00000</fats-cholesterol>
    <fats-dha>1.22000</fats-dha>
    <fats-epa>0.91000</fats-epa>
    <fats-lauric>0.01000</fats-lauric>
    <fats-linoleic>0.19000</fats-linoleic>
    <fats-linolenic>0.10000</fats-linolenic>
    <fats-monounsaturated>6.86000</fats-monounsaturated>
    <fats-myristic>0.76000</fats-myristic>
    <fats-palmitic>2.25000</fats-palmitic>
    <fats-polyunsaturated>2.88400</fats-polyunsaturated>
    <fats-saturated>3.59000</fats-saturated>
    <fats-stearic>0.32000</fats-stearic>
    <fats-total>17.90000</fats-total>
    <minerals-calcium>1600.00000</minerals-calcium>
    <minerals-copper>0.14800</minerals-copper>
    <minerals-iron>5.40000</minerals-iron>
    <minerals-magnesium>89.00000</minerals-magnesium>
    <minerals-manganese>0.72000</minerals-manganese>
    <minerals-phosphorus>1400.00000</minerals-phosphorus>
    <minerals-potassium>1000.00000</minerals-potassium>
    <minerals-selenium>194.00000</minerals-selenium>
    <minerals-sodium>420.00000</minerals-sodium>
    <minerals-zinc>6.70000</minerals-zinc>
    <other-alcohol>0.00000</other-alcohol>
    <other-cost>0.0</other-cost>
    <other-water>16.92000</other-water>
    <other-weight>100.00000</other-weight>
    <protein-complete>0.00000</protein-complete>
    <protein-total>56.19000</protein-total>
    <vitamins-choline>0.00000</vitamins-choline>
    <vitamins-folate>0.00000</vitamins-folate>
    <vitamins-niacin>5.97000</vitamins-niacin>
    <vitamins-pantothenic_acid>2.29000</vitamins-pantothenic_acid>
    <vitamins-riboflavin>0.26200</vitamins-riboflavin>
    <vitamins-thiamin>0.07300</vitamins-thiamin>
    <vitamins-vitamin_a>139.00000</vitamins-vitamin_a>
    <vitamins-vitamin_b12>19.10000</vitamins-vitamin_b12>
    <vitamins-vitamin_b6>0.17600</vitamins-vitamin_b6>
    <vitamins-vitamin_c>0.00000</vitamins-vitamin_c>
    <vitamins-vitamin_d>0.00000</vitamins-vitamin_d>
    <vitamins-vitamin_e>4.51000</vitamins-vitamin_e>
    <vitamins-vitamin_k>0.00000</vitamins-vitamin_k>
</food>