<food xmlns:xsi="http://www.w3.org/2001/XMLSchema-instance" xsi:noNamespaceSchemaLocation="https://xjrga.github.io/schemas/food_v2.xsd">
    <food-id>35130</food-id>
    <food-name>Mush, blue corn with ash (Navajo)</food-name>
    <carbohydrates-carbs_by_diff>11.74000</carbohydrates-carbs_by_diff>
    <carbohydrates-fiber>1.10000</carbohydrates-fiber>
    <carbohydrates-glycemicindex>0.00000</carbohydrates-glycemicindex>
    <energy-gross>54.00000</energy-gross>
    <fats-cholesterol>0.00000</fats-cholesterol>
    <fats-dha>0.00000</fats-dha>
    <fats-epa>0.00000</fats-epa>
    <fats-lauric>0.00000</fats-lauric>
    <fats-linoleic>0.20200</fats-linoleic>
    <fats-linolenic>0.00600</fats-linolenic>
    <fats-monounsaturated>0.10900</fats-monounsaturated>
    <fats-myristic>0.00000</fats-myristic>
    <fats-palmitic>0.05000</fats-palmitic>
    <fats-polyunsaturated>0.20800</fats-polyunsaturated>
    <fats-saturated>0.07400</fats-saturated>
    <fats-stearic>0.01000</fats-stearic>
    <fats-total>0.49000</fats-total>
    <minerals-calcium>96.00000</minerals-calcium>
    <minerals-copper>0.04800</minerals-copper>
    <minerals-iron>2.92000</minerals-iron>
    <minerals-magnesium>20.00000</minerals-magnesium>
    <minerals-manganese>0.30500</minerals-manganese>
    <minerals-phosphorus>39.00000</minerals-phosphorus>
    <minerals-potassium>58.00000</minerals-potassium>
    <minerals-selenium>0.90000</minerals-selenium>
    <minerals-sodium>8.00000</minerals-sodium>
    <minerals-zinc>0.76000</minerals-zinc>
    <other-alcohol>0.00000</other-alcohol>
    <other-cost>0.0</other-cost>
    <other-water>86.67000</other-water>
    <other-weight>100.00000</other-weight>
    <protein-complete>0.00000</protein-complete>
    <protein-total>0.66000</protein-total>
    <vitamins-choline>0.00000</vitamins-choline>
    <vitamins-folate>0.00000</vitamins-folate>
    <vitamins-niacin>0.28300</vitamins-niacin>
    <vitamins-pantothenic_acid>0.07800</vitamins-pantothenic_acid>
    <vitamins-riboflavin>0.01500</vitamins-riboflavin>
    <vitamins-thiamin>0.02000</vitamins-thiamin>
    <vitamins-vitamin_a>0.00000</vitamins-vitamin_a>
    <vitamins-vitamin_b12>0.00000</vitamins-vitamin_b12>
    <vitamins-vitamin_b6>0.04900</vitamins-vitamin_b6>
    <vitamins-vitamin_c>0.00000</vitamins-vitamin_c>
    <vitamins-vitamin_d>0.00000</vitamins-vitamin_d>
    <vitamins-vitamin_e>0.00000</vitamins-vitamin_e>
    <vitamins-vitamin_k>0.00000</vitamins-vitamin_k>
</food>