<food xmlns:xsi="http://www.w3.org/2001/XMLSchema-instance" xsi:noNamespaceSchemaLocation="https://xjrga.github.io/schemas/food_v2.xsd">
    <food-id>35182</food-id>
    <food-name>Acorn stew (Apache)</food-name>
    <carbohydrates-carbs_by_diff>9.22000</carbohydrates-carbs_by_diff>
    <carbohydrates-fiber>0.70000</carbohydrates-fiber>
    <carbohydrates-glycemicindex>0.00000</carbohydrates-glycemicindex>
    <energy-gross>95.00000</energy-gross>
    <fats-cholesterol>20.00000</fats-cholesterol>
    <fats-dha>0.00000</fats-dha>
    <fats-epa>0.00000</fats-epa>
    <fats-lauric>0.00000</fats-lauric>
    <fats-linoleic>0.26000</fats-linoleic>
    <fats-linolenic>0.01000</fats-linolenic>
    <fats-monounsaturated>1.68000</fats-monounsaturated>
    <fats-myristic>0.09000</fats-myristic>
    <fats-palmitic>0.75000</fats-palmitic>
    <fats-polyunsaturated>0.29700</fats-polyunsaturated>
    <fats-saturated>1.28000</fats-saturated>
    <fats-stearic>0.39000</fats-stearic>
    <fats-total>3.47000</fats-total>
    <minerals-calcium>14.00000</minerals-calcium>
    <minerals-copper>0.03000</minerals-copper>
    <minerals-iron>1.00000</minerals-iron>
    <minerals-magnesium>12.00000</minerals-magnesium>
    <minerals-manganese>0.14000</minerals-manganese>
    <minerals-phosphorus>62.00000</minerals-phosphorus>
    <minerals-potassium>110.00000</minerals-potassium>
    <minerals-selenium>8.30000</minerals-selenium>
    <minerals-sodium>130.00000</minerals-sodium>
    <minerals-zinc>1.60000</minerals-zinc>
    <other-alcohol>0.00000</other-alcohol>
    <other-cost>0.0</other-cost>
    <other-water>79.78000</other-water>
    <other-weight>100.00000</other-weight>
    <protein-complete>0.00000</protein-complete>
    <protein-total>6.81000</protein-total>
    <vitamins-choline>0.00000</vitamins-choline>
    <vitamins-folate>44.00000</vitamins-folate>
    <vitamins-niacin>2.14000</vitamins-niacin>
    <vitamins-pantothenic_acid>0.21200</vitamins-pantothenic_acid>
    <vitamins-riboflavin>0.12500</vitamins-riboflavin>
    <vitamins-thiamin>0.17500</vitamins-thiamin>
    <vitamins-vitamin_a>0.00000</vitamins-vitamin_a>
    <vitamins-vitamin_b12>0.68000</vitamins-vitamin_b12>
    <vitamins-vitamin_b6>0.05500</vitamins-vitamin_b6>
    <vitamins-vitamin_c>0.00000</vitamins-vitamin_c>
    <vitamins-vitamin_d>0.00000</vitamins-vitamin_d>
    <vitamins-vitamin_e>0.30000</vitamins-vitamin_e>
    <vitamins-vitamin_k>0.00000</vitamins-vitamin_k>
</food>