<food xmlns:xsi="http://www.w3.org/2001/XMLSchema-instance" xsi:noNamespaceSchemaLocation="https://xjrga.github.io/schemas/food_v2.xsd">
    <food-id>35169</food-id>
    <food-name>Fish, sheefish, raw (Alaska Native)</food-name>
    <carbohydrates-carbs_by_diff>0.00000</carbohydrates-carbs_by_diff>
    <carbohydrates-fiber>0.00000</carbohydrates-fiber>
    <carbohydrates-glycemicindex>0.00000</carbohydrates-glycemicindex>
    <energy-gross>115.00000</energy-gross>
    <fats-cholesterol>56.00000</fats-cholesterol>
    <fats-dha>0.32000</fats-dha>
    <fats-epa>0.17000</fats-epa>
    <fats-lauric>0.00000</fats-lauric>
    <fats-linoleic>0.03000</fats-linoleic>
    <fats-linolenic>0.04000</fats-linolenic>
    <fats-monounsaturated>1.08000</fats-monounsaturated>
    <fats-myristic>0.08000</fats-myristic>
    <fats-palmitic>0.35000</fats-palmitic>
    <fats-polyunsaturated>0.70000</fats-polyunsaturated>
    <fats-saturated>0.49000</fats-saturated>
    <fats-stearic>0.06000</fats-stearic>
    <fats-total>2.84000</fats-total>
    <minerals-calcium>140.00000</minerals-calcium>
    <minerals-copper>0.14800</minerals-copper>
    <minerals-iron>0.50000</minerals-iron>
    <minerals-magnesium>25.00000</minerals-magnesium>
    <minerals-manganese>0.03700</minerals-manganese>
    <minerals-phosphorus>300.00000</minerals-phosphorus>
    <minerals-potassium>390.00000</minerals-potassium>
    <minerals-selenium>42.30000</minerals-selenium>
    <minerals-sodium>52.00000</minerals-sodium>
    <minerals-zinc>0.60000</minerals-zinc>
    <other-alcohol>0.00000</other-alcohol>
    <other-cost>0.0</other-cost>
    <other-water>74.62000</other-water>
    <other-weight>100.00000</other-weight>
    <protein-complete>0.00000</protein-complete>
    <protein-total>22.25000</protein-total>
    <vitamins-choline>108.90000</vitamins-choline>
    <vitamins-folate>9.00000</vitamins-folate>
    <vitamins-niacin>2.12000</vitamins-niacin>
    <vitamins-pantothenic_acid>0.64800</vitamins-pantothenic_acid>
    <vitamins-riboflavin>0.12600</vitamins-riboflavin>
    <vitamins-thiamin>0.04100</vitamins-thiamin>
    <vitamins-vitamin_a>0.00000</vitamins-vitamin_a>
    <vitamins-vitamin_b12>5.90000</vitamins-vitamin_b12>
    <vitamins-vitamin_b6>0.16200</vitamins-vitamin_b6>
    <vitamins-vitamin_c>0.00000</vitamins-vitamin_c>
    <vitamins-vitamin_d>0.00000</vitamins-vitamin_d>
    <vitamins-vitamin_e>0.44000</vitamins-vitamin_e>
    <vitamins-vitamin_k>0.00000</vitamins-vitamin_k>
</food>