<food xmlns:xsi="http://www.w3.org/2001/XMLSchema-instance" xsi:noNamespaceSchemaLocation="https://xjrga.github.io/schemas/food_v2.xsd">
    <food-id>35141</food-id>
    <food-name>Mutton, cooked, roasted (Navajo)</food-name>
    <carbohydrates-carbs_by_diff>0.08000</carbohydrates-carbs_by_diff>
    <carbohydrates-fiber>0.00000</carbohydrates-fiber>
    <carbohydrates-glycemicindex>0.00000</carbohydrates-glycemicindex>
    <energy-gross>234.00000</energy-gross>
    <fats-cholesterol>109.00000</fats-cholesterol>
    <fats-dha>0.00000</fats-dha>
    <fats-epa>0.00000</fats-epa>
    <fats-lauric>0.01000</fats-lauric>
    <fats-linoleic>0.39600</fats-linoleic>
    <fats-linolenic>0.17200</fats-linolenic>
    <fats-monounsaturated>4.45900</fats-monounsaturated>
    <fats-myristic>0.25000</fats-myristic>
    <fats-palmitic>2.47000</fats-palmitic>
    <fats-polyunsaturated>0.81400</fats-polyunsaturated>
    <fats-saturated>5.14200</fats-saturated>
    <fats-stearic>2.14000</fats-stearic>
    <fats-total>11.09000</fats-total>
    <minerals-calcium>10.00000</minerals-calcium>
    <minerals-copper>0.06200</minerals-copper>
    <minerals-iron>4.76000</minerals-iron>
    <minerals-magnesium>31.00000</minerals-magnesium>
    <minerals-manganese>0.03300</minerals-manganese>
    <minerals-phosphorus>272.00000</minerals-phosphorus>
    <minerals-potassium>409.00000</minerals-potassium>
    <minerals-selenium>38.00000</minerals-selenium>
    <minerals-sodium>135.00000</minerals-sodium>
    <minerals-zinc>5.93000</minerals-zinc>
    <other-alcohol>0.00000</other-alcohol>
    <other-cost>0.0</other-cost>
    <other-water>54.00000</other-water>
    <other-weight>100.00000</other-weight>
    <protein-complete>0.00000</protein-complete>
    <protein-total>33.43000</protein-total>
    <vitamins-choline>100.60000</vitamins-choline>
    <vitamins-folate>0.00000</vitamins-folate>
    <vitamins-niacin>6.52000</vitamins-niacin>
    <vitamins-pantothenic_acid>0.89700</vitamins-pantothenic_acid>
    <vitamins-riboflavin>0.30000</vitamins-riboflavin>
    <vitamins-thiamin>0.06000</vitamins-thiamin>
    <vitamins-vitamin_a>0.00000</vitamins-vitamin_a>
    <vitamins-vitamin_b12>4.44000</vitamins-vitamin_b12>
    <vitamins-vitamin_b6>0.37700</vitamins-vitamin_b6>
    <vitamins-vitamin_c>0.00000</vitamins-vitamin_c>
    <vitamins-vitamin_d>0.00000</vitamins-vitamin_d>
    <vitamins-vitamin_e>0.80000</vitamins-vitamin_e>
    <vitamins-vitamin_k>0.00000</vitamins-vitamin_k>
</food>