<food xmlns:xsi="http://www.w3.org/2001/XMLSchema-instance" xsi:noNamespaceSchemaLocation="https://xjrga.github.io/schemas/food_v2.xsd">
    <food-id>35176</food-id>
    <food-name>Buffalo, free range, top round steak, cooked (Shoshone Bannock)</food-name>
    <carbohydrates-carbs_by_diff>0.00000</carbohydrates-carbs_by_diff>
    <carbohydrates-fiber>0.00000</carbohydrates-fiber>
    <carbohydrates-glycemicindex>0.00000</carbohydrates-glycemicindex>
    <energy-gross>146.00000</energy-gross>
    <fats-cholesterol>82.00000</fats-cholesterol>
    <fats-dha>0.00000</fats-dha>
    <fats-epa>0.00000</fats-epa>
    <fats-lauric>0.00100</fats-lauric>
    <fats-linoleic>0.11300</fats-linoleic>
    <fats-linolenic>0.02900</fats-linolenic>
    <fats-monounsaturated>0.61400</fats-monounsaturated>
    <fats-myristic>0.01000</fats-myristic>
    <fats-palmitic>0.26000</fats-palmitic>
    <fats-polyunsaturated>0.17100</fats-polyunsaturated>
    <fats-saturated>0.59500</fats-saturated>
    <fats-stearic>0.27000</fats-stearic>
    <fats-total>1.80000</fats-total>
    <minerals-calcium>4.00000</minerals-calcium>
    <minerals-copper>0.18900</minerals-copper>
    <minerals-iron>3.76000</minerals-iron>
    <minerals-magnesium>27.00000</minerals-magnesium>
    <minerals-manganese>0.01100</minerals-manganese>
    <minerals-phosphorus>246.00000</minerals-phosphorus>
    <minerals-potassium>376.00000</minerals-potassium>
    <minerals-selenium>10.50000</minerals-selenium>
    <minerals-sodium>41.00000</minerals-sodium>
    <minerals-zinc>5.06000</minerals-zinc>
    <other-alcohol>0.00000</other-alcohol>
    <other-cost>0.0</other-cost>
    <other-water>64.28000</other-water>
    <other-weight>100.00000</other-weight>
    <protein-complete>0.00000</protein-complete>
    <protein-total>32.51000</protein-total>
    <vitamins-choline>0.00000</vitamins-choline>
    <vitamins-folate>8.00000</vitamins-folate>
    <vitamins-niacin>7.02000</vitamins-niacin>
    <vitamins-pantothenic_acid>1.01000</vitamins-pantothenic_acid>
    <vitamins-riboflavin>0.46200</vitamins-riboflavin>
    <vitamins-thiamin>0.16900</vitamins-thiamin>
    <vitamins-vitamin_a>0.00000</vitamins-vitamin_a>
    <vitamins-vitamin_b12>1.67000</vitamins-vitamin_b12>
    <vitamins-vitamin_b6>0.79400</vitamins-vitamin_b6>
    <vitamins-vitamin_c>0.00000</vitamins-vitamin_c>
    <vitamins-vitamin_d>0.00000</vitamins-vitamin_d>
    <vitamins-vitamin_e>0.59000</vitamins-vitamin_e>
    <vitamins-vitamin_k>0.00000</vitamins-vitamin_k>
</food>