<food xmlns:xsi="http://www.w3.org/2001/XMLSchema-instance" xsi:noNamespaceSchemaLocation="https://xjrga.github.io/schemas/food_v2.xsd">
    <food-id>35166</food-id>
    <food-name>Fish, salmon, red, (sockeye), canned, smoked (Alaska Native)</food-name>
    <carbohydrates-carbs_by_diff>0.00000</carbohydrates-carbs_by_diff>
    <carbohydrates-fiber>0.00000</carbohydrates-fiber>
    <carbohydrates-glycemicindex>0.00000</carbohydrates-glycemicindex>
    <energy-gross>206.00000</energy-gross>
    <fats-cholesterol>93.00000</fats-cholesterol>
    <fats-dha>0.97000</fats-dha>
    <fats-epa>0.60000</fats-epa>
    <fats-lauric>0.00000</fats-lauric>
    <fats-linoleic>0.10000</fats-linoleic>
    <fats-linolenic>0.10000</fats-linolenic>
    <fats-monounsaturated>2.29000</fats-monounsaturated>
    <fats-myristic>0.21000</fats-myristic>
    <fats-palmitic>1.06000</fats-palmitic>
    <fats-polyunsaturated>2.21000</fats-polyunsaturated>
    <fats-saturated>1.48000</fats-saturated>
    <fats-stearic>0.18000</fats-stearic>
    <fats-total>7.26000</fats-total>
    <minerals-calcium>69.00000</minerals-calcium>
    <minerals-copper>0.14800</minerals-copper>
    <minerals-iron>1.50000</minerals-iron>
    <minerals-magnesium>39.00000</minerals-magnesium>
    <minerals-manganese>0.05100</minerals-manganese>
    <minerals-phosphorus>350.00000</minerals-phosphorus>
    <minerals-potassium>470.00000</minerals-potassium>
    <minerals-selenium>44.80000</minerals-selenium>
    <minerals-sodium>600.00000</minerals-sodium>
    <minerals-zinc>1.10000</minerals-zinc>
    <other-alcohol>0.00000</other-alcohol>
    <other-cost>0.0</other-cost>
    <other-water>56.49000</other-water>
    <other-weight>100.00000</other-weight>
    <protein-complete>0.00000</protein-complete>
    <protein-total>35.19000</protein-total>
    <vitamins-choline>106.90000</vitamins-choline>
    <vitamins-folate>4.00000</vitamins-folate>
    <vitamins-niacin>13.10000</vitamins-niacin>
    <vitamins-pantothenic_acid>0.65600</vitamins-pantothenic_acid>
    <vitamins-riboflavin>0.35800</vitamins-riboflavin>
    <vitamins-thiamin>0.02100</vitamins-thiamin>
    <vitamins-vitamin_a>19.00000</vitamins-vitamin_a>
    <vitamins-vitamin_b12>7.43000</vitamins-vitamin_b12>
    <vitamins-vitamin_b6>0.18200</vitamins-vitamin_b6>
    <vitamins-vitamin_c>0.00000</vitamins-vitamin_c>
    <vitamins-vitamin_d>0.00000</vitamins-vitamin_d>
    <vitamins-vitamin_e>0.45000</vitamins-vitamin_e>
    <vitamins-vitamin_k>0.00000</vitamins-vitamin_k>
</food>