<food xmlns:xsi="http://www.w3.org/2001/XMLSchema-instance" xsi:noNamespaceSchemaLocation="https://xjrga.github.io/schemas/food_v2.xsd">
    <food-id>35143</food-id>
    <food-name>Tortilla, includes plain and from mutton sandwich (Navajo)</food-name>
    <carbohydrates-carbs_by_diff>49.94000</carbohydrates-carbs_by_diff>
    <carbohydrates-fiber>2.40000</carbohydrates-fiber>
    <carbohydrates-glycemicindex>0.00000</carbohydrates-glycemicindex>
    <energy-gross>237.00000</energy-gross>
    <fats-cholesterol>0.00000</fats-cholesterol>
    <fats-dha>0.00000</fats-dha>
    <fats-epa>0.00000</fats-epa>
    <fats-lauric>0.00000</fats-lauric>
    <fats-linoleic>0.37200</fats-linoleic>
    <fats-linolenic>0.00000</fats-linolenic>
    <fats-monounsaturated>0.18500</fats-monounsaturated>
    <fats-myristic>0.00800</fats-myristic>
    <fats-palmitic>0.21000</fats-palmitic>
    <fats-polyunsaturated>0.39100</fats-polyunsaturated>
    <fats-saturated>0.29600</fats-saturated>
    <fats-stearic>0.06000</fats-stearic>
    <fats-total>0.95000</fats-total>
    <minerals-calcium>70.00000</minerals-calcium>
    <minerals-copper>0.10200</minerals-copper>
    <minerals-iron>3.81000</minerals-iron>
    <minerals-magnesium>19.00000</minerals-magnesium>
    <minerals-manganese>0.26800</minerals-manganese>
    <minerals-phosphorus>146.00000</minerals-phosphorus>
    <minerals-potassium>105.00000</minerals-potassium>
    <minerals-selenium>16.60000</minerals-selenium>
    <minerals-sodium>482.00000</minerals-sodium>
    <minerals-zinc>0.32000</minerals-zinc>
    <other-alcohol>0.00000</other-alcohol>
    <other-cost>0.0</other-cost>
    <other-water>39.96000</other-water>
    <other-weight>100.00000</other-weight>
    <protein-complete>0.00000</protein-complete>
    <protein-total>7.28000</protein-total>
    <vitamins-choline>0.00000</vitamins-choline>
    <vitamins-folate>159.00000</vitamins-folate>
    <vitamins-niacin>4.12500</vitamins-niacin>
    <vitamins-pantothenic_acid>0.17000</vitamins-pantothenic_acid>
    <vitamins-riboflavin>0.11400</vitamins-riboflavin>
    <vitamins-thiamin>0.37000</vitamins-thiamin>
    <vitamins-vitamin_a>0.00000</vitamins-vitamin_a>
    <vitamins-vitamin_b12>0.00000</vitamins-vitamin_b12>
    <vitamins-vitamin_b6>0.06000</vitamins-vitamin_b6>
    <vitamins-vitamin_c>0.00000</vitamins-vitamin_c>
    <vitamins-vitamin_d>0.00000</vitamins-vitamin_d>
    <vitamins-vitamin_e>0.19000</vitamins-vitamin_e>
    <vitamins-vitamin_k>0.40000</vitamins-vitamin_k>
</food>