<food xmlns:xsi="http://www.w3.org/2001/XMLSchema-instance" xsi:noNamespaceSchemaLocation="https://xjrga.github.io/schemas/food_v2.xsd">
    <food-id>35185</food-id>
    <food-name>Frybread, made with lard (Apache)</food-name>
    <carbohydrates-carbs_by_diff>46.01000</carbohydrates-carbs_by_diff>
    <carbohydrates-fiber>1.70000</carbohydrates-fiber>
    <carbohydrates-glycemicindex>0.00000</carbohydrates-glycemicindex>
    <energy-gross>309.00000</energy-gross>
    <fats-cholesterol>4.00000</fats-cholesterol>
    <fats-dha>0.00000</fats-dha>
    <fats-epa>0.00000</fats-epa>
    <fats-lauric>0.00000</fats-lauric>
    <fats-linoleic>1.21100</fats-linoleic>
    <fats-linolenic>0.07500</fats-linolenic>
    <fats-monounsaturated>3.50000</fats-monounsaturated>
    <fats-myristic>0.16000</fats-myristic>
    <fats-palmitic>2.10000</fats-palmitic>
    <fats-polyunsaturated>1.30600</fats-polyunsaturated>
    <fats-saturated>3.63100</fats-saturated>
    <fats-stearic>1.25000</fats-stearic>
    <fats-total>10.14000</fats-total>
    <minerals-calcium>52.00000</minerals-calcium>
    <minerals-copper>0.09600</minerals-copper>
    <minerals-iron>3.43000</minerals-iron>
    <minerals-magnesium>19.00000</minerals-magnesium>
    <minerals-manganese>0.40500</minerals-manganese>
    <minerals-phosphorus>112.00000</minerals-phosphorus>
    <minerals-potassium>75.00000</minerals-potassium>
    <minerals-selenium>6.50000</minerals-selenium>
    <minerals-sodium>671.00000</minerals-sodium>
    <minerals-zinc>0.47000</minerals-zinc>
    <other-alcohol>0.00000</other-alcohol>
    <other-cost>0.0</other-cost>
    <other-water>33.11000</other-water>
    <other-weight>100.00000</other-weight>
    <protein-complete>0.00000</protein-complete>
    <protein-total>8.38000</protein-total>
    <vitamins-choline>0.00000</vitamins-choline>
    <vitamins-folate>177.00000</vitamins-folate>
    <vitamins-niacin>4.33500</vitamins-niacin>
    <vitamins-pantothenic_acid>0.00000</vitamins-pantothenic_acid>
    <vitamins-riboflavin>0.26400</vitamins-riboflavin>
    <vitamins-thiamin>0.53100</vitamins-thiamin>
    <vitamins-vitamin_a>0.00000</vitamins-vitamin_a>
    <vitamins-vitamin_b12>0.00000</vitamins-vitamin_b12>
    <vitamins-vitamin_b6>0.06800</vitamins-vitamin_b6>
    <vitamins-vitamin_c>0.00000</vitamins-vitamin_c>
    <vitamins-vitamin_d>0.00000</vitamins-vitamin_d>
    <vitamins-vitamin_e>0.09000</vitamins-vitamin_e>
    <vitamins-vitamin_k>0.00000</vitamins-vitamin_k>
</food>