<food xmlns:xsi="http://www.w3.org/2001/XMLSchema-instance" xsi:noNamespaceSchemaLocation="https://xjrga.github.io/schemas/food_v2.xsd">
    <food-id>35146</food-id>
    <food-name>Stew, mutton, corn, squash (Navajo)</food-name>
    <carbohydrates-carbs_by_diff>7.27000</carbohydrates-carbs_by_diff>
    <carbohydrates-fiber>1.70000</carbohydrates-fiber>
    <carbohydrates-glycemicindex>0.00000</carbohydrates-glycemicindex>
    <energy-gross>103.00000</energy-gross>
    <fats-cholesterol>43.00000</fats-cholesterol>
    <fats-dha>0.00000</fats-dha>
    <fats-epa>0.00000</fats-epa>
    <fats-lauric>0.00000</fats-lauric>
    <fats-linoleic>0.31000</fats-linoleic>
    <fats-linolenic>0.06200</fats-linolenic>
    <fats-monounsaturated>1.74800</fats-monounsaturated>
    <fats-myristic>0.08000</fats-myristic>
    <fats-palmitic>0.86000</fats-palmitic>
    <fats-polyunsaturated>0.38300</fats-polyunsaturated>
    <fats-saturated>1.73500</fats-saturated>
    <fats-stearic>0.69000</fats-stearic>
    <fats-total>4.34000</fats-total>
    <minerals-calcium>38.00000</minerals-calcium>
    <minerals-copper>0.06300</minerals-copper>
    <minerals-iron>1.21000</minerals-iron>
    <minerals-magnesium>21.00000</minerals-magnesium>
    <minerals-manganese>0.08700</minerals-manganese>
    <minerals-phosphorus>111.00000</minerals-phosphorus>
    <minerals-potassium>199.00000</minerals-potassium>
    <minerals-selenium>8.40000</minerals-selenium>
    <minerals-sodium>49.00000</minerals-sodium>
    <minerals-zinc>1.87000</minerals-zinc>
    <other-alcohol>0.00000</other-alcohol>
    <other-cost>0.0</other-cost>
    <other-water>76.13000</other-water>
    <other-weight>100.00000</other-weight>
    <protein-complete>0.00000</protein-complete>
    <protein-total>8.62000</protein-total>
    <vitamins-choline>0.00000</vitamins-choline>
    <vitamins-folate>0.00000</vitamins-folate>
    <vitamins-niacin>2.00000</vitamins-niacin>
    <vitamins-pantothenic_acid>0.27000</vitamins-pantothenic_acid>
    <vitamins-riboflavin>0.11000</vitamins-riboflavin>
    <vitamins-thiamin>0.03000</vitamins-thiamin>
    <vitamins-vitamin_a>0.00000</vitamins-vitamin_a>
    <vitamins-vitamin_b12>1.16000</vitamins-vitamin_b12>
    <vitamins-vitamin_b6>0.10800</vitamins-vitamin_b6>
    <vitamins-vitamin_c>0.00000</vitamins-vitamin_c>
    <vitamins-vitamin_d>0.00000</vitamins-vitamin_d>
    <vitamins-vitamin_e>0.37000</vitamins-vitamin_e>
    <vitamins-vitamin_k>1.80000</vitamins-vitamin_k>
</food>