<food xmlns:xsi="http://www.w3.org/2001/XMLSchema-instance" xsi:noNamespaceSchemaLocation="https://xjrga.github.io/schemas/food_v2.xsd">
    <food-id>35145</food-id>
    <food-name>Stew, hominy with mutton (Navajo)</food-name>
    <carbohydrates-carbs_by_diff>9.38000</carbohydrates-carbs_by_diff>
    <carbohydrates-fiber>2.00000</carbohydrates-fiber>
    <carbohydrates-glycemicindex>0.00000</carbohydrates-glycemicindex>
    <energy-gross>83.00000</energy-gross>
    <fats-cholesterol>13.00000</fats-cholesterol>
    <fats-dha>0.00000</fats-dha>
    <fats-epa>0.00000</fats-epa>
    <fats-lauric>0.00000</fats-lauric>
    <fats-linoleic>0.23200</fats-linoleic>
    <fats-linolenic>0.02300</fats-linolenic>
    <fats-monounsaturated>0.89700</fats-monounsaturated>
    <fats-myristic>0.03000</fats-myristic>
    <fats-palmitic>0.39000</fats-palmitic>
    <fats-polyunsaturated>0.28700</fats-polyunsaturated>
    <fats-saturated>0.73300</fats-saturated>
    <fats-stearic>0.27000</fats-stearic>
    <fats-total>2.06000</fats-total>
    <minerals-calcium>8.00000</minerals-calcium>
    <minerals-copper>0.04700</minerals-copper>
    <minerals-iron>0.81000</minerals-iron>
    <minerals-magnesium>20.00000</minerals-magnesium>
    <minerals-manganese>0.08900</minerals-manganese>
    <minerals-phosphorus>82.00000</minerals-phosphorus>
    <minerals-potassium>118.00000</minerals-potassium>
    <minerals-selenium>4.10000</minerals-selenium>
    <minerals-sodium>45.00000</minerals-sodium>
    <minerals-zinc>1.19000</minerals-zinc>
    <other-alcohol>0.00000</other-alcohol>
    <other-cost>0.0</other-cost>
    <other-water>81.58000</other-water>
    <other-weight>100.00000</other-weight>
    <protein-complete>0.00000</protein-complete>
    <protein-total>6.71000</protein-total>
    <vitamins-choline>0.00000</vitamins-choline>
    <vitamins-folate>0.00000</vitamins-folate>
    <vitamins-niacin>1.50000</vitamins-niacin>
    <vitamins-pantothenic_acid>0.00000</vitamins-pantothenic_acid>
    <vitamins-riboflavin>0.07000</vitamins-riboflavin>
    <vitamins-thiamin>0.03000</vitamins-thiamin>
    <vitamins-vitamin_a>0.00000</vitamins-vitamin_a>
    <vitamins-vitamin_b12>0.64000</vitamins-vitamin_b12>
    <vitamins-vitamin_b6>0.09100</vitamins-vitamin_b6>
    <vitamins-vitamin_c>0.00000</vitamins-vitamin_c>
    <vitamins-vitamin_d>0.00000</vitamins-vitamin_d>
    <vitamins-vitamin_e>0.37000</vitamins-vitamin_e>
    <vitamins-vitamin_k>0.70000</vitamins-vitamin_k>
</food>