<food xmlns:xsi="http://www.w3.org/2001/XMLSchema-instance" xsi:noNamespaceSchemaLocation="https://xjrga.github.io/schemas/food_v2.xsd">
    <food-id>35165</food-id>
    <food-name>Fish, whitefish, dried (Alaska Native)</food-name>
    <carbohydrates-carbs_by_diff>0.00000</carbohydrates-carbs_by_diff>
    <carbohydrates-fiber>0.00000</carbohydrates-fiber>
    <carbohydrates-glycemicindex>0.00000</carbohydrates-glycemicindex>
    <energy-gross>371.00000</energy-gross>
    <fats-cholesterol>266.00000</fats-cholesterol>
    <fats-dha>0.65000</fats-dha>
    <fats-epa>0.42000</fats-epa>
    <fats-lauric>0.06000</fats-lauric>
    <fats-linoleic>0.26000</fats-linoleic>
    <fats-linolenic>0.28000</fats-linolenic>
    <fats-monounsaturated>4.38000</fats-monounsaturated>
    <fats-myristic>0.32000</fats-myristic>
    <fats-palmitic>1.90000</fats-palmitic>
    <fats-polyunsaturated>2.16000</fats-polyunsaturated>
    <fats-saturated>2.85000</fats-saturated>
    <fats-stearic>0.40000</fats-stearic>
    <fats-total>13.44000</fats-total>
    <minerals-calcium>810.00000</minerals-calcium>
    <minerals-copper>0.18000</minerals-copper>
    <minerals-iron>4.10000</minerals-iron>
    <minerals-magnesium>85.00000</minerals-magnesium>
    <minerals-manganese>0.23000</minerals-manganese>
    <minerals-phosphorus>1040.00000</minerals-phosphorus>
    <minerals-potassium>1080.00000</minerals-potassium>
    <minerals-selenium>113.00000</minerals-selenium>
    <minerals-sodium>200.00000</minerals-sodium>
    <minerals-zinc>5.00000</minerals-zinc>
    <other-alcohol>0.00000</other-alcohol>
    <other-cost>0.0</other-cost>
    <other-water>20.59000</other-water>
    <other-weight>100.00000</other-weight>
    <protein-complete>0.00000</protein-complete>
    <protein-total>62.44000</protein-total>
    <vitamins-choline>205.60000</vitamins-choline>
    <vitamins-folate>11.00000</vitamins-folate>
    <vitamins-niacin>11.20000</vitamins-niacin>
    <vitamins-pantothenic_acid>2.57000</vitamins-pantothenic_acid>
    <vitamins-riboflavin>0.43800</vitamins-riboflavin>
    <vitamins-thiamin>0.05300</vitamins-thiamin>
    <vitamins-vitamin_a>39.00000</vitamins-vitamin_a>
    <vitamins-vitamin_b12>18.40000</vitamins-vitamin_b12>
    <vitamins-vitamin_b6>0.36500</vitamins-vitamin_b6>
    <vitamins-vitamin_c>0.00000</vitamins-vitamin_c>
    <vitamins-vitamin_d>0.00000</vitamins-vitamin_d>
    <vitamins-vitamin_e>0.66000</vitamins-vitamin_e>
    <vitamins-vitamin_k>1.30000</vitamins-vitamin_k>
</food>