<food xmlns:xsi="http://www.w3.org/2001/XMLSchema-instance" xsi:noNamespaceSchemaLocation="https://xjrga.github.io/schemas/food_v2.xsd">
    <food-id>35187</food-id>
    <food-name>Tennis Bread, plain (Apache)</food-name>
    <carbohydrates-carbs_by_diff>53.26000</carbohydrates-carbs_by_diff>
    <carbohydrates-fiber>2.60000</carbohydrates-fiber>
    <carbohydrates-glycemicindex>0.00000</carbohydrates-glycemicindex>
    <energy-gross>258.00000</energy-gross>
    <fats-cholesterol>0.00000</fats-cholesterol>
    <fats-dha>0.00000</fats-dha>
    <fats-epa>0.00000</fats-epa>
    <fats-lauric>0.00000</fats-lauric>
    <fats-linoleic>0.56000</fats-linoleic>
    <fats-linolenic>0.03000</fats-linolenic>
    <fats-monounsaturated>0.12000</fats-monounsaturated>
    <fats-myristic>0.00000</fats-myristic>
    <fats-palmitic>0.25000</fats-palmitic>
    <fats-polyunsaturated>0.59000</fats-polyunsaturated>
    <fats-saturated>0.27000</fats-saturated>
    <fats-stearic>0.02000</fats-stearic>
    <fats-total>1.05000</fats-total>
    <minerals-calcium>67.00000</minerals-calcium>
    <minerals-copper>0.03000</minerals-copper>
    <minerals-iron>3.40000</minerals-iron>
    <minerals-magnesium>28.00000</minerals-magnesium>
    <minerals-manganese>0.48000</minerals-manganese>
    <minerals-phosphorus>160.00000</minerals-phosphorus>
    <minerals-potassium>100.00000</minerals-potassium>
    <minerals-selenium>15.50000</minerals-selenium>
    <minerals-sodium>810.00000</minerals-sodium>
    <minerals-zinc>0.53000</minerals-zinc>
    <other-alcohol>0.00000</other-alcohol>
    <other-cost>0.0</other-cost>
    <other-water>33.77000</other-water>
    <other-weight>100.00000</other-weight>
    <protein-complete>0.00000</protein-complete>
    <protein-total>9.00000</protein-total>
    <vitamins-choline>0.00000</vitamins-choline>
    <vitamins-folate>252.00000</vitamins-folate>
    <vitamins-niacin>3.41000</vitamins-niacin>
    <vitamins-pantothenic_acid>0.39000</vitamins-pantothenic_acid>
    <vitamins-riboflavin>0.29100</vitamins-riboflavin>
    <vitamins-thiamin>0.69000</vitamins-thiamin>
    <vitamins-vitamin_a>0.00000</vitamins-vitamin_a>
    <vitamins-vitamin_b12>0.00000</vitamins-vitamin_b12>
    <vitamins-vitamin_b6>0.05900</vitamins-vitamin_b6>
    <vitamins-vitamin_c>0.00000</vitamins-vitamin_c>
    <vitamins-vitamin_d>0.00000</vitamins-vitamin_d>
    <vitamins-vitamin_e>0.07000</vitamins-vitamin_e>
    <vitamins-vitamin_k>0.20000</vitamins-vitamin_k>
</food>