<food xmlns:xsi="http://www.w3.org/2001/XMLSchema-instance" xsi:noNamespaceSchemaLocation="https://xjrga.github.io/schemas/food_v2.xsd">
    <food-id>35144</food-id>
    <food-name>Stew, dumpling with mutton (Navajo)</food-name>
    <carbohydrates-carbs_by_diff>8.03000</carbohydrates-carbs_by_diff>
    <carbohydrates-fiber>0.00000</carbohydrates-fiber>
    <carbohydrates-glycemicindex>0.00000</carbohydrates-glycemicindex>
    <energy-gross>101.00000</energy-gross>
    <fats-cholesterol>28.00000</fats-cholesterol>
    <fats-dha>0.00000</fats-dha>
    <fats-epa>0.00000</fats-epa>
    <fats-lauric>0.00000</fats-lauric>
    <fats-linoleic>0.19300</fats-linoleic>
    <fats-linolenic>0.00700</fats-linolenic>
    <fats-monounsaturated>1.53300</fats-monounsaturated>
    <fats-myristic>0.08000</fats-myristic>
    <fats-palmitic>0.80000</fats-palmitic>
    <fats-polyunsaturated>0.27400</fats-polyunsaturated>
    <fats-saturated>1.70900</fats-saturated>
    <fats-stearic>0.73000</fats-stearic>
    <fats-total>3.78000</fats-total>
    <minerals-calcium>14.00000</minerals-calcium>
    <minerals-copper>0.05300</minerals-copper>
    <minerals-iron>1.79000</minerals-iron>
    <minerals-magnesium>8.00000</minerals-magnesium>
    <minerals-manganese>0.06400</minerals-manganese>
    <minerals-phosphorus>63.00000</minerals-phosphorus>
    <minerals-potassium>82.00000</minerals-potassium>
    <minerals-selenium>10.20000</minerals-selenium>
    <minerals-sodium>46.00000</minerals-sodium>
    <minerals-zinc>1.85000</minerals-zinc>
    <other-alcohol>0.00000</other-alcohol>
    <other-cost>0.0</other-cost>
    <other-water>79.21000</other-water>
    <other-weight>100.00000</other-weight>
    <protein-complete>0.00000</protein-complete>
    <protein-total>8.71000</protein-total>
    <vitamins-choline>0.00000</vitamins-choline>
    <vitamins-folate>0.00000</vitamins-folate>
    <vitamins-niacin>2.00500</vitamins-niacin>
    <vitamins-pantothenic_acid>0.16200</vitamins-pantothenic_acid>
    <vitamins-riboflavin>0.09100</vitamins-riboflavin>
    <vitamins-thiamin>0.06500</vitamins-thiamin>
    <vitamins-vitamin_a>0.00000</vitamins-vitamin_a>
    <vitamins-vitamin_b12>0.82000</vitamins-vitamin_b12>
    <vitamins-vitamin_b6>0.04100</vitamins-vitamin_b6>
    <vitamins-vitamin_c>0.00000</vitamins-vitamin_c>
    <vitamins-vitamin_d>0.00000</vitamins-vitamin_d>
    <vitamins-vitamin_e>0.37000</vitamins-vitamin_e>
    <vitamins-vitamin_k>1.70000</vitamins-vitamin_k>
</food>