<food xmlns:xsi="http://www.w3.org/2001/XMLSchema-instance" xsi:noNamespaceSchemaLocation="https://xjrga.github.io/schemas/food_v2.xsd">
    <food-id>35131</food-id>
    <food-name>Cornmeal, blue (Navajo)</food-name>
    <carbohydrates-carbs_by_diff>76.93000</carbohydrates-carbs_by_diff>
    <carbohydrates-fiber>8.70000</carbohydrates-fiber>
    <carbohydrates-glycemicindex>0.00000</carbohydrates-glycemicindex>
    <energy-gross>398.00000</energy-gross>
    <fats-cholesterol>0.00000</fats-cholesterol>
    <fats-dha>0.00000</fats-dha>
    <fats-epa>0.00000</fats-epa>
    <fats-lauric>0.00000</fats-lauric>
    <fats-linoleic>2.40400</fats-linoleic>
    <fats-linolenic>0.00000</fats-linolenic>
    <fats-monounsaturated>1.67900</fats-monounsaturated>
    <fats-myristic>0.00000</fats-myristic>
    <fats-palmitic>0.71000</fats-palmitic>
    <fats-polyunsaturated>2.46500</fats-polyunsaturated>
    <fats-saturated>0.88600</fats-saturated>
    <fats-stearic>0.13000</fats-stearic>
    <fats-total>5.44000</fats-total>
    <minerals-calcium>5.00000</minerals-calcium>
    <minerals-copper>0.21800</minerals-copper>
    <minerals-iron>2.91000</minerals-iron>
    <minerals-magnesium>133.00000</minerals-magnesium>
    <minerals-manganese>0.75800</minerals-manganese>
    <minerals-phosphorus>354.00000</minerals-phosphorus>
    <minerals-potassium>393.00000</minerals-potassium>
    <minerals-selenium>11.80000</minerals-selenium>
    <minerals-sodium>7.00000</minerals-sodium>
    <minerals-zinc>2.91000</minerals-zinc>
    <other-alcohol>0.00000</other-alcohol>
    <other-cost>0.0</other-cost>
    <other-water>5.70000</other-water>
    <other-weight>100.00000</other-weight>
    <protein-complete>0.00000</protein-complete>
    <protein-total>10.40000</protein-total>
    <vitamins-choline>0.00000</vitamins-choline>
    <vitamins-folate>0.00000</vitamins-folate>
    <vitamins-niacin>2.02000</vitamins-niacin>
    <vitamins-pantothenic_acid>0.35300</vitamins-pantothenic_acid>
    <vitamins-riboflavin>0.10700</vitamins-riboflavin>
    <vitamins-thiamin>0.28500</vitamins-thiamin>
    <vitamins-vitamin_a>0.00000</vitamins-vitamin_a>
    <vitamins-vitamin_b12>0.00000</vitamins-vitamin_b12>
    <vitamins-vitamin_b6>0.59300</vitamins-vitamin_b6>
    <vitamins-vitamin_c>0.00000</vitamins-vitamin_c>
    <vitamins-vitamin_d>0.00000</vitamins-vitamin_d>
    <vitamins-vitamin_e>0.73000</vitamins-vitamin_e>
    <vitamins-vitamin_k>0.00000</vitamins-vitamin_k>
</food>