<food xmlns:xsi="http://www.w3.org/2001/XMLSchema-instance" xsi:noNamespaceSchemaLocation="https://xjrga.github.io/schemas/food_v2.xsd">
    <food-id>35153</food-id>
    <food-name>Fish, salmon, king (chinook), raw (Alaska Native)</food-name>
    <carbohydrates-carbs_by_diff>0.00000</carbohydrates-carbs_by_diff>
    <carbohydrates-fiber>0.00000</carbohydrates-fiber>
    <carbohydrates-glycemicindex>0.00000</carbohydrates-glycemicindex>
    <energy-gross>187.00000</energy-gross>
    <fats-cholesterol>61.00000</fats-cholesterol>
    <fats-dha>0.71000</fats-dha>
    <fats-epa>0.44000</fats-epa>
    <fats-lauric>0.00000</fats-lauric>
    <fats-linoleic>0.09000</fats-linoleic>
    <fats-linolenic>0.07000</fats-linolenic>
    <fats-monounsaturated>4.09000</fats-monounsaturated>
    <fats-myristic>0.30000</fats-myristic>
    <fats-palmitic>1.23000</fats-palmitic>
    <fats-polyunsaturated>1.59900</fats-polyunsaturated>
    <fats-saturated>1.87000</fats-saturated>
    <fats-stearic>0.29000</fats-stearic>
    <fats-total>11.73000</fats-total>
    <minerals-calcium>42.00000</minerals-calcium>
    <minerals-copper>0.00000</minerals-copper>
    <minerals-iron>0.79000</minerals-iron>
    <minerals-magnesium>24.00000</minerals-magnesium>
    <minerals-manganese>0.00000</minerals-manganese>
    <minerals-phosphorus>208.00000</minerals-phosphorus>
    <minerals-potassium>370.00000</minerals-potassium>
    <minerals-selenium>31.00000</minerals-selenium>
    <minerals-sodium>48.00000</minerals-sodium>
    <minerals-zinc>0.52000</minerals-zinc>
    <other-alcohol>0.00000</other-alcohol>
    <other-cost>0.0</other-cost>
    <other-water>65.96000</other-water>
    <other-weight>100.00000</other-weight>
    <protein-complete>0.00000</protein-complete>
    <protein-total>20.25000</protein-total>
    <vitamins-choline>0.00000</vitamins-choline>
    <vitamins-folate>0.00000</vitamins-folate>
    <vitamins-niacin>8.41500</vitamins-niacin>
    <vitamins-pantothenic_acid>0.98700</vitamins-pantothenic_acid>
    <vitamins-riboflavin>0.16900</vitamins-riboflavin>
    <vitamins-thiamin>0.16100</vitamins-thiamin>
    <vitamins-vitamin_a>136.00000</vitamins-vitamin_a>
    <vitamins-vitamin_b12>7.38000</vitamins-vitamin_b12>
    <vitamins-vitamin_b6>0.27100</vitamins-vitamin_b6>
    <vitamins-vitamin_c>0.00000</vitamins-vitamin_c>
    <vitamins-vitamin_d>0.00000</vitamins-vitamin_d>
    <vitamins-vitamin_e>1.49000</vitamins-vitamin_e>
    <vitamins-vitamin_k>0.30000</vitamins-vitamin_k>
</food>