<food xmlns:xsi="http://www.w3.org/2001/XMLSchema-instance" xsi:noNamespaceSchemaLocation="https://xjrga.github.io/schemas/food_v2.xsd">
    <food-id>35161</food-id>
    <food-name>Caribou, shoulder meat, dried (Alaska Native)</food-name>
    <carbohydrates-carbs_by_diff>0.00000</carbohydrates-carbs_by_diff>
    <carbohydrates-fiber>0.00000</carbohydrates-fiber>
    <carbohydrates-glycemicindex>0.00000</carbohydrates-glycemicindex>
    <energy-gross>271.00000</energy-gross>
    <fats-cholesterol>164.00000</fats-cholesterol>
    <fats-dha>0.00800</fats-dha>
    <fats-epa>0.01500</fats-epa>
    <fats-lauric>0.00000</fats-lauric>
    <fats-linoleic>0.21100</fats-linoleic>
    <fats-linolenic>0.06800</fats-linolenic>
    <fats-monounsaturated>1.20100</fats-monounsaturated>
    <fats-myristic>0.06000</fats-myristic>
    <fats-palmitic>0.86000</fats-palmitic>
    <fats-polyunsaturated>0.37000</fats-polyunsaturated>
    <fats-saturated>1.58600</fats-saturated>
    <fats-stearic>0.60000</fats-stearic>
    <fats-total>3.67000</fats-total>
    <minerals-calcium>14.00000</minerals-calcium>
    <minerals-copper>0.78000</minerals-copper>
    <minerals-iron>11.00000</minerals-iron>
    <minerals-magnesium>62.00000</minerals-magnesium>
    <minerals-manganese>0.11000</minerals-manganese>
    <minerals-phosphorus>550.00000</minerals-phosphorus>
    <minerals-potassium>810.00000</minerals-potassium>
    <minerals-selenium>36.80000</minerals-selenium>
    <minerals-sodium>950.00000</minerals-sodium>
    <minerals-zinc>9.40000</minerals-zinc>
    <other-alcohol>0.00000</other-alcohol>
    <other-cost>0.0</other-cost>
    <other-water>33.81000</other-water>
    <other-weight>100.00000</other-weight>
    <protein-complete>0.00000</protein-complete>
    <protein-total>59.38000</protein-total>
    <vitamins-choline>257.70000</vitamins-choline>
    <vitamins-folate>8.00000</vitamins-folate>
    <vitamins-niacin>14.80000</vitamins-niacin>
    <vitamins-pantothenic_acid>4.15000</vitamins-pantothenic_acid>
    <vitamins-riboflavin>1.30000</vitamins-riboflavin>
    <vitamins-thiamin>0.31200</vitamins-thiamin>
    <vitamins-vitamin_a>11.00000</vitamins-vitamin_a>
    <vitamins-vitamin_b12>15.10000</vitamins-vitamin_b12>
    <vitamins-vitamin_b6>0.49900</vitamins-vitamin_b6>
    <vitamins-vitamin_c>0.00000</vitamins-vitamin_c>
    <vitamins-vitamin_d>0.00000</vitamins-vitamin_d>
    <vitamins-vitamin_e>0.07000</vitamins-vitamin_e>
    <vitamins-vitamin_k>0.00000</vitamins-vitamin_k>
</food>