<food xmlns:xsi="http://www.w3.org/2001/XMLSchema-instance" xsi:noNamespaceSchemaLocation="https://xjrga.github.io/schemas/food_v2.xsd">
    <food-id>35190</food-id>
    <food-name>Salmon, red (sockeye), filets with skin, smoked (Alaska Native)</food-name>
    <carbohydrates-carbs_by_diff>0.00000</carbohydrates-carbs_by_diff>
    <carbohydrates-fiber>0.00000</carbohydrates-fiber>
    <carbohydrates-glycemicindex>0.00000</carbohydrates-glycemicindex>
    <energy-gross>345.00000</energy-gross>
    <fats-cholesterol>155.00000</fats-cholesterol>
    <fats-dha>1.52000</fats-dha>
    <fats-epa>0.90500</fats-epa>
    <fats-lauric>0.00400</fats-lauric>
    <fats-linoleic>0.18500</fats-linoleic>
    <fats-linolenic>0.13000</fats-linolenic>
    <fats-monounsaturated>4.02500</fats-monounsaturated>
    <fats-myristic>0.37000</fats-myristic>
    <fats-palmitic>1.76000</fats-palmitic>
    <fats-polyunsaturated>3.46900</fats-polyunsaturated>
    <fats-saturated>2.59300</fats-saturated>
    <fats-stearic>0.33000</fats-stearic>
    <fats-total>11.43000</fats-total>
    <minerals-calcium>58.00000</minerals-calcium>
    <minerals-copper>0.14800</minerals-copper>
    <minerals-iron>1.06000</minerals-iron>
    <minerals-magnesium>58.00000</minerals-magnesium>
    <minerals-manganese>0.05100</minerals-manganese>
    <minerals-phosphorus>650.00000</minerals-phosphorus>
    <minerals-potassium>960.00000</minerals-potassium>
    <minerals-selenium>76.00000</minerals-selenium>
    <minerals-sodium>51.00000</minerals-sodium>
    <minerals-zinc>1.14000</minerals-zinc>
    <other-alcohol>0.00000</other-alcohol>
    <other-cost>0.0</other-cost>
    <other-water>23.93000</other-water>
    <other-weight>100.00000</other-weight>
    <protein-complete>0.00000</protein-complete>
    <protein-total>60.62000</protein-total>
    <vitamins-choline>223.80000</vitamins-choline>
    <vitamins-folate>9.00000</vitamins-folate>
    <vitamins-niacin>22.75000</vitamins-niacin>
    <vitamins-pantothenic_acid>2.74500</vitamins-pantothenic_acid>
    <vitamins-riboflavin>0.54300</vitamins-riboflavin>
    <vitamins-thiamin>0.49400</vitamins-thiamin>
    <vitamins-vitamin_a>31.00000</vitamins-vitamin_a>
    <vitamins-vitamin_b12>18.10000</vitamins-vitamin_b12>
    <vitamins-vitamin_b6>0.81600</vitamins-vitamin_b6>
    <vitamins-vitamin_c>0.00000</vitamins-vitamin_c>
    <vitamins-vitamin_d>0.00000</vitamins-vitamin_d>
    <vitamins-vitamin_e>1.20000</vitamins-vitamin_e>
    <vitamins-vitamin_k>0.00000</vitamins-vitamin_k>
</food>