<food xmlns:xsi="http://www.w3.org/2001/XMLSchema-instance" xsi:noNamespaceSchemaLocation="https://xjrga.github.io/schemas/food_v2.xsd">
    <food-id>35178</food-id>
    <food-name>Elk, free range, roast, eye of round, cooked (Shoshone Bannock)</food-name>
    <carbohydrates-carbs_by_diff>0.00000</carbohydrates-carbs_by_diff>
    <carbohydrates-fiber>0.00000</carbohydrates-fiber>
    <carbohydrates-glycemicindex>0.00000</carbohydrates-glycemicindex>
    <energy-gross>148.00000</energy-gross>
    <fats-cholesterol>63.00000</fats-cholesterol>
    <fats-dha>0.00000</fats-dha>
    <fats-epa>0.00000</fats-epa>
    <fats-lauric>0.00300</fats-lauric>
    <fats-linoleic>0.09200</fats-linoleic>
    <fats-linolenic>0.02500</fats-linolenic>
    <fats-monounsaturated>1.35300</fats-monounsaturated>
    <fats-myristic>0.10000</fats-myristic>
    <fats-palmitic>0.82000</fats-palmitic>
    <fats-polyunsaturated>0.13700</fats-polyunsaturated>
    <fats-saturated>1.12500</fats-saturated>
    <fats-stearic>0.16000</fats-stearic>
    <fats-total>2.85000</fats-total>
    <minerals-calcium>4.00000</minerals-calcium>
    <minerals-copper>0.15400</minerals-copper>
    <minerals-iron>2.68000</minerals-iron>
    <minerals-magnesium>26.00000</minerals-magnesium>
    <minerals-manganese>0.01600</minerals-manganese>
    <minerals-phosphorus>236.00000</minerals-phosphorus>
    <minerals-potassium>369.00000</minerals-potassium>
    <minerals-selenium>20.50000</minerals-selenium>
    <minerals-sodium>50.00000</minerals-sodium>
    <minerals-zinc>4.80000</minerals-zinc>
    <other-alcohol>0.00000</other-alcohol>
    <other-cost>0.0</other-cost>
    <other-water>64.58000</other-water>
    <other-weight>100.00000</other-weight>
    <protein-complete>0.00000</protein-complete>
    <protein-total>30.56000</protein-total>
    <vitamins-choline>0.00000</vitamins-choline>
    <vitamins-folate>1.00000</vitamins-folate>
    <vitamins-niacin>7.96000</vitamins-niacin>
    <vitamins-pantothenic_acid>0.90000</vitamins-pantothenic_acid>
    <vitamins-riboflavin>0.35800</vitamins-riboflavin>
    <vitamins-thiamin>0.16400</vitamins-thiamin>
    <vitamins-vitamin_a>0.00000</vitamins-vitamin_a>
    <vitamins-vitamin_b12>1.95000</vitamins-vitamin_b12>
    <vitamins-vitamin_b6>0.91400</vitamins-vitamin_b6>
    <vitamins-vitamin_c>0.00000</vitamins-vitamin_c>
    <vitamins-vitamin_d>0.00000</vitamins-vitamin_d>
    <vitamins-vitamin_e>0.47000</vitamins-vitamin_e>
    <vitamins-vitamin_k>0.00000</vitamins-vitamin_k>
</food>