<food xmlns:xsi="http://www.w3.org/2001/XMLSchema-instance" xsi:noNamespaceSchemaLocation="https://xjrga.github.io/schemas/food_v2.xsd">
    <food-id>35147</food-id>
    <food-name>Tamales (Navajo)</food-name>
    <carbohydrates-carbs_by_diff>18.12000</carbohydrates-carbs_by_diff>
    <carbohydrates-fiber>3.10000</carbohydrates-fiber>
    <carbohydrates-glycemicindex>0.00000</carbohydrates-glycemicindex>
    <energy-gross>153.00000</energy-gross>
    <fats-cholesterol>17.00000</fats-cholesterol>
    <fats-dha>0.00000</fats-dha>
    <fats-epa>0.00000</fats-epa>
    <fats-lauric>0.00000</fats-lauric>
    <fats-linoleic>0.64600</fats-linoleic>
    <fats-linolenic>0.02900</fats-linolenic>
    <fats-monounsaturated>2.73900</fats-monounsaturated>
    <fats-myristic>0.16000</fats-myristic>
    <fats-palmitic>1.39000</fats-palmitic>
    <fats-polyunsaturated>0.68800</fats-polyunsaturated>
    <fats-saturated>2.39600</fats-saturated>
    <fats-stearic>0.74000</fats-stearic>
    <fats-total>6.12000</fats-total>
    <minerals-calcium>29.00000</minerals-calcium>
    <minerals-copper>0.06300</minerals-copper>
    <minerals-iron>1.22000</minerals-iron>
    <minerals-magnesium>22.00000</minerals-magnesium>
    <minerals-manganese>0.17400</minerals-manganese>
    <minerals-phosphorus>99.00000</minerals-phosphorus>
    <minerals-potassium>131.00000</minerals-potassium>
    <minerals-selenium>6.00000</minerals-selenium>
    <minerals-sodium>427.00000</minerals-sodium>
    <minerals-zinc>1.48000</minerals-zinc>
    <other-alcohol>0.00000</other-alcohol>
    <other-cost>0.0</other-cost>
    <other-water>68.10000</other-water>
    <other-weight>100.00000</other-weight>
    <protein-complete>0.00000</protein-complete>
    <protein-total>6.28000</protein-total>
    <vitamins-choline>0.00000</vitamins-choline>
    <vitamins-folate>0.00000</vitamins-folate>
    <vitamins-niacin>1.59000</vitamins-niacin>
    <vitamins-pantothenic_acid>0.20500</vitamins-pantothenic_acid>
    <vitamins-riboflavin>0.08000</vitamins-riboflavin>
    <vitamins-thiamin>0.05000</vitamins-thiamin>
    <vitamins-vitamin_a>0.00000</vitamins-vitamin_a>
    <vitamins-vitamin_b12>0.54000</vitamins-vitamin_b12>
    <vitamins-vitamin_b6>0.14300</vitamins-vitamin_b6>
    <vitamins-vitamin_c>1.70000</vitamins-vitamin_c>
    <vitamins-vitamin_d>0.00000</vitamins-vitamin_d>
    <vitamins-vitamin_e>0.00000</vitamins-vitamin_e>
    <vitamins-vitamin_k>0.00000</vitamins-vitamin_k>
</food>