<food xmlns:xsi="http://www.w3.org/2001/XMLSchema-instance" xsi:noNamespaceSchemaLocation="https://xjrga.github.io/schemas/food_v2.xsd">
    <food-id>35151</food-id>
    <food-name>Fish, salmon, sockeye (red), raw (Alaska Native)</food-name>
    <carbohydrates-carbs_by_diff>0.00000</carbohydrates-carbs_by_diff>
    <carbohydrates-fiber>0.00000</carbohydrates-fiber>
    <carbohydrates-glycemicindex>0.00000</carbohydrates-glycemicindex>
    <energy-gross>153.00000</energy-gross>
    <fats-cholesterol>64.00000</fats-cholesterol>
    <fats-dha>0.63000</fats-dha>
    <fats-epa>0.33000</fats-epa>
    <fats-lauric>0.00000</fats-lauric>
    <fats-linoleic>0.07000</fats-linoleic>
    <fats-linolenic>0.07000</fats-linolenic>
    <fats-monounsaturated>2.20000</fats-monounsaturated>
    <fats-myristic>0.17000</fats-myristic>
    <fats-palmitic>0.67000</fats-palmitic>
    <fats-polyunsaturated>1.37000</fats-polyunsaturated>
    <fats-saturated>1.00700</fats-saturated>
    <fats-stearic>0.13000</fats-stearic>
    <fats-total>7.28000</fats-total>
    <minerals-calcium>7.00000</minerals-calcium>
    <minerals-copper>0.05200</minerals-copper>
    <minerals-iron>0.53000</minerals-iron>
    <minerals-magnesium>27.00000</minerals-magnesium>
    <minerals-manganese>0.01400</minerals-manganese>
    <minerals-phosphorus>240.00000</minerals-phosphorus>
    <minerals-potassium>360.00000</minerals-potassium>
    <minerals-selenium>29.90000</minerals-selenium>
    <minerals-sodium>60.00000</minerals-sodium>
    <minerals-zinc>0.52000</minerals-zinc>
    <other-alcohol>0.00000</other-alcohol>
    <other-cost>0.0</other-cost>
    <other-water>69.64000</other-water>
    <other-weight>100.00000</other-weight>
    <protein-complete>0.00000</protein-complete>
    <protein-total>21.94000</protein-total>
    <vitamins-choline>0.00000</vitamins-choline>
    <vitamins-folate>11.00000</vitamins-folate>
    <vitamins-niacin>8.04000</vitamins-niacin>
    <vitamins-pantothenic_acid>1.14000</vitamins-pantothenic_acid>
    <vitamins-riboflavin>0.29700</vitamins-riboflavin>
    <vitamins-thiamin>0.25300</vitamins-thiamin>
    <vitamins-vitamin_a>58.00000</vitamins-vitamin_a>
    <vitamins-vitamin_b12>7.82000</vitamins-vitamin_b12>
    <vitamins-vitamin_b6>0.28200</vitamins-vitamin_b6>
    <vitamins-vitamin_c>0.00000</vitamins-vitamin_c>
    <vitamins-vitamin_d>0.00000</vitamins-vitamin_d>
    <vitamins-vitamin_e>1.25000</vitamins-vitamin_e>
    <vitamins-vitamin_k>0.30000</vitamins-vitamin_k>
</food>