<food xmlns:xsi="http://www.w3.org/2001/XMLSchema-instance" xsi:noNamespaceSchemaLocation="https://xjrga.github.io/schemas/food_v2.xsd">
    <food-id>35168</food-id>
    <food-name>Fish, salmon, king, with skin, kippered, (Alaska Native)</food-name>
    <carbohydrates-carbs_by_diff>0.00000</carbohydrates-carbs_by_diff>
    <carbohydrates-fiber>0.00000</carbohydrates-fiber>
    <carbohydrates-glycemicindex>0.00000</carbohydrates-glycemicindex>
    <energy-gross>209.00000</energy-gross>
    <fats-cholesterol>67.00000</fats-cholesterol>
    <fats-dha>0.79000</fats-dha>
    <fats-epa>0.46000</fats-epa>
    <fats-lauric>0.00000</fats-lauric>
    <fats-linoleic>0.16000</fats-linoleic>
    <fats-linolenic>0.17000</fats-linolenic>
    <fats-monounsaturated>5.86000</fats-monounsaturated>
    <fats-myristic>0.49000</fats-myristic>
    <fats-palmitic>1.52000</fats-palmitic>
    <fats-polyunsaturated>2.09000</fats-polyunsaturated>
    <fats-saturated>2.44000</fats-saturated>
    <fats-stearic>0.33000</fats-stearic>
    <fats-total>12.95000</fats-total>
    <minerals-calcium>55.00000</minerals-calcium>
    <minerals-copper>0.14800</minerals-copper>
    <minerals-iron>0.55000</minerals-iron>
    <minerals-magnesium>29.00000</minerals-magnesium>
    <minerals-manganese>0.03700</minerals-manganese>
    <minerals-phosphorus>270.00000</minerals-phosphorus>
    <minerals-potassium>390.00000</minerals-potassium>
    <minerals-selenium>30.50000</minerals-selenium>
    <minerals-sodium>870.00000</minerals-sodium>
    <minerals-zinc>0.77000</minerals-zinc>
    <other-alcohol>0.00000</other-alcohol>
    <other-cost>0.0</other-cost>
    <other-water>61.52000</other-water>
    <other-weight>100.00000</other-weight>
    <protein-complete>0.00000</protein-complete>
    <protein-total>23.19000</protein-total>
    <vitamins-choline>98.90000</vitamins-choline>
    <vitamins-folate>3.00000</vitamins-folate>
    <vitamins-niacin>8.61000</vitamins-niacin>
    <vitamins-pantothenic_acid>0.82200</vitamins-pantothenic_acid>
    <vitamins-riboflavin>0.20100</vitamins-riboflavin>
    <vitamins-thiamin>0.04300</vitamins-thiamin>
    <vitamins-vitamin_a>12.00000</vitamins-vitamin_a>
    <vitamins-vitamin_b12>3.65000</vitamins-vitamin_b12>
    <vitamins-vitamin_b6>0.37800</vitamins-vitamin_b6>
    <vitamins-vitamin_c>0.00000</vitamins-vitamin_c>
    <vitamins-vitamin_d>1.20000</vitamins-vitamin_d>
    <vitamins-vitamin_e>0.42000</vitamins-vitamin_e>
    <vitamins-vitamin_k>0.00000</vitamins-vitamin_k>
</food>