<food xmlns:xsi="http://www.w3.org/2001/XMLSchema-instance" xsi:noNamespaceSchemaLocation="https://xjrga.github.io/schemas/food_v2.xsd">
    <food-id>35188</food-id>
    <food-name>Fish, halibut, cooked, with skin (Alaska Native)</food-name>
    <carbohydrates-carbs_by_diff>0.00000</carbohydrates-carbs_by_diff>
    <carbohydrates-fiber>0.00000</carbohydrates-fiber>
    <carbohydrates-glycemicindex>0.00000</carbohydrates-glycemicindex>
    <energy-gross>113.00000</energy-gross>
    <fats-cholesterol>75.00000</fats-cholesterol>
    <fats-dha>0.36300</fats-dha>
    <fats-epa>0.24300</fats-epa>
    <fats-lauric>0.00000</fats-lauric>
    <fats-linoleic>0.01800</fats-linoleic>
    <fats-linolenic>0.00900</fats-linolenic>
    <fats-monounsaturated>0.84200</fats-monounsaturated>
    <fats-myristic>0.07000</fats-myristic>
    <fats-palmitic>0.33000</fats-palmitic>
    <fats-polyunsaturated>0.73100</fats-polyunsaturated>
    <fats-saturated>0.49800</fats-saturated>
    <fats-stearic>0.07000</fats-stearic>
    <fats-total>2.73000</fats-total>
    <minerals-calcium>33.00000</minerals-calcium>
    <minerals-copper>0.04100</minerals-copper>
    <minerals-iron>0.36000</minerals-iron>
    <minerals-magnesium>29.00000</minerals-magnesium>
    <minerals-manganese>0.01100</minerals-manganese>
    <minerals-phosphorus>275.00000</minerals-phosphorus>
    <minerals-potassium>501.00000</minerals-potassium>
    <minerals-selenium>60.60000</minerals-selenium>
    <minerals-sodium>86.00000</minerals-sodium>
    <minerals-zinc>0.75000</minerals-zinc>
    <other-alcohol>0.00000</other-alcohol>
    <other-cost>0.0</other-cost>
    <other-water>72.82000</other-water>
    <other-weight>100.00000</other-weight>
    <protein-complete>0.00000</protein-complete>
    <protein-total>22.13000</protein-total>
    <vitamins-choline>0.00000</vitamins-choline>
    <vitamins-folate>0.00000</vitamins-folate>
    <vitamins-niacin>6.24700</vitamins-niacin>
    <vitamins-pantothenic_acid>0.48600</vitamins-pantothenic_acid>
    <vitamins-riboflavin>0.17600</vitamins-riboflavin>
    <vitamins-thiamin>0.08300</vitamins-thiamin>
    <vitamins-vitamin_a>48.00000</vitamins-vitamin_a>
    <vitamins-vitamin_b12>2.55000</vitamins-vitamin_b12>
    <vitamins-vitamin_b6>0.26600</vitamins-vitamin_b6>
    <vitamins-vitamin_c>0.00000</vitamins-vitamin_c>
    <vitamins-vitamin_d>0.00000</vitamins-vitamin_d>
    <vitamins-vitamin_e>1.05000</vitamins-vitamin_e>
    <vitamins-vitamin_k>0.00000</vitamins-vitamin_k>
</food>