<food xmlns:xsi="http://www.w3.org/2001/XMLSchema-instance" xsi:noNamespaceSchemaLocation="https://xjrga.github.io/schemas/food_v2.xsd">
    <food-id>35135</food-id>
    <food-name>Corn, white, steamed (Navajo)</food-name>
    <carbohydrates-carbs_by_diff>75.20000</carbohydrates-carbs_by_diff>
    <carbohydrates-fiber>16.60000</carbohydrates-fiber>
    <carbohydrates-glycemicindex>0.00000</carbohydrates-glycemicindex>
    <energy-gross>386.00000</energy-gross>
    <fats-cholesterol>0.00000</fats-cholesterol>
    <fats-dha>0.00000</fats-dha>
    <fats-epa>0.00000</fats-epa>
    <fats-lauric>0.00000</fats-lauric>
    <fats-linoleic>1.79300</fats-linoleic>
    <fats-linolenic>0.06900</fats-linolenic>
    <fats-monounsaturated>1.48300</fats-monounsaturated>
    <fats-myristic>0.00000</fats-myristic>
    <fats-palmitic>0.65000</fats-palmitic>
    <fats-polyunsaturated>1.86200</fats-polyunsaturated>
    <fats-saturated>0.83000</fats-saturated>
    <fats-stearic>0.13000</fats-stearic>
    <fats-total>5.18000</fats-total>
    <minerals-calcium>14.00000</minerals-calcium>
    <minerals-copper>0.23100</minerals-copper>
    <minerals-iron>2.29000</minerals-iron>
    <minerals-magnesium>123.00000</minerals-magnesium>
    <minerals-manganese>0.92600</minerals-manganese>
    <minerals-phosphorus>312.00000</minerals-phosphorus>
    <minerals-potassium>532.00000</minerals-potassium>
    <minerals-selenium>0.00000</minerals-selenium>
    <minerals-sodium>4.00000</minerals-sodium>
    <minerals-zinc>3.15000</minerals-zinc>
    <other-alcohol>0.00000</other-alcohol>
    <other-cost>0.0</other-cost>
    <other-water>8.09000</other-water>
    <other-weight>100.00000</other-weight>
    <protein-complete>0.00000</protein-complete>
    <protein-total>9.72000</protein-total>
    <vitamins-choline>0.00000</vitamins-choline>
    <vitamins-folate>0.00000</vitamins-folate>
    <vitamins-niacin>3.31000</vitamins-niacin>
    <vitamins-pantothenic_acid>0.30000</vitamins-pantothenic_acid>
    <vitamins-riboflavin>0.06700</vitamins-riboflavin>
    <vitamins-thiamin>0.08000</vitamins-thiamin>
    <vitamins-vitamin_a>0.00000</vitamins-vitamin_a>
    <vitamins-vitamin_b12>0.00000</vitamins-vitamin_b12>
    <vitamins-vitamin_b6>0.28900</vitamins-vitamin_b6>
    <vitamins-vitamin_c>0.00000</vitamins-vitamin_c>
    <vitamins-vitamin_d>0.00000</vitamins-vitamin_d>
    <vitamins-vitamin_e>0.00000</vitamins-vitamin_e>
    <vitamins-vitamin_k>0.80000</vitamins-vitamin_k>
</food>