<food xmlns:xsi="http://www.w3.org/2001/XMLSchema-instance" xsi:noNamespaceSchemaLocation="https://xjrga.github.io/schemas/food_v2.xsd">
    <food-id>35149</food-id>
    <food-name>Fish, halibut, raw, with skin (Alaska Native)</food-name>
    <carbohydrates-carbs_by_diff>1.81000</carbohydrates-carbs_by_diff>
    <carbohydrates-fiber>0.00000</carbohydrates-fiber>
    <carbohydrates-glycemicindex>0.00000</carbohydrates-glycemicindex>
    <energy-gross>116.00000</energy-gross>
    <fats-cholesterol>72.00000</fats-cholesterol>
    <fats-dha>0.39300</fats-dha>
    <fats-epa>0.21700</fats-epa>
    <fats-lauric>0.00000</fats-lauric>
    <fats-linoleic>0.01800</fats-linoleic>
    <fats-linolenic>0.00900</fats-linolenic>
    <fats-monounsaturated>1.19500</fats-monounsaturated>
    <fats-myristic>0.08000</fats-myristic>
    <fats-palmitic>0.38000</fats-palmitic>
    <fats-polyunsaturated>0.91200</fats-polyunsaturated>
    <fats-saturated>0.72600</fats-saturated>
    <fats-stearic>0.08000</fats-stearic>
    <fats-total>2.92000</fats-total>
    <minerals-calcium>20.00000</minerals-calcium>
    <minerals-copper>0.04200</minerals-copper>
    <minerals-iron>0.27000</minerals-iron>
    <minerals-magnesium>26.00000</minerals-magnesium>
    <minerals-manganese>0.01100</minerals-manganese>
    <minerals-phosphorus>244.00000</minerals-phosphorus>
    <minerals-potassium>449.00000</minerals-potassium>
    <minerals-selenium>51.10000</minerals-selenium>
    <minerals-sodium>79.00000</minerals-sodium>
    <minerals-zinc>0.61000</minerals-zinc>
    <other-alcohol>0.00000</other-alcohol>
    <other-cost>0.0</other-cost>
    <other-water>73.44000</other-water>
    <other-weight>100.00000</other-weight>
    <protein-complete>0.00000</protein-complete>
    <protein-total>20.53000</protein-total>
    <vitamins-choline>0.00000</vitamins-choline>
    <vitamins-folate>15.00000</vitamins-folate>
    <vitamins-niacin>5.76200</vitamins-niacin>
    <vitamins-pantothenic_acid>0.37700</vitamins-pantothenic_acid>
    <vitamins-riboflavin>0.07200</vitamins-riboflavin>
    <vitamins-thiamin>0.06600</vitamins-thiamin>
    <vitamins-vitamin_a>47.00000</vitamins-vitamin_a>
    <vitamins-vitamin_b12>1.78000</vitamins-vitamin_b12>
    <vitamins-vitamin_b6>0.39000</vitamins-vitamin_b6>
    <vitamins-vitamin_c>0.00000</vitamins-vitamin_c>
    <vitamins-vitamin_d>0.00000</vitamins-vitamin_d>
    <vitamins-vitamin_e>1.90000</vitamins-vitamin_e>
    <vitamins-vitamin_k>0.00000</vitamins-vitamin_k>
</food>