<food xmlns:xsi="http://www.w3.org/2001/XMLSchema-instance" xsi:noNamespaceSchemaLocation="https://xjrga.github.io/schemas/food_v2.xsd">
    <food-id>35171</food-id>
    <food-name>Fish, salmon, chum, dried (Alaska Native)</food-name>
    <carbohydrates-carbs_by_diff>0.00000</carbohydrates-carbs_by_diff>
    <carbohydrates-fiber>0.00000</carbohydrates-fiber>
    <carbohydrates-glycemicindex>0.00000</carbohydrates-glycemicindex>
    <energy-gross>378.00000</energy-gross>
    <fats-cholesterol>214.00000</fats-cholesterol>
    <fats-dha>0.95000</fats-dha>
    <fats-epa>0.61000</fats-epa>
    <fats-lauric>0.04000</fats-lauric>
    <fats-linoleic>0.12500</fats-linoleic>
    <fats-linolenic>0.11500</fats-linolenic>
    <fats-monounsaturated>5.13900</fats-monounsaturated>
    <fats-myristic>0.67000</fats-myristic>
    <fats-palmitic>1.18000</fats-palmitic>
    <fats-polyunsaturated>2.32300</fats-polyunsaturated>
    <fats-saturated>2.39500</fats-saturated>
    <fats-stearic>0.34000</fats-stearic>
    <fats-total>14.38000</fats-total>
    <minerals-calcium>155.00000</minerals-calcium>
    <minerals-copper>0.25400</minerals-copper>
    <minerals-iron>2.20000</minerals-iron>
    <minerals-magnesium>68.00000</minerals-magnesium>
    <minerals-manganese>0.07100</minerals-manganese>
    <minerals-phosphorus>650.00000</minerals-phosphorus>
    <minerals-potassium>910.00000</minerals-potassium>
    <minerals-selenium>103.80000</minerals-selenium>
    <minerals-sodium>190.00000</minerals-sodium>
    <minerals-zinc>1.40000</minerals-zinc>
    <other-alcohol>0.00000</other-alcohol>
    <other-cost>0.0</other-cost>
    <other-water>22.79000</other-water>
    <other-weight>100.00000</other-weight>
    <protein-complete>0.00000</protein-complete>
    <protein-total>62.09000</protein-total>
    <vitamins-choline>231.20000</vitamins-choline>
    <vitamins-folate>12.00000</vitamins-folate>
    <vitamins-niacin>14.65000</vitamins-niacin>
    <vitamins-pantothenic_acid>2.76000</vitamins-pantothenic_acid>
    <vitamins-riboflavin>0.46300</vitamins-riboflavin>
    <vitamins-thiamin>0.35600</vitamins-thiamin>
    <vitamins-vitamin_a>16.00000</vitamins-vitamin_a>
    <vitamins-vitamin_b12>28.60000</vitamins-vitamin_b12>
    <vitamins-vitamin_b6>0.68100</vitamins-vitamin_b6>
    <vitamins-vitamin_c>0.00000</vitamins-vitamin_c>
    <vitamins-vitamin_d>0.00000</vitamins-vitamin_d>
    <vitamins-vitamin_e>0.82000</vitamins-vitamin_e>
    <vitamins-vitamin_k>0.00000</vitamins-vitamin_k>
</food>