<food xmlns:xsi="http://www.w3.org/2001/XMLSchema-instance" xsi:noNamespaceSchemaLocation="https://xjrga.github.io/schemas/food_v2.xsd">
    <food-id>35140</food-id>
    <food-name>Bread, kneel down (Navajo)</food-name>
    <carbohydrates-carbs_by_diff>39.47000</carbohydrates-carbs_by_diff>
    <carbohydrates-fiber>0.00000</carbohydrates-fiber>
    <carbohydrates-glycemicindex>0.00000</carbohydrates-glycemicindex>
    <energy-gross>195.00000</energy-gross>
    <fats-cholesterol>0.00000</fats-cholesterol>
    <fats-dha>0.00000</fats-dha>
    <fats-epa>0.00000</fats-epa>
    <fats-lauric>0.00000</fats-lauric>
    <fats-linoleic>0.81600</fats-linoleic>
    <fats-linolenic>0.03100</fats-linolenic>
    <fats-monounsaturated>0.60300</fats-monounsaturated>
    <fats-myristic>0.00000</fats-myristic>
    <fats-palmitic>0.28000</fats-palmitic>
    <fats-polyunsaturated>0.84700</fats-polyunsaturated>
    <fats-saturated>0.35300</fats-saturated>
    <fats-stearic>0.04000</fats-stearic>
    <fats-total>2.21000</fats-total>
    <minerals-calcium>5.00000</minerals-calcium>
    <minerals-copper>0.09500</minerals-copper>
    <minerals-iron>1.11000</minerals-iron>
    <minerals-magnesium>55.00000</minerals-magnesium>
    <minerals-manganese>0.30300</minerals-manganese>
    <minerals-phosphorus>164.00000</minerals-phosphorus>
    <minerals-potassium>320.00000</minerals-potassium>
    <minerals-selenium>11.90000</minerals-selenium>
    <minerals-sodium>126.00000</minerals-sodium>
    <minerals-zinc>1.46000</minerals-zinc>
    <other-alcohol>0.00000</other-alcohol>
    <other-cost>0.0</other-cost>
    <other-water>52.96000</other-water>
    <other-weight>100.00000</other-weight>
    <protein-complete>0.00000</protein-complete>
    <protein-total>4.29000</protein-total>
    <vitamins-choline>0.00000</vitamins-choline>
    <vitamins-folate>0.00000</vitamins-folate>
    <vitamins-niacin>2.49000</vitamins-niacin>
    <vitamins-pantothenic_acid>0.35400</vitamins-pantothenic_acid>
    <vitamins-riboflavin>0.13200</vitamins-riboflavin>
    <vitamins-thiamin>0.12000</vitamins-thiamin>
    <vitamins-vitamin_a>0.00000</vitamins-vitamin_a>
    <vitamins-vitamin_b12>0.00000</vitamins-vitamin_b12>
    <vitamins-vitamin_b6>0.00000</vitamins-vitamin_b6>
    <vitamins-vitamin_c>0.00000</vitamins-vitamin_c>
    <vitamins-vitamin_d>0.00000</vitamins-vitamin_d>
    <vitamins-vitamin_e>0.00000</vitamins-vitamin_e>
    <vitamins-vitamin_k>0.30000</vitamins-vitamin_k>
</food>