<food xmlns:xsi="http://www.w3.org/2001/XMLSchema-instance" xsi:noNamespaceSchemaLocation="https://xjrga.github.io/schemas/food_v2.xsd">
    <food-id>35160</food-id>
    <food-name>Caribou, rump meat, half dried (Alaska Native)</food-name>
    <carbohydrates-carbs_by_diff>0.00000</carbohydrates-carbs_by_diff>
    <carbohydrates-fiber>0.00000</carbohydrates-fiber>
    <carbohydrates-glycemicindex>0.00000</carbohydrates-glycemicindex>
    <energy-gross>255.00000</energy-gross>
    <fats-cholesterol>141.00000</fats-cholesterol>
    <fats-dha>0.02000</fats-dha>
    <fats-epa>0.02000</fats-epa>
    <fats-lauric>0.00000</fats-lauric>
    <fats-linoleic>0.33000</fats-linoleic>
    <fats-linolenic>0.04000</fats-linolenic>
    <fats-monounsaturated>1.19000</fats-monounsaturated>
    <fats-myristic>0.04000</fats-myristic>
    <fats-palmitic>0.79000</fats-palmitic>
    <fats-polyunsaturated>0.63000</fats-polyunsaturated>
    <fats-saturated>1.55000</fats-saturated>
    <fats-stearic>0.67000</fats-stearic>
    <fats-total>5.23000</fats-total>
    <minerals-calcium>14.00000</minerals-calcium>
    <minerals-copper>0.60000</minerals-copper>
    <minerals-iron>11.00000</minerals-iron>
    <minerals-magnesium>60.00000</minerals-magnesium>
    <minerals-manganese>0.09900</minerals-manganese>
    <minerals-phosphorus>480.00000</minerals-phosphorus>
    <minerals-potassium>710.00000</minerals-potassium>
    <minerals-selenium>30.50000</minerals-selenium>
    <minerals-sodium>390.00000</minerals-sodium>
    <minerals-zinc>9.40000</minerals-zinc>
    <other-alcohol>0.00000</other-alcohol>
    <other-cost>0.0</other-cost>
    <other-water>38.04000</other-water>
    <other-weight>100.00000</other-weight>
    <protein-complete>0.00000</protein-complete>
    <protein-total>52.06000</protein-total>
    <vitamins-choline>202.70000</vitamins-choline>
    <vitamins-folate>3.00000</vitamins-folate>
    <vitamins-niacin>13.20000</vitamins-niacin>
    <vitamins-pantothenic_acid>2.94000</vitamins-pantothenic_acid>
    <vitamins-riboflavin>1.24000</vitamins-riboflavin>
    <vitamins-thiamin>0.33300</vitamins-thiamin>
    <vitamins-vitamin_a>52.00000</vitamins-vitamin_a>
    <vitamins-vitamin_b12>7.16000</vitamins-vitamin_b12>
    <vitamins-vitamin_b6>0.62000</vitamins-vitamin_b6>
    <vitamins-vitamin_c>0.00000</vitamins-vitamin_c>
    <vitamins-vitamin_d>0.00000</vitamins-vitamin_d>
    <vitamins-vitamin_e>0.09000</vitamins-vitamin_e>
    <vitamins-vitamin_k>1.10000</vitamins-vitamin_k>
</food>