<food xmlns:xsi="http://www.w3.org/2001/XMLSchema-instance" xsi:noNamespaceSchemaLocation="https://xjrga.github.io/schemas/food_v2.xsd">
    <food-id>35203</food-id>
    <food-name>Rose Hips, wild (Northern Plains Indians)</food-name>
    <carbohydrates-carbs_by_diff>38.22000</carbohydrates-carbs_by_diff>
    <carbohydrates-fiber>24.10000</carbohydrates-fiber>
    <carbohydrates-glycemicindex>0.00000</carbohydrates-glycemicindex>
    <energy-gross>162.00000</energy-gross>
    <fats-cholesterol>0.00000</fats-cholesterol>
    <fats-dha>0.00000</fats-dha>
    <fats-epa>0.00000</fats-epa>
    <fats-lauric>0.00000</fats-lauric>
    <fats-linoleic>0.00000</fats-linoleic>
    <fats-linolenic>0.00000</fats-linolenic>
    <fats-monounsaturated>0.00000</fats-monounsaturated>
    <fats-myristic>0.00000</fats-myristic>
    <fats-palmitic>0.00000</fats-palmitic>
    <fats-polyunsaturated>0.00000</fats-polyunsaturated>
    <fats-saturated>0.00000</fats-saturated>
    <fats-stearic>0.00000</fats-stearic>
    <fats-total>0.34000</fats-total>
    <minerals-calcium>169.00000</minerals-calcium>
    <minerals-copper>0.11300</minerals-copper>
    <minerals-iron>1.06000</minerals-iron>
    <minerals-magnesium>69.00000</minerals-magnesium>
    <minerals-manganese>1.02000</minerals-manganese>
    <minerals-phosphorus>61.00000</minerals-phosphorus>
    <minerals-potassium>429.00000</minerals-potassium>
    <minerals-selenium>0.00000</minerals-selenium>
    <minerals-sodium>4.00000</minerals-sodium>
    <minerals-zinc>0.25000</minerals-zinc>
    <other-alcohol>0.00000</other-alcohol>
    <other-cost>0.0</other-cost>
    <other-water>58.66000</other-water>
    <other-weight>100.00000</other-weight>
    <protein-complete>0.00000</protein-complete>
    <protein-total>1.60000</protein-total>
    <vitamins-choline>12.00000</vitamins-choline>
    <vitamins-folate>0.00000</vitamins-folate>
    <vitamins-niacin>1.30000</vitamins-niacin>
    <vitamins-pantothenic_acid>0.80000</vitamins-pantothenic_acid>
    <vitamins-riboflavin>0.16600</vitamins-riboflavin>
    <vitamins-thiamin>0.01600</vitamins-thiamin>
    <vitamins-vitamin_a>217.00000</vitamins-vitamin_a>
    <vitamins-vitamin_b12>0.00000</vitamins-vitamin_b12>
    <vitamins-vitamin_b6>0.07600</vitamins-vitamin_b6>
    <vitamins-vitamin_c>426.00000</vitamins-vitamin_c>
    <vitamins-vitamin_d>0.00000</vitamins-vitamin_d>
    <vitamins-vitamin_e>5.84000</vitamins-vitamin_e>
    <vitamins-vitamin_k>25.90000</vitamins-vitamin_k>
</food>