<food xmlns:xsi="http://www.w3.org/2001/XMLSchema-instance" xsi:noNamespaceSchemaLocation="https://xjrga.github.io/schemas/food_v2.xsd">
    <food-id>35236</food-id>
    <food-name>Stew, pinto bean and hominy, badufsuki (Hopi)</food-name>
    <carbohydrates-carbs_by_diff>5.38000</carbohydrates-carbs_by_diff>
    <carbohydrates-fiber>1.50000</carbohydrates-fiber>
    <carbohydrates-glycemicindex>0.00000</carbohydrates-glycemicindex>
    <energy-gross>32.00000</energy-gross>
    <fats-cholesterol>0.00000</fats-cholesterol>
    <fats-dha>0.00000</fats-dha>
    <fats-epa>0.00000</fats-epa>
    <fats-lauric>0.00200</fats-lauric>
    <fats-linoleic>0.08600</fats-linoleic>
    <fats-linolenic>0.03600</fats-linolenic>
    <fats-monounsaturated>0.08000</fats-monounsaturated>
    <fats-myristic>0.00000</fats-myristic>
    <fats-palmitic>0.05000</fats-palmitic>
    <fats-polyunsaturated>0.12200</fats-polyunsaturated>
    <fats-saturated>0.08500</fats-saturated>
    <fats-stearic>0.01000</fats-stearic>
    <fats-total>0.54000</fats-total>
    <minerals-calcium>7.00000</minerals-calcium>
    <minerals-copper>0.03600</minerals-copper>
    <minerals-iron>0.37000</minerals-iron>
    <minerals-magnesium>11.00000</minerals-magnesium>
    <minerals-manganese>0.05900</minerals-manganese>
    <minerals-phosphorus>25.00000</minerals-phosphorus>
    <minerals-potassium>86.00000</minerals-potassium>
    <minerals-selenium>2.20000</minerals-selenium>
    <minerals-sodium>45.00000</minerals-sodium>
    <minerals-zinc>0.18000</minerals-zinc>
    <other-alcohol>0.00000</other-alcohol>
    <other-cost>0.0</other-cost>
    <other-water>92.25000</other-water>
    <other-weight>100.00000</other-weight>
    <protein-complete>0.00000</protein-complete>
    <protein-total>1.42000</protein-total>
    <vitamins-choline>0.00000</vitamins-choline>
    <vitamins-folate>0.00000</vitamins-folate>
    <vitamins-niacin>0.09700</vitamins-niacin>
    <vitamins-pantothenic_acid>0.20000</vitamins-pantothenic_acid>
    <vitamins-riboflavin>0.00000</vitamins-riboflavin>
    <vitamins-thiamin>0.00000</vitamins-thiamin>
    <vitamins-vitamin_a>0.00000</vitamins-vitamin_a>
    <vitamins-vitamin_b12>0.00000</vitamins-vitamin_b12>
    <vitamins-vitamin_b6>0.03600</vitamins-vitamin_b6>
    <vitamins-vitamin_c>0.00000</vitamins-vitamin_c>
    <vitamins-vitamin_d>0.00000</vitamins-vitamin_d>
    <vitamins-vitamin_e>0.04000</vitamins-vitamin_e>
    <vitamins-vitamin_k>0.20000</vitamins-vitamin_k>
</food>