<food xmlns:xsi="http://www.w3.org/2001/XMLSchema-instance" xsi:noNamespaceSchemaLocation="https://xjrga.github.io/schemas/food_v2.xsd">
    <food-id>35207</food-id>
    <food-name>Pinon Nuts, roasted (Navajo)</food-name>
    <carbohydrates-carbs_by_diff>51.06000</carbohydrates-carbs_by_diff>
    <carbohydrates-fiber>43.40000</carbohydrates-fiber>
    <carbohydrates-glycemicindex>0.00000</carbohydrates-glycemicindex>
    <energy-gross>541.00000</energy-gross>
    <fats-cholesterol>0.00000</fats-cholesterol>
    <fats-dha>0.00000</fats-dha>
    <fats-epa>0.00000</fats-epa>
    <fats-lauric>0.00000</fats-lauric>
    <fats-linoleic>14.20000</fats-linoleic>
    <fats-linolenic>0.07000</fats-linolenic>
    <fats-monounsaturated>15.57000</fats-monounsaturated>
    <fats-myristic>0.00000</fats-myristic>
    <fats-palmitic>2.29000</fats-palmitic>
    <fats-polyunsaturated>14.42000</fats-polyunsaturated>
    <fats-saturated>3.21000</fats-saturated>
    <fats-stearic>0.75000</fats-stearic>
    <fats-total>34.08000</fats-total>
    <minerals-calcium>18.00000</minerals-calcium>
    <minerals-copper>0.65400</minerals-copper>
    <minerals-iron>3.53000</minerals-iron>
    <minerals-magnesium>152.00000</minerals-magnesium>
    <minerals-manganese>1.74000</minerals-manganese>
    <minerals-phosphorus>345.00000</minerals-phosphorus>
    <minerals-potassium>458.00000</minerals-potassium>
    <minerals-selenium>0.00000</minerals-selenium>
    <minerals-sodium>310.00000</minerals-sodium>
    <minerals-zinc>2.89000</minerals-zinc>
    <other-alcohol>0.00000</other-alcohol>
    <other-cost>0.0</other-cost>
    <other-water>5.00000</other-water>
    <other-weight>100.00000</other-weight>
    <protein-complete>0.00000</protein-complete>
    <protein-total>7.41000</protein-total>
    <vitamins-choline>0.00000</vitamins-choline>
    <vitamins-folate>0.00000</vitamins-folate>
    <vitamins-niacin>1.63000</vitamins-niacin>
    <vitamins-pantothenic_acid>0.79100</vitamins-pantothenic_acid>
    <vitamins-riboflavin>0.22200</vitamins-riboflavin>
    <vitamins-thiamin>0.21200</vitamins-thiamin>
    <vitamins-vitamin_a>0.00000</vitamins-vitamin_a>
    <vitamins-vitamin_b12>0.00000</vitamins-vitamin_b12>
    <vitamins-vitamin_b6>0.11600</vitamins-vitamin_b6>
    <vitamins-vitamin_c>0.00000</vitamins-vitamin_c>
    <vitamins-vitamin_d>0.00000</vitamins-vitamin_d>
    <vitamins-vitamin_e>11.30000</vitamins-vitamin_e>
    <vitamins-vitamin_k>0.00000</vitamins-vitamin_k>
</food>