<food xmlns:xsi="http://www.w3.org/2001/XMLSchema-instance" xsi:noNamespaceSchemaLocation="https://xjrga.github.io/schemas/food_v2.xsd">
    <food-id>35239</food-id>
    <food-name>Tortilla, blue corn, Sakwavikaviki (Hopi)</food-name>
    <carbohydrates-carbs_by_diff>58.12000</carbohydrates-carbs_by_diff>
    <carbohydrates-fiber>3.40000</carbohydrates-fiber>
    <carbohydrates-glycemicindex>0.00000</carbohydrates-glycemicindex>
    <energy-gross>276.00000</energy-gross>
    <fats-cholesterol>0.00000</fats-cholesterol>
    <fats-dha>0.00000</fats-dha>
    <fats-epa>0.00000</fats-epa>
    <fats-lauric>0.00400</fats-lauric>
    <fats-linoleic>0.66200</fats-linoleic>
    <fats-linolenic>0.02700</fats-linolenic>
    <fats-monounsaturated>0.22900</fats-monounsaturated>
    <fats-myristic>0.00400</fats-myristic>
    <fats-palmitic>0.22000</fats-palmitic>
    <fats-polyunsaturated>0.68900</fats-polyunsaturated>
    <fats-saturated>0.28700</fats-saturated>
    <fats-stearic>0.02000</fats-stearic>
    <fats-total>1.40000</fats-total>
    <minerals-calcium>174.00000</minerals-calcium>
    <minerals-copper>0.12600</minerals-copper>
    <minerals-iron>2.89000</minerals-iron>
    <minerals-magnesium>32.00000</minerals-magnesium>
    <minerals-manganese>0.60400</minerals-manganese>
    <minerals-phosphorus>339.00000</minerals-phosphorus>
    <minerals-potassium>132.00000</minerals-potassium>
    <minerals-selenium>8.80000</minerals-selenium>
    <minerals-sodium>663.00000</minerals-sodium>
    <minerals-zinc>0.68000</minerals-zinc>
    <other-alcohol>0.00000</other-alcohol>
    <other-cost>0.0</other-cost>
    <other-water>29.89000</other-water>
    <other-weight>100.00000</other-weight>
    <protein-complete>0.00000</protein-complete>
    <protein-total>7.83000</protein-total>
    <vitamins-choline>0.00000</vitamins-choline>
    <vitamins-folate>0.00000</vitamins-folate>
    <vitamins-niacin>3.93000</vitamins-niacin>
    <vitamins-pantothenic_acid>0.62000</vitamins-pantothenic_acid>
    <vitamins-riboflavin>0.17000</vitamins-riboflavin>
    <vitamins-thiamin>0.38700</vitamins-thiamin>
    <vitamins-vitamin_a>0.00000</vitamins-vitamin_a>
    <vitamins-vitamin_b12>0.00000</vitamins-vitamin_b12>
    <vitamins-vitamin_b6>0.11100</vitamins-vitamin_b6>
    <vitamins-vitamin_c>0.00000</vitamins-vitamin_c>
    <vitamins-vitamin_d>0.00000</vitamins-vitamin_d>
    <vitamins-vitamin_e>0.17000</vitamins-vitamin_e>
    <vitamins-vitamin_k>0.00000</vitamins-vitamin_k>
</food>