<food xmlns:xsi="http://www.w3.org/2001/XMLSchema-instance" xsi:noNamespaceSchemaLocation="https://xjrga.github.io/schemas/food_v2.xsd">
    <food-id>35232</food-id>
    <food-name>Wocas, dried seeds, Oregon, yellow pond lily (Klamath)</food-name>
    <carbohydrates-carbs_by_diff>80.02000</carbohydrates-carbs_by_diff>
    <carbohydrates-fiber>19.20000</carbohydrates-fiber>
    <carbohydrates-glycemicindex>0.00000</carbohydrates-glycemicindex>
    <energy-gross>361.00000</energy-gross>
    <fats-cholesterol>0.00000</fats-cholesterol>
    <fats-dha>0.00000</fats-dha>
    <fats-epa>0.00000</fats-epa>
    <fats-lauric>0.00200</fats-lauric>
    <fats-linoleic>0.14400</fats-linoleic>
    <fats-linolenic>0.00900</fats-linolenic>
    <fats-monounsaturated>0.10000</fats-monounsaturated>
    <fats-myristic>0.00400</fats-myristic>
    <fats-palmitic>0.08000</fats-palmitic>
    <fats-polyunsaturated>0.16100</fats-polyunsaturated>
    <fats-saturated>0.14700</fats-saturated>
    <fats-stearic>0.02000</fats-stearic>
    <fats-total>1.07000</fats-total>
    <minerals-calcium>27.00000</minerals-calcium>
    <minerals-copper>0.07300</minerals-copper>
    <minerals-iron>1.47000</minerals-iron>
    <minerals-magnesium>86.00000</minerals-magnesium>
    <minerals-manganese>0.93700</minerals-manganese>
    <minerals-phosphorus>229.00000</minerals-phosphorus>
    <minerals-potassium>553.00000</minerals-potassium>
    <minerals-selenium>0.70000</minerals-selenium>
    <minerals-sodium>25.00000</minerals-sodium>
    <minerals-zinc>6.33000</minerals-zinc>
    <other-alcohol>0.00000</other-alcohol>
    <other-cost>0.0</other-cost>
    <other-water>9.36000</other-water>
    <other-weight>100.00000</other-weight>
    <protein-complete>0.00000</protein-complete>
    <protein-total>7.90000</protein-total>
    <vitamins-choline>0.00000</vitamins-choline>
    <vitamins-folate>5.00000</vitamins-folate>
    <vitamins-niacin>4.19000</vitamins-niacin>
    <vitamins-pantothenic_acid>1.30000</vitamins-pantothenic_acid>
    <vitamins-riboflavin>0.07000</vitamins-riboflavin>
    <vitamins-thiamin>0.03000</vitamins-thiamin>
    <vitamins-vitamin_a>0.00000</vitamins-vitamin_a>
    <vitamins-vitamin_b12>0.00000</vitamins-vitamin_b12>
    <vitamins-vitamin_b6>0.95700</vitamins-vitamin_b6>
    <vitamins-vitamin_c>0.00000</vitamins-vitamin_c>
    <vitamins-vitamin_d>0.00000</vitamins-vitamin_d>
    <vitamins-vitamin_e>35.64000</vitamins-vitamin_e>
    <vitamins-vitamin_k>0.00000</vitamins-vitamin_k>
</food>